Date,Price,Daily_Return,MA_7,MA_30,Volatility_30,Is_Anomaly,Year,Month,Price_Range,Momentum_7,Price_Lag_1,Price_Lag_7,Price_Lag_30,Price_vs_MA30,MA_90
2011-01-01,2069,,,,,False,2011,1,1482,,,,,,
2011-01-02,2069,0.0,,,,False,2011,1,1482,,2069.0,,,,
2011-01-03,2076,0.3383276945384317,,,,False,2011,1,1482,,2069.0,,,,
2011-01-04,2076,0.0,,,,False,2011,1,1482,,2076.0,,,,
2011-01-05,2049,-1.3005780346820761,,,,True,2011,1,1482,,2076.0,,,,
2011-01-06,2043,-0.2928257686676372,,,,False,2011,1,1482,,2049.0,,,,
2011-01-07,2035,-0.39158100832109577,2059.5714285714284,,,False,2011,1,1482,,2043.0,,,,
2011-01-08,2024,-0.540540540540535,2053.1428571428573,,,False,2011,1,1482,-45.0,2035.0,2069.0,,,
2011-01-09,2024,0.0,2046.7142857142858,,,False,2011,1,1482,-45.0,2024.0,2069.0,,,
2011-01-10,2045,1.037549407114624,2042.2857142857142,,,False,2011,1,1482,-31.0,2024.0,2076.0,,,
2011-01-11,2042,-0.14669926650366927,2037.4285714285713,,,False,2011,1,1482,-34.0,2045.0,2076.0,,,
2011-01-12,2047,0.24485798237021683,2037.142857142857,,,False,2011,1,1482,-2.0,2042.0,2049.0,,,
2011-01-13,2045,-0.09770395701026446,2037.4285714285713,,,False,2011,1,1482,2.0,2047.0,2043.0,,,
2011-01-14,2039,-0.29339853300733854,2038.0,,,False,2011,1,1482,4.0,2045.0,2035.0,,,
2011-01-15,2031,-0.3923491907797949,2039.0,,,False,2011,1,1482,7.0,2039.0,2024.0,,,
2011-01-16,2031,0.0,2040.0,,,False,2011,1,1482,7.0,2031.0,2024.0,,,
2011-01-17,2029,-0.0984736582964052,2037.7142857142858,,,False,2011,1,1482,-16.0,2031.0,2045.0,,,
2011-01-18,2033,0.19714144898965724,2036.4285714285713,,,False,2011,1,1482,-9.0,2029.0,2042.0,,,
2011-01-19,2037,0.1967535661583808,2035.0,,,False,2011,1,1482,-10.0,2033.0,2047.0,,,
2011-01-20,2036,-0.04909180166912108,2033.7142857142858,,,False,2011,1,1482,-9.0,2037.0,2045.0,,,
2011-01-21,2011,-1.2278978388998052,2029.7142857142858,,,True,2011,1,1482,-28.0,2036.0,2039.0,,,
2011-01-22,2006,-0.24863252113376255,2026.142857142857,,,False,2011,1,1482,-25.0,2011.0,2031.0,,,
2011-01-23,2006,0.0,2022.5714285714287,,,False,2011,1,1482,-25.0,2006.0,2031.0,,,
2011-01-24,2012,0.29910269192423566,2020.142857142857,,,False,2011,1,1482,-17.0,2006.0,2029.0,,,
2011-01-25,1982,-1.491053677932408,2012.857142857143,,,True,2011,1,1482,-51.0,2012.0,2033.0,,,
2011-01-26,1991,0.4540867810292726,2006.2857142857142,,,False,2011,1,1482,-46.0,1982.0,2037.0,,,
2011-01-27,1996,0.2511300853842213,2000.5714285714287,,,False,2011,1,1482,-40.0,1991.0,2036.0,,,
2011-01-28,1957,-1.9539078156312617,1992.857142857143,,,True,2011,1,1482,-54.0,1996.0,2011.0,,,
2011-01-29,1961,0.20439448134901284,1986.4285714285713,,,False,2011,1,1482,-45.0,1957.0,2006.0,,,
2011-01-30,1961,0.0,1980.0,2025.4333333333334,,False,2011,1,1482,-45.0,1961.0,2006.0,,-64.4333333333334,
2011-01-31,1998,1.8867924528301883,1978.0,2023.0666666666666,0.719598935908208,True,2011,1,1482,-14.0,1961.0,2012.0,2069.0,-25.066666666666606,
2011-02-01,1993,-0.25025025025025016,1979.5714285714287,2020.5333333333333,0.7196844852856386,False,2011,2,1482,11.0,1998.0,1982.0,2069.0,-27.533333333333303,
2011-02-02,1982,-0.5519317611640706,1978.2857142857142,2017.4,0.71839524964799,False,2011,2,1482,-9.0,1993.0,1991.0,2076.0,-35.40000000000009,
2011-02-03,1978,-0.20181634712411745,1975.7142857142858,2014.1333333333334,0.7178691204824057,False,2011,2,1482,-18.0,1982.0,1996.0,2076.0,-36.13333333333344,
2011-02-04,2006,1.415571284125372,1982.7142857142858,2012.7,0.7398167753926543,True,2011,2,1482,49.0,1978.0,1957.0,2049.0,-6.7000000000000455,
2011-02-05,2004,-0.09970089730807485,1988.857142857143,2011.4,0.7386325206342927,False,2011,2,1482,43.0,2006.0,1961.0,2043.0,-7.400000000000091,
2011-02-06,2004,0.0,1995.0,2010.3666666666666,0.7360553941441873,False,2011,2,1482,43.0,2004.0,1961.0,2035.0,-6.366666666666561,
2011-02-07,2020,0.7984031936127733,1998.142857142857,2010.2333333333333,0.7457240450817328,False,2011,2,1482,22.0,2004.0,1998.0,2024.0,9.766666666666652,
2011-02-08,2016,-0.1980198019801982,2001.4285714285713,2009.9666666666667,0.7465641940263569,False,2011,2,1482,23.0,2020.0,1993.0,2024.0,6.033333333333303,
2011-02-09,2033,0.8432539682539764,2008.7142857142858,2009.5666666666666,0.7379517981422549,False,2011,2,1482,51.0,2016.0,1982.0,2045.0,23.433333333333394,
2011-02-10,2038,0.24594195769798155,2017.2857142857142,2009.4333333333334,0.7390528847979451,False,2011,2,1482,60.0,2033.0,1978.0,2042.0,28.566666666666606,
2011-02-11,2046,0.39254170755642637,2023.0,2009.4,0.7412555127358484,False,2011,2,1482,40.0,2038.0,2006.0,2047.0,36.59999999999991,
2011-02-12,2042,-0.19550342130987275,2028.4285714285713,2009.3,0.7419194675251313,False,2011,2,1482,38.0,2046.0,2004.0,2045.0,32.700000000000045,
2011-02-13,2042,0.0,2033.857142857143,2009.4,0.7398799319951742,False,2011,2,1482,38.0,2042.0,2004.0,2039.0,32.59999999999991,
2011-02-14,2031,-0.5386875612144904,2035.4285714285713,2009.4,0.7430827964561679,False,2011,2,1482,11.0,2042.0,2020.0,2031.0,21.59999999999991,
2011-02-15,2038,0.3446578040374293,2038.5714285714287,2009.6333333333334,0.7456997884898211,False,2011,2,1482,22.0,2031.0,2016.0,2031.0,28.36666666666656,
2011-02-16,2049,0.5397448478900779,2040.857142857143,2010.3,0.7514572636013896,False,2011,2,1482,16.0,2038.0,2033.0,2029.0,38.700000000000045,
2011-02-17,2052,0.14641288433381305,2042.857142857143,2010.9333333333334,0.7511378447901101,False,2011,2,1482,14.0,2049.0,2038.0,2033.0,41.066666666666606,
2011-02-18,2052,0.0,2043.7142857142858,2011.4333333333334,0.7505241752985177,False,2011,2,1482,6.0,2052.0,2046.0,2037.0,40.566666666666606,
2011-02-19,2056,0.19493177387914784,2045.7142857142858,2012.1,0.7509911993101421,False,2011,2,1482,14.0,2052.0,2042.0,2036.0,43.90000000000009,
2011-02-20,2056,0.0,2047.7142857142858,2013.6,0.7122310510160489,False,2011,2,1482,14.0,2056.0,2042.0,2011.0,42.40000000000009,
2011-02-21,2066,0.4863813229571967,2052.714285714286,2015.6,0.7133111661053868,False,2011,2,1482,35.0,2056.0,2031.0,2006.0,50.40000000000009,
2011-02-22,2074,0.38722168441431837,2057.8571428571427,2017.8666666666666,0.7149268069753328,False,2011,2,1482,36.0,2066.0,2038.0,2006.0,56.13333333333344,
2011-02-23,2074,0.0,2061.4285714285716,2019.9333333333334,0.7143368112535942,False,2011,2,1482,25.0,2074.0,2049.0,2012.0,54.066666666666606,
2011-02-24,2095,1.0125361620057838,2067.5714285714284,2023.7,0.6662275362517319,False,2011,2,1482,43.0,2074.0,2052.0,1982.0,71.29999999999995,
2011-02-25,2092,-0.14319809069212042,2073.285714285714,2027.0666666666666,0.6668992889282302,False,2011,2,1482,40.0,2095.0,2052.0,1991.0,64.9333333333334,
2011-02-26,2085,-0.33460803059273125,2077.4285714285716,2030.0333333333333,0.6729054617316541,False,2011,2,1482,29.0,2092.0,2056.0,1996.0,54.9666666666667,
2011-02-27,2085,0.0,2081.5714285714284,2034.3,0.544851493950649,False,2011,2,1482,29.0,2085.0,2056.0,1957.0,50.700000000000045,
2011-02-28,2110,1.1990407673860837,2087.8571428571427,2039.2666666666667,0.5738131162238168,True,2011,2,1482,44.0,2085.0,2066.0,1961.0,70.73333333333335,
2011-03-01,2093,-0.805687203791472,2090.5714285714284,2043.6666666666667,0.6037943315798884,False,2011,3,1482,19.0,2110.0,2074.0,1961.0,49.33333333333326,
2011-03-02,2107,0.6688963210702337,2095.285714285714,2047.3,0.5233914602828212,False,2011,3,1482,33.0,2093.0,2074.0,1998.0,59.700000000000045,
2011-03-03,2097,-0.47460844803037805,2095.5714285714284,2050.766666666667,0.531273126638958,False,2011,3,1482,2.0,2107.0,2095.0,1993.0,46.23333333333312,
2011-03-04,2088,-0.42918454935622075,2095.0,2054.3,0.5259591347846665,False,2011,3,1482,-4.0,2097.0,2092.0,1982.0,33.69999999999982,
2011-03-05,2088,0.0,2095.4285714285716,2057.9666666666667,0.52224889296383,False,2011,3,1482,3.0,2088.0,2085.0,1978.0,30.033333333333303,
2011-03-06,2088,0.0,2095.8571428571427,2060.7,0.46807967243569226,False,2011,3,1482,3.0,2088.0,2085.0,2006.0,27.300000000000182,
2011-03-07,2124,1.724137931034475,2097.8571428571427,2064.7,0.5481749271085634,True,2011,3,1482,14.0,2088.0,2110.0,2004.0,59.30000000000018,
2011-03-08,2103,-0.9887005649717562,2099.285714285714,2068.0,0.5885656786300115,False,2011,3,1482,10.0,2124.0,2093.0,2004.0,35.0,
2011-03-09,2101,-0.09510223490252212,2098.4285714285716,2070.7,0.5777872588867468,False,2011,3,1482,-6.0,2103.0,2107.0,2020.0,30.300000000000182,
2011-03-10,2108,0.33317467872442386,2100.0,2073.766666666667,0.5754358094224279,False,2011,3,1482,11.0,2101.0,2097.0,2016.0,34.23333333333312,
2011-03-11,2090,-0.8538899430740043,2100.285714285714,2075.6666666666665,0.5882582948416846,False,2011,3,1482,2.0,2108.0,2088.0,2033.0,14.333333333333485,
2011-03-12,2086,-0.191387559808609,2100.0,2077.266666666667,0.589776923890112,False,2011,3,1482,-2.0,2090.0,2088.0,2038.0,8.733333333333121,
2011-03-13,2086,0.0,2099.714285714286,2078.6,0.5869354293672834,False,2011,3,1482,-2.0,2086.0,2088.0,2046.0,7.400000000000091,
2011-03-14,2101,0.7190795781399917,2096.4285714285716,2080.5666666666666,0.5965460489358813,False,2011,3,1482,-23.0,2086.0,2124.0,2042.0,20.433333333333394,
2011-03-15,2092,-0.4283674440742513,2094.8571428571427,2082.233333333333,0.6040204777640319,False,2011,3,1482,-11.0,2101.0,2103.0,2042.0,9.766666666666879,
2011-03-16,2064,-1.3384321223709361,2089.5714285714284,2083.3333333333335,0.6483963820173428,True,2011,3,1482,-37.0,2092.0,2101.0,2031.0,-19.333333333333485,
2011-03-17,2058,-0.29069767441860517,2082.4285714285716,2084.0,0.6490110206235481,False,2011,3,1482,-50.0,2064.0,2108.0,2038.0,-26.0,
2011-03-18,2078,0.9718172983479212,2080.714285714286,2084.9666666666667,0.6651998588411482,False,2011,3,1482,-12.0,2058.0,2090.0,2049.0,-6.966666666666697,
2011-03-19,2085,0.336862367661217,2080.5714285714284,2086.0666666666666,0.6670678018898898,False,2011,3,1482,-1.0,2078.0,2086.0,2052.0,-1.066666666666606,
2011-03-20,2085,0.0,2080.4285714285716,2087.1666666666665,0.6670678018898898,False,2011,3,1482,-1.0,2085.0,2086.0,2052.0,-2.166666666666515,
2011-03-21,2097,0.575539568345329,2079.8571428571427,2088.5333333333333,0.6734035193218278,False,2011,3,1482,-4.0,2085.0,2101.0,2056.0,8.466666666666697,
2011-03-22,2096,-0.04768717215068996,2080.4285714285716,2089.866666666667,0.6736258818904265,False,2011,3,1482,4.0,2097.0,2092.0,2056.0,6.133333333333212,
2011-03-23,2092,-0.1908396946564861,2084.4285714285716,2090.733333333333,0.6704073565985266,False,2011,3,1482,28.0,2096.0,2064.0,2066.0,1.2666666666668789,
2011-03-24,2098,0.2868068833651982,2090.1428571428573,2091.5333333333333,0.6688828901439142,False,2011,3,1482,40.0,2092.0,2058.0,2074.0,6.466666666666697,
2011-03-25,2087,-0.524308865586276,2091.4285714285716,2091.9666666666667,0.6767811311580114,False,2011,3,1482,9.0,2098.0,2078.0,2074.0,-4.966666666666697,
2011-03-26,2086,-0.04791566842357042,2091.5714285714284,2091.6666666666665,0.6505009872888945,False,2011,3,1482,1.0,2087.0,2085.0,2095.0,-5.666666666666515,
2011-03-27,2086,0.0,2091.714285714286,2091.4666666666667,0.6500326367690917,False,2011,3,1482,1.0,2086.0,2085.0,2092.0,-5.466666666666697,
2011-03-28,2077,-0.4314477468839839,2088.8571428571427,2091.2,0.6519504691615863,False,2011,3,1482,-20.0,2086.0,2097.0,2085.0,-14.199999999999818,
2011-03-29,2070,-0.3370245546461259,2085.1428571428573,2090.7,0.6546567231412432,False,2011,3,1482,-26.0,2077.0,2096.0,2085.0,-20.699999999999818,
2011-03-30,2068,-0.09661835748792091,2081.714285714286,2089.3,0.6127204264362448,False,2011,3,1482,-24.0,2070.0,2092.0,2110.0,-21.300000000000182,
2011-03-31,2073,0.24177949709864865,2078.1428571428573,2088.633333333333,0.5987537796406744,False,2011,3,1482,-25.0,2068.0,2098.0,2093.0,-15.633333333333212,2052.5777777777776
2011-04-01,2068,-0.2411963338157297,2075.4285714285716,2087.3333333333335,0.5850058316368875,False,2011,4,1482,-19.0,2073.0,2087.0,2107.0,-19.333333333333485,2052.5666666666666
2011-04-02,2070,0.09671179883945502,2073.1428571428573,2086.4333333333334,0.5803445673745503,False,2011,4,1482,-16.0,2068.0,2086.0,2097.0,-16.433333333333394,2052.5777777777776
2011-04-03,2070,0.0,2070.8571428571427,2085.8333333333335,0.5757313715396898,False,2011,4,1482,-16.0,2070.0,2086.0,2088.0,-15.833333333333485,2052.511111111111
2011-04-04,2069,-0.04830917874396601,2069.714285714286,2085.2,0.5757200655520349,False,2011,4,1482,-8.0,2070.0,2077.0,2088.0,-16.199999999999818,2052.4333333333334
2011-04-05,2103,1.643305944900919,2074.4285714285716,2085.7,0.6517210301480243,True,2011,4,1482,33.0,2069.0,2070.0,2088.0,17.300000000000182,2053.0333333333333
2011-04-06,2117,0.6657156443176326,2081.4285714285716,2085.4666666666667,0.5814814400905735,False,2011,4,1482,49.0,2103.0,2068.0,2124.0,31.533333333333303,2053.8555555555554
2011-04-07,2117,0.0,2087.714285714286,2085.9333333333334,0.5512967952620016,False,2011,4,1482,44.0,2117.0,2073.0,2103.0,31.066666666666606,2054.766666666667
2011-04-08,2122,0.2361832782239004,2095.4285714285716,2086.633333333333,0.5521546871005205,False,2011,4,1482,54.0,2117.0,2068.0,2101.0,35.36666666666679,2055.8555555555554
2011-04-09,2130,0.37700282752120007,2104.0,2087.366666666667,0.553029134591155,False,2011,4,1482,60.0,2122.0,2070.0,2108.0,42.63333333333321,2057.0333333333333
2011-04-10,2130,0.0,2112.5714285714284,2088.7,0.5270061967920425,False,2011,4,1482,60.0,2130.0,2070.0,2090.0,41.30000000000018,2057.9777777777776
2011-04-11,2142,0.5633802816901401,2123.0,2090.5666666666666,0.5323553790720265,False,2011,4,1482,73.0,2130.0,2069.0,2086.0,51.433333333333394,2059.088888888889
2011-04-12,2130,-0.5602240896358524,2126.8571428571427,2092.0333333333333,0.5452797913459535,False,2011,4,1482,27.0,2142.0,2103.0,2086.0,37.9666666666667,2060.011111111111
2011-04-13,2129,-0.046948356807507974,2128.5714285714284,2092.9666666666667,0.5316523749481443,False,2011,4,1482,12.0,2130.0,2117.0,2101.0,36.0333333333333,2060.9444444444443
2011-04-14,2126,-0.14091122592766459,2129.8571428571427,2094.1,0.5253706710600534,False,2011,4,1482,9.0,2129.0,2117.0,2092.0,31.90000000000009,2061.911111111111
2011-04-15,2151,1.175917215428024,2134.0,2097.0,0.4950813237720966,True,2011,4,1482,29.0,2126.0,2122.0,2064.0,54.0,2063.2444444444445
2011-04-16,2149,-0.09298000929800487,2136.714285714286,2100.0333333333333,0.4904597596638421,False,2011,4,1482,19.0,2151.0,2130.0,2058.0,48.9666666666667,2064.5555555555557
2011-04-17,2149,0.0,2139.4285714285716,2102.4,0.46545625856059714,False,2011,4,1482,19.0,2149.0,2130.0,2078.0,46.59999999999991,2065.8888888888887
2011-04-18,2157,0.37226617031176357,2141.5714285714284,2104.8,0.46608762466566545,False,2011,4,1482,15.0,2149.0,2142.0,2085.0,52.19999999999982,2067.266666666667
2011-04-19,2179,1.0199350950394148,2148.5714285714284,2107.9333333333334,0.493837259708462,False,2011,4,1482,49.0,2157.0,2130.0,2085.0,71.0666666666666,2068.8444444444444
2011-04-20,2182,0.13767783386875454,2156.1428571428573,2110.766666666667,0.4871997764050892,False,2011,4,1482,53.0,2179.0,2129.0,2097.0,71.23333333333312,2070.4666666666667
2011-04-21,2187,0.22914757103573713,2164.8571428571427,2113.8,0.48626702051631576,False,2011,4,1482,61.0,2182.0,2126.0,2096.0,73.19999999999982,2072.4222222222224
2011-04-22,2189,0.09144947416552807,2170.285714285714,2117.0333333333333,0.48230122157270466,False,2011,4,1482,38.0,2187.0,2151.0,2092.0,71.9666666666667,2074.4555555555557
2011-04-23,2189,0.0,2176.0,2120.0666666666666,0.4823858945062846,False,2011,4,1482,40.0,2189.0,2149.0,2098.0,68.9333333333334,2076.488888888889
2011-04-24,2189,0.0,2181.714285714286,2123.4666666666667,0.4666251544038364,False,2011,4,1482,40.0,2189.0,2149.0,2087.0,65.5333333333333,2078.4555555555557
2011-04-25,2211,1.005025125628145,2189.4285714285716,2127.633333333333,0.48946946123273705,False,2011,4,1482,54.0,2189.0,2157.0,2086.0,83.36666666666679,2081.0
2011-04-26,2191,-0.9045680687471691,2191.1428571428573,2131.133333333333,0.5282428150960496,False,2011,4,1482,12.0,2211.0,2179.0,2086.0,59.86666666666679,2083.222222222222
2011-04-27,2192,0.045641259698769865,2192.5714285714284,2134.9666666666667,0.5167176088211675,False,2011,4,1482,10.0,2191.0,2182.0,2077.0,57.0333333333333,2085.4
2011-04-28,2217,1.1405109489051046,2196.8571428571427,2139.866666666667,0.5356988548273199,True,2011,4,1482,30.0,2192.0,2187.0,2070.0,77.13333333333321,2088.288888888889
2011-04-29,2227,0.4510599909788082,2202.285714285714,2145.1666666666665,0.5335002488426684,False,2011,4,1482,38.0,2217.0,2189.0,2068.0,81.83333333333348,2091.2444444444445
2011-04-30,2224,-0.13471037269869868,2207.285714285714,2150.2,0.5380743996335351,False,2011,4,1482,35.0,2227.0,2189.0,2073.0,73.80000000000018,2094.1666666666665
2011-05-01,2224,0.0,2212.285714285714,2155.4,0.5324705199893429,False,2011,5,1482,35.0,2224.0,2189.0,2068.0,68.59999999999991,2096.677777777778
2011-05-02,2253,1.3039568345323715,2218.285714285714,2161.5,0.565541262736489,True,2011,5,1482,42.0,2224.0,2211.0,2070.0,91.5,2099.5666666666666
2011-05-03,2253,0.0,2227.1428571428573,2167.6,0.565541262736489,False,2011,5,1482,62.0,2253.0,2191.0,2070.0,85.40000000000009,2102.5777777777776
2011-05-04,2237,-0.710164225477139,2233.5714285714284,2173.2,0.5912879658571232,False,2011,5,1482,45.0,2253.0,2192.0,2069.0,63.80000000000018,2105.4555555555557
2011-05-05,2214,-1.0281627179257957,2233.1428571428573,2176.9,0.5771215849026636,False,2011,5,1482,-3.0,2237.0,2217.0,2103.0,37.09999999999991,2107.766666666667
2011-05-06,2174,-1.8066847335139968,2225.5714285714284,2178.8,0.6729414727023468,True,2011,5,1482,-53.0,2214.0,2227.0,2117.0,-4.800000000000182,2109.6555555555556
2011-05-07,2170,-0.18399264029438367,2217.8571428571427,2180.5666666666666,0.6746337960645735,False,2011,5,1482,-54.0,2174.0,2224.0,2117.0,-10.566666666666606,2111.5
2011-05-08,2170,0.0,2210.1428571428573,2182.1666666666665,0.6741825373477689,False,2011,5,1482,-54.0,2170.0,2224.0,2122.0,-12.166666666666515,2113.1666666666665
2011-05-09,2193,1.0599078341013923,2201.5714285714284,2184.266666666667,0.6958495624526225,False,2011,5,1482,-60.0,2170.0,2253.0,2130.0,8.733333333333121,2115.133333333333
2011-05-10,2204,0.5015959872320952,2194.5714285714284,2186.733333333333,0.6993922231594251,False,2011,5,1482,-49.0,2193.0,2253.0,2130.0,17.26666666666688,2117.0333333333333
2011-05-11,2225,0.9528130671506263,2192.8571428571427,2189.5,0.7114864419415241,False,2011,5,1482,-12.0,2204.0,2237.0,2142.0,35.5,2119.1111111111113
2011-05-12,2197,-1.2584269662921366,2190.4285714285716,2191.733333333333,0.7454274802354396,True,2011,5,1482,-17.0,2225.0,2214.0,2130.0,5.266666666666879,2120.788888888889
2011-05-13,2203,0.273099681383715,2194.5714285714284,2194.2,0.7454535815697525,False,2011,5,1482,29.0,2197.0,2174.0,2129.0,8.800000000000182,2122.5777777777776
2011-05-14,2210,0.3177485247390033,2200.285714285714,2197.0,0.7446921078041525,False,2011,5,1482,40.0,2203.0,2170.0,2126.0,13.0,2124.4444444444443
2011-05-15,2210,0.0,2206.0,2198.9666666666667,0.7183275596407134,False,2011,5,1482,40.0,2210.0,2170.0,2151.0,11.033333333333303,2126.4333333333334
2011-05-16,2192,-0.8144796380090469,2205.8571428571427,2200.4,0.7366054688230715,False,2011,5,1482,-1.0,2210.0,2193.0,2149.0,-8.400000000000091,2128.1444444444446
2011-05-17,2197,0.22810218978102093,2204.8571428571427,2202.0,0.7370491323500984,False,2011,5,1482,-7.0,2192.0,2204.0,2149.0,-5.0,2129.788888888889
2011-05-18,2192,-0.2275830678197588,2200.1428571428573,2203.1666666666665,0.736879398443259,False,2011,5,1482,-33.0,2197.0,2225.0,2157.0,-11.166666666666515,2131.3444444444444
2011-05-19,2192,0.0,2199.4285714285716,2203.6,0.7140617385227703,False,2011,5,1482,-5.0,2192.0,2197.0,2179.0,-11.599999999999909,2132.9
2011-05-20,2191,-0.045620437956206406,2197.714285714286,2203.9,0.7138246086248542,False,2011,5,1482,-12.0,2192.0,2203.0,2182.0,-12.900000000000091,2134.4
2011-05-21,2193,0.09128251939753973,2195.285714285714,2204.1,0.7128494465225841,False,2011,5,1482,-17.0,2191.0,2210.0,2187.0,-11.099999999999909,2135.9222222222224
2011-05-22,2193,0.0,2192.8571428571427,2204.233333333333,0.7126916997421546,False,2011,5,1482,-17.0,2193.0,2210.0,2189.0,-11.233333333333121,2137.3333333333335
2011-05-23,2221,1.276789785681709,2197.0,2205.3,0.7493442258400405,True,2011,5,1482,29.0,2193.0,2192.0,2189.0,15.699999999999818,2138.9666666666667
2011-05-24,2234,0.5853219270598897,2202.285714285714,2206.8,0.7555619647920905,False,2011,5,1482,37.0,2221.0,2197.0,2189.0,27.199999999999818,2140.7444444444445
2011-05-25,2243,0.40286481647269223,2209.5714285714284,2207.866666666667,0.7376693072863884,False,2011,5,1482,51.0,2234.0,2192.0,2211.0,35.13333333333321,2142.3888888888887
2011-05-26,2252,0.40124832813197564,2218.1428571428573,2209.9,0.7176215897746744,False,2011,5,1482,60.0,2243.0,2192.0,2191.0,42.09999999999991,2144.1666666666665
2011-05-27,2241,-0.4884547069271772,2225.285714285714,2211.5333333333333,0.7254469106405086,False,2011,5,1482,50.0,2252.0,2191.0,2192.0,29.466666666666697,2145.9
2011-05-28,2240,-0.044622936189198104,2232.0,2212.3,0.697213802918595,False,2011,5,1482,47.0,2241.0,2193.0,2217.0,27.699999999999818,2147.6222222222223
2011-05-29,2240,0.0,2238.714285714286,2212.733333333333,0.6928211486856626,False,2011,5,1482,47.0,2240.0,2193.0,2227.0,27.26666666666688,2149.0666666666666
2011-05-30,2249,0.4017857142857073,2242.714285714286,2213.5666666666666,0.6955625409503327,False,2011,5,1482,28.0,2240.0,2221.0,2224.0,35.433333333333394,2150.8
2011-05-31,2242,-0.3112494441974256,2243.8571428571427,2214.1666666666665,0.6984888840903393,False,2011,5,1482,8.0,2249.0,2234.0,2224.0,27.833333333333485,2152.3
2011-06-01,2231,-0.4906333630686932,2242.1428571428573,2213.4333333333334,0.6614173274153272,False,2011,6,1482,-12.0,2242.0,2243.0,2253.0,17.566666666666606,2153.788888888889
2011-06-02,2241,0.44822949350067365,2240.5714285714284,2213.0333333333333,0.6671696102418045,False,2011,6,1482,-11.0,2231.0,2252.0,2253.0,27.966666666666697,2155.488888888889
2011-06-03,2225,-0.7139669790272252,2238.285714285714,2212.633333333333,0.6673064627692903,False,2011,6,1482,-16.0,2241.0,2241.0,2237.0,12.366666666666788,2157.011111111111
2011-06-04,2222,-0.1348314606741563,2235.714285714286,2212.9,0.6399427256647138,False,2011,6,1482,-18.0,2225.0,2240.0,2214.0,9.099999999999909,2158.5
2011-06-05,2222,0.0,2233.1428571428573,2214.5,0.5398832628449296,False,2011,6,1482,-18.0,2222.0,2240.0,2174.0,7.5,2159.588888888889
2011-06-06,2272,2.25022502250225,2236.4285714285716,2217.9,0.6675612114054257,True,2011,6,1482,23.0,2222.0,2249.0,2170.0,54.09999999999991,2161.4666666666667
2011-06-07,2268,-0.17605633802817433,2240.1428571428573,2221.1666666666665,0.6697444721944559,False,2011,6,1482,26.0,2272.0,2242.0,2170.0,46.833333333333485,2163.322222222222
2011-06-08,2257,-0.4850088183421475,2243.8571428571427,2223.3,0.6565947001379632,False,2011,6,1482,26.0,2268.0,2231.0,2193.0,33.69999999999982,2164.9777777777776
2011-06-09,2254,-0.13291980505095724,2245.714285714286,2224.9666666666667,0.653357445959924,False,2011,6,1482,13.0,2257.0,2241.0,2204.0,29.033333333333303,2166.8
2011-06-10,2260,0.2661934338952898,2250.714285714286,2226.133333333333,0.6333336692633335,False,2011,6,1482,35.0,2254.0,2225.0,2225.0,33.86666666666679,2168.733333333333
2011-06-11,2261,0.04424778761062953,2256.285714285714,2228.266666666667,0.5828995102511793,False,2011,6,1482,39.0,2260.0,2222.0,2197.0,32.73333333333312,2170.677777777778
2011-06-12,2261,0.0,2261.8571428571427,2230.2,0.5821928925687165,False,2011,6,1482,39.0,2261.0,2222.0,2203.0,30.800000000000182,2172.4555555555557
2011-06-13,2253,-0.3538257408226442,2259.1428571428573,2231.633333333333,0.5859647460785294,False,2011,6,1482,-19.0,2261.0,2272.0,2210.0,21.366666666666788,2174.2444444444445
2011-06-14,2236,-0.7545494895694671,2254.5714285714284,2232.5,0.6047827806687261,False,2011,6,1482,-32.0,2253.0,2268.0,2210.0,3.5,2176.1555555555556
2011-06-15,2237,0.04472271914133241,2251.714285714286,2234.0,0.5828318267443504,False,2011,6,1482,-20.0,2236.0,2257.0,2192.0,3.0,2178.1444444444446
2011-06-16,2246,0.40232454179705,2250.5714285714284,2235.633333333333,0.5853304219079528,False,2011,6,1482,-8.0,2237.0,2254.0,2197.0,10.366666666666788,2180.011111111111
2011-06-17,2246,0.0,2248.5714285714284,2237.4333333333334,0.5827400106187425,False,2011,6,1482,-14.0,2246.0,2260.0,2192.0,8.566666666666606,2181.8
2011-06-18,2247,0.04452359750668489,2246.5714285714284,2239.266666666667,0.5825785824819636,False,2011,6,1482,-14.0,2246.0,2261.0,2192.0,7.733333333333121,2183.6
2011-06-19,2247,0.0,2244.5714285714284,2241.133333333333,0.582287318400078,False,2011,6,1482,-14.0,2247.0,2261.0,2191.0,5.866666666666788,2185.266666666667
2011-06-20,2263,0.712060525144631,2246.0,2243.4666666666667,0.5934132323002658,False,2011,6,1482,10.0,2247.0,2253.0,2193.0,19.533333333333303,2187.1222222222223
2011-06-21,2267,0.1767565178965924,2250.4285714285716,2245.9333333333334,0.5931970020553752,False,2011,6,1482,31.0,2263.0,2236.0,2193.0,21.066666666666606,2189.0666666666666
2011-06-22,2268,0.04411116012350558,2254.8571428571427,2247.5,0.5509471447713589,False,2011,6,1482,31.0,2267.0,2237.0,2221.0,20.5,2190.9555555555557
2011-06-23,2270,0.08818342151675207,2258.285714285714,2248.7,0.542362378277149,False,2011,6,1482,24.0,2268.0,2246.0,2234.0,21.300000000000182,2192.988888888889
2011-06-24,2242,-1.2334801762114544,2257.714285714286,2248.6666666666665,0.5866187697020794,True,2011,6,1482,-4.0,2270.0,2246.0,2243.0,-6.666666666666515,2194.722222222222
2011-06-25,2236,-0.267618198037467,2256.1428571428573,2248.133333333333,0.5835520221729281,False,2011,6,1482,-11.0,2242.0,2247.0,2252.0,-12.133333333333212,2196.3888888888887
2011-06-26,2236,0.0,2254.5714285714284,2247.9666666666667,0.5768682534290692,False,2011,6,1482,-11.0,2236.0,2247.0,2241.0,-11.966666666666697,2198.1555555555556
2011-06-27,2214,-0.9838998211091243,2247.5714285714284,2247.1,0.6039013645526189,False,2011,6,1482,-49.0,2236.0,2263.0,2240.0,-33.09999999999991,2199.7555555555555
2011-06-28,2209,-0.2258355916892496,2239.285714285714,2246.0666666666666,0.6048290813779159,False,2011,6,1482,-58.0,2214.0,2267.0,2240.0,-37.066666666666606,2201.322222222222
2011-06-29,2214,0.22634676324129188,2231.5714285714284,2244.9,0.6012006642628147,False,2011,6,1482,-54.0,2209.0,2268.0,2249.0,-30.90000000000009,2202.8888888888887
2011-06-30,2214,0.0,2223.5714285714284,2243.9666666666667,0.599228682678979,False,2011,6,1482,-56.0,2214.0,2270.0,2242.0,-29.966666666666697,2204.511111111111
2011-07-01,2187,-1.2195121951219523,2215.714285714286,2242.5,0.6320032946284577,True,2011,7,1482,-55.0,2214.0,2242.0,2231.0,-55.5,2205.811111111111
2011-07-02,2175,-0.5486968449931462,2207.0,2240.3,0.6303238763067597,False,2011,7,1482,-61.0,2187.0,2236.0,2241.0,-65.30000000000018,2206.9777777777776
2011-07-03,2175,0.0,2198.285714285714,2238.633333333333,0.6196406811885448,False,2011,7,1482,-61.0,2175.0,2236.0,2225.0,-63.63333333333321,2208.1555555555556
2011-07-04,2173,-0.09195402298850519,2192.4285714285716,2237.0,0.6195446977916454,False,2011,7,1482,-41.0,2175.0,2214.0,2222.0,-64.0,2208.9333333333334
2011-07-05,2175,0.09203865623561569,2187.5714285714284,2235.4333333333334,0.6201434617284562,False,2011,7,1482,-34.0,2173.0,2209.0,2222.0,-60.433333333333394,2209.5777777777776
2011-07-06,2200,1.1494252873563315,2185.5714285714284,2233.0333333333333,0.4988701022705189,True,2011,7,1482,-14.0,2175.0,2214.0,2272.0,-33.0333333333333,2210.5
2011-07-07,2225,1.1363636363636465,2187.1428571428573,2231.6,0.5476793234270041,True,2011,7,1482,11.0,2200.0,2214.0,2268.0,-6.599999999999909,2211.6444444444446
2011-07-08,2219,-0.2696629213483126,2191.714285714286,2230.3333333333335,0.5433425233702162,False,2011,7,1482,32.0,2225.0,2187.0,2257.0,-11.333333333333485,2212.633333333333
2011-07-09,2212,-0.3154574132492094,2197.0,2228.9333333333334,0.5452620713333126,False,2011,7,1482,37.0,2219.0,2175.0,2254.0,-16.933333333333394,2213.5444444444443
2011-07-10,2212,0.0,2202.285714285714,2227.3333333333335,0.5419055422756959,False,2011,7,1482,37.0,2212.0,2175.0,2260.0,-15.333333333333485,2214.322222222222
2011-07-11,2240,1.2658227848101333,2211.8571428571427,2226.633333333333,0.594169696596649,True,2011,7,1482,67.0,2212.0,2173.0,2261.0,13.366666666666788,2215.5444444444443
2011-07-12,2257,0.7589285714285632,2223.5714285714284,2226.5,0.6113715570318601,False,2011,7,1482,82.0,2240.0,2175.0,2261.0,30.5,2216.9666666666667
2011-07-13,2277,0.8861320336730261,2234.5714285714284,2227.3,0.6285842277287437,False,2011,7,1482,77.0,2257.0,2200.0,2253.0,49.69999999999982,2218.6444444444446
2011-07-14,2295,0.7905138339920903,2244.5714285714284,2229.266666666667,0.6247580410425173,False,2011,7,1482,70.0,2277.0,2225.0,2236.0,65.73333333333312,2220.2444444444445
2011-07-15,2290,-0.21786492374727962,2254.714285714286,2231.0333333333333,0.6272305089560724,False,2011,7,1482,71.0,2295.0,2219.0,2237.0,58.9666666666667,2221.811111111111
2011-07-16,2293,0.13100436681223737,2266.285714285714,2232.6,0.6243720042176055,False,2011,7,1482,81.0,2290.0,2212.0,2246.0,60.40000000000009,2223.411111111111
2011-07-17,2293,0.0,2277.8571428571427,2234.1666666666665,0.6243720042176055,False,2011,7,1482,81.0,2293.0,2212.0,2246.0,58.833333333333485,2224.9222222222224
2011-07-18,2313,0.8722197993894509,2288.285714285714,2236.366666666667,0.6412241913660852,False,2011,7,1482,73.0,2293.0,2240.0,2247.0,76.63333333333321,2226.411111111111
2011-07-19,2328,0.6485084306095956,2298.4285714285716,2239.0666666666666,0.6486759377160635,False,2011,7,1482,71.0,2313.0,2257.0,2247.0,88.9333333333334,2228.0333333333333
2011-07-20,2295,-1.4175257731958713,2301.0,2240.133333333333,0.6964328254611153,True,2011,7,1482,18.0,2328.0,2277.0,2263.0,54.86666666666679,2229.233333333333
2011-07-21,2311,0.6971677559912903,2303.285714285714,2241.6,0.7061343447533548,False,2011,7,1482,16.0,2295.0,2295.0,2267.0,69.40000000000009,2230.588888888889
2011-07-22,2288,-0.9952401557767221,2303.0,2242.266666666667,0.7322837710385901,False,2011,7,1482,-2.0,2311.0,2290.0,2268.0,45.73333333333312,2231.688888888889
2011-07-23,2300,0.5244755244755206,2304.0,2243.266666666667,0.7377527783730339,False,2011,7,1482,7.0,2288.0,2293.0,2270.0,56.73333333333312,2232.9222222222224
2011-07-24,2300,0.0,2305.0,2245.2,0.6972216591254597,False,2011,7,1482,7.0,2300.0,2293.0,2242.0,54.80000000000018,2233.911111111111
2011-07-25,2328,1.2173913043478368,2307.1428571428573,2248.266666666667,0.7233636211053537,True,2011,7,1482,15.0,2300.0,2313.0,2236.0,79.73333333333312,2235.4333333333334
2011-07-26,2321,-0.30068728522336663,2306.1428571428573,2251.1,0.727399575561882,False,2011,7,1482,-7.0,2328.0,2328.0,2236.0,69.90000000000009,2236.866666666667
2011-07-27,2314,-0.30159414045669575,2308.8571428571427,2254.4333333333334,0.7016795255664638,False,2011,7,1482,19.0,2321.0,2295.0,2214.0,59.566666666666606,2237.9444444444443
2011-07-28,2311,-0.12964563526360884,2308.8571428571427,2257.8333333333335,0.7001221751343825,False,2011,7,1482,0.0,2314.0,2311.0,2209.0,53.166666666666515,2238.8777777777777
2011-07-29,2307,-0.17308524448290674,2311.5714285714284,2260.9333333333334,0.7024723426450702,False,2011,7,1482,19.0,2311.0,2288.0,2214.0,46.066666666666606,2239.8
2011-07-30,2313,0.2600780234070177,2313.4285714285716,2264.233333333333,0.702294466397636,False,2011,7,1482,13.0,2307.0,2300.0,2214.0,48.76666666666688,2240.788888888889
2011-07-31,2313,0.0,2315.285714285714,2268.4333333333334,0.6540274529724583,False,2011,7,1482,13.0,2313.0,2300.0,2187.0,44.566666666666606,2241.4555555555557
2011-08-01,2300,-0.5620406398616495,2311.285714285714,2272.6,0.6545507447063327,False,2011,8,1482,-28.0,2313.0,2328.0,2175.0,27.40000000000009,2241.9777777777776
2011-08-02,2324,1.043478260869568,2311.714285714286,2277.5666666666666,0.6716886242602873,False,2011,8,1482,3.0,2300.0,2321.0,2175.0,46.433333333333394,2242.9444444444443
2011-08-03,2380,2.4096385542168752,2321.1428571428573,2284.4666666666667,0.7780596990070516,True,2011,8,1482,66.0,2324.0,2314.0,2173.0,95.5333333333333,2244.788888888889
2011-08-04,2392,0.5042016806722671,2332.714285714286,2291.7,0.777777818927951,False,2011,8,1482,81.0,2380.0,2311.0,2175.0,100.30000000000018,2247.211111111111
2011-08-05,2422,1.2541806020066826,2349.1428571428573,2299.1,0.7818524734768459,True,2011,8,1482,115.0,2392.0,2307.0,2200.0,122.90000000000009,2250.011111111111
2011-08-06,2430,0.3303055326176807,2365.8571428571427,2305.9333333333334,0.7666723395250409,False,2011,8,1482,117.0,2422.0,2313.0,2225.0,124.0666666666666,2252.9
2011-08-07,2430,0.0,2382.5714285714284,2312.9666666666667,0.7613613864387605,False,2011,8,1482,117.0,2430.0,2313.0,2219.0,117.0333333333333,2255.5333333333333
2011-08-08,2510,3.292181069958855,2412.5714285714284,2322.9,0.9267570206140222,True,2011,8,1482,210.0,2430.0,2300.0,2212.0,187.0999999999999,2258.9333333333334
2011-08-09,2582,2.8685258964143534,2449.4285714285716,2335.233333333333,1.0241231758621996,True,2011,8,1482,258.0,2510.0,2324.0,2212.0,246.76666666666688,2262.9
2011-08-10,2560,-0.8520526723470145,2475.1428571428573,2345.9,1.0438793964787527,False,2011,8,1482,180.0,2582.0,2380.0,2240.0,214.0999999999999,2266.9333333333334
2011-08-11,2574,0.5468749999999911,2501.1428571428573,2356.4666666666667,1.0424415098606976,False,2011,8,1482,182.0,2560.0,2392.0,2257.0,217.5333333333333,2271.0555555555557
2011-08-12,2594,0.7770007770007803,2525.714285714286,2367.0333333333333,1.0410357656037301,False,2011,8,1482,172.0,2574.0,2422.0,2277.0,226.9666666666667,2275.322222222222
2011-08-13,2577,-0.6553585196607536,2546.714285714286,2376.4333333333334,1.0576145889045137,False,2011,8,1482,147.0,2594.0,2430.0,2295.0,200.5666666666666,2279.4
2011-08-14,2577,0.0,2567.714285714286,2386.0,1.054021531136361,False,2011,8,1482,147.0,2577.0,2430.0,2290.0,191.0,2283.677777777778
2011-08-15,2570,-0.2716336825766441,2576.285714285714,2395.233333333333,1.0601063892047922,False,2011,8,1482,60.0,2577.0,2510.0,2293.0,174.76666666666688,2287.822222222222
2011-08-16,2596,1.0116731517509692,2578.285714285714,2405.3333333333335,1.0634815830730753,False,2011,8,1482,14.0,2570.0,2582.0,2293.0,190.66666666666652,2292.311111111111
2011-08-17,2630,1.3097072419106404,2588.285714285714,2415.9,1.0728550968225032,True,2011,8,1482,70.0,2596.0,2560.0,2313.0,214.0999999999999,2297.177777777778
2011-08-18,2655,0.9505703422053147,2599.8571428571427,2426.8,1.0763440772061026,False,2011,8,1482,81.0,2630.0,2574.0,2328.0,228.19999999999982,2302.3333333333335
2011-08-19,2753,3.691148775894537,2622.5714285714284,2442.0666666666666,1.1714917604426858,True,2011,8,1482,159.0,2655.0,2594.0,2295.0,310.9333333333334,2308.5555555555557
2011-08-20,2792,1.4166363966581885,2653.285714285714,2458.1,1.1805630102953482,True,2011,8,1482,215.0,2753.0,2577.0,2311.0,333.9000000000001,2315.211111111111
2011-08-21,2792,0.0,2684.0,2474.9,1.1465528833695697,False,2011,8,1482,215.0,2792.0,2577.0,2288.0,317.0999999999999,2321.5555555555557
2011-08-22,2798,0.21489971346704273,2716.5714285714284,2491.5,1.1493168166943237,False,2011,8,1482,228.0,2792.0,2570.0,2300.0,306.5,2327.822222222222
2011-08-23,2816,0.6433166547533897,2748.0,2508.7,1.1425256542591948,False,2011,8,1482,220.0,2798.0,2596.0,2300.0,307.3000000000002,2334.188888888889
2011-08-24,2738,-2.7698863636363646,2763.4285714285716,2522.366666666667,1.2993898229482874,True,2011,8,1482,108.0,2816.0,2630.0,2328.0,215.6333333333332,2339.588888888889
2011-08-25,2601,-5.003652300949602,2755.714285714286,2531.7,1.6436793248588444,True,2011,8,1482,-54.0,2738.0,2655.0,2321.0,69.30000000000018,2343.588888888889
2011-08-26,2656,2.114571318723568,2741.8571428571427,2543.1,1.6674679332191555,True,2011,8,1482,-97.0,2601.0,2753.0,2314.0,112.90000000000009,2348.211111111111
2011-08-27,2768,4.216867469879526,2738.4285714285716,2558.3333333333335,1.7970040788095247,True,2011,8,1482,-24.0,2656.0,2792.0,2311.0,209.66666666666652,2354.0777777777776
2011-08-28,2761,-0.25289017341040276,2734.0,2573.4666666666667,1.7982755859324615,False,2011,8,1482,-31.0,2768.0,2792.0,2307.0,187.5333333333333,2359.766666666667
2011-08-29,2709,-1.8833755885548698,2721.285714285714,2586.6666666666665,1.8546149419163123,True,2011,8,1482,-89.0,2761.0,2798.0,2313.0,122.33333333333348,2364.9555555555557
2011-08-30,2679,-1.1074197120708784,2701.714285714286,2598.866666666667,1.8767222908566106,True,2011,8,1482,-137.0,2709.0,2816.0,2313.0,80.13333333333321,2369.9333333333334
2011-08-31,2727,1.791713325867872,2700.1428571428573,2613.1,1.8796475123605245,True,2011,8,1482,-11.0,2679.0,2738.0,2300.0,113.90000000000009,2375.3333333333335
2011-09-01,2720,-0.25669233590025486,2717.1428571428573,2626.3,1.8837292159487247,False,2011,9,1482,119.0,2727.0,2601.0,2324.0,93.69999999999982,2380.8333333333335
2011-09-02,2724,0.14705882352941124,2726.8571428571427,2637.766666666667,1.851435448749603,False,2011,9,1482,68.0,2720.0,2656.0,2380.0,86.23333333333312,2386.411111111111
2011-09-03,2771,1.725403817914839,2727.285714285714,2650.4,1.865638141263861,True,2011,9,1482,3.0,2724.0,2768.0,2392.0,120.59999999999991,2392.511111111111
2011-09-04,2781,0.36088054853844476,2730.1428571428573,2662.366666666667,1.8604448841802612,False,2011,9,1482,20.0,2771.0,2761.0,2422.0,118.63333333333321,2398.1666666666665
2011-09-05,2800,0.6832074793239773,2743.1428571428573,2674.7,1.8605909307226016,False,2011,9,1482,91.0,2781.0,2709.0,2430.0,125.30000000000018,2404.0777777777776
2011-09-06,2872,2.57142857142858,2770.714285714286,2689.4333333333334,1.8961158685172794,True,2011,9,1482,193.0,2800.0,2679.0,2430.0,182.5666666666666,2410.911111111111
2011-09-07,2749,-4.282729805013929,2773.8571428571427,2697.4,2.0221168105831673,True,2011,9,1482,22.0,2872.0,2727.0,2510.0,51.59999999999991,2416.411111111111
2011-09-08,2754,0.18188432157149048,2778.714285714286,2703.133333333333,1.9641807493627357,False,2011,9,1482,34.0,2749.0,2720.0,2582.0,50.86666666666679,2421.9
2011-09-09,2817,2.287581699346397,2792.0,2711.7,1.9878203487774797,True,2011,9,1482,93.0,2754.0,2724.0,2560.0,105.30000000000018,2428.0777777777776
2011-09-10,2809,-0.2839900603478829,2797.4285714285716,2719.5333333333333,1.9906049565994348,False,2011,9,1482,38.0,2817.0,2771.0,2574.0,89.4666666666667,2434.1666666666665
2011-09-11,2818,0.3203987184051238,2802.714285714286,2727.0,1.9886631581677843,False,2011,9,1482,37.0,2809.0,2781.0,2594.0,91.0,2440.4444444444443
2011-09-12,2813,-0.17743080198722172,2804.5714285714284,2734.866666666667,1.982686874007408,False,2011,9,1482,13.0,2818.0,2800.0,2577.0,78.13333333333321,2446.8555555555554
2011-09-13,2791,-0.7820831852115129,2793.0,2742.0,1.9920453437531742,False,2011,9,1482,-81.0,2813.0,2872.0,2577.0,49.0,2453.011111111111
2011-09-14,2829,1.3615191687567085,2804.4285714285716,2750.633333333333,1.998597545205633,True,2011,9,1482,80.0,2791.0,2749.0,2570.0,78.36666666666679,2459.488888888889
2011-09-15,2797,-1.1311417462000706,2810.5714285714284,2757.3333333333335,2.012011136800358,True,2011,9,1482,43.0,2829.0,2754.0,2596.0,39.666666666666515,2465.6111111111113
2011-09-16,2779,-0.6435466571326431,2805.1428571428573,2762.3,2.0087596506798318,False,2011,9,1482,-38.0,2797.0,2817.0,2630.0,16.699999999999818,2471.5222222222224
2011-09-17,2775,-0.14393666786614023,2800.285714285714,2766.3,2.004657993644307,False,2011,9,1482,-34.0,2779.0,2809.0,2655.0,8.699999999999818,2477.3888888888887
2011-09-18,2775,0.0,2794.1428571428573,2767.0333333333333,1.890949447723211,False,2011,9,1482,-43.0,2775.0,2818.0,2753.0,7.966666666666697,2483.0777777777776
2011-09-19,2765,-0.3603603603603567,2787.285714285714,2766.133333333333,1.874225883874837,False,2011,9,1482,-48.0,2775.0,2813.0,2792.0,-1.133333333333212,2488.6111111111113
2011-09-20,2803,1.374321880650986,2789.0,2766.5,1.8913301180561986,True,2011,9,1482,12.0,2765.0,2791.0,2792.0,36.5,2494.5555555555557
2011-09-21,2817,0.49946485907956806,2787.285714285714,2767.133333333333,1.892999507973703,False,2011,9,1482,-12.0,2803.0,2829.0,2798.0,49.86666666666679,2500.633333333333
2011-09-22,2791,-0.9229676961306388,2786.4285714285716,2766.3,1.8973807564300025,False,2011,9,1482,-6.0,2817.0,2797.0,2816.0,24.699999999999818,2506.733333333333
2011-09-23,2629,-5.804371193120749,2765.0,2762.6666666666665,2.117570785541481,True,2011,9,1482,-150.0,2791.0,2779.0,2738.0,-133.66666666666652,2511.1
2011-09-24,2674,1.711677443895021,2750.5714285714284,2765.1,1.9293688387807326,True,2011,9,1482,-101.0,2629.0,2775.0,2601.0,-91.09999999999991,2515.9666666666667
2011-09-25,2674,0.0,2736.1428571428573,2765.7,1.8918912889798312,False,2011,9,1482,-101.0,2674.0,2775.0,2656.0,-91.69999999999982,2521.0777777777776
2011-09-26,2569,-3.926701570680624,2708.1428571428573,2759.0666666666666,1.8558062853395474,True,2011,9,1482,-196.0,2674.0,2765.0,2768.0,-190.0666666666666,2525.0777777777776
2011-09-27,2622,2.0630595562475706,2682.285714285714,2754.4333333333334,1.9024662472772234,True,2011,9,1482,-181.0,2569.0,2803.0,2761.0,-132.4333333333334,2529.6111111111113
2011-09-28,2564,-2.212051868802445,2646.1428571428573,2749.6,1.9136806643106072,True,2011,9,1482,-253.0,2622.0,2817.0,2709.0,-185.5999999999999,2533.5
2011-09-29,2576,0.46801872074881956,2615.4285714285716,2746.1666666666665,1.9085422559627716,False,2011,9,1482,-215.0,2564.0,2791.0,2679.0,-170.16666666666652,2537.822222222222
2011-09-30,2597,0.8152173913043459,2610.8571428571427,2741.8333333333335,1.883100602871613,False,2011,9,1482,-32.0,2576.0,2629.0,2727.0,-144.83333333333348,2542.511111111111
2011-10-01,2611,0.5390835579514919,2601.8571428571427,2738.2,1.887076922902807,False,2011,10,1482,-63.0,2597.0,2674.0,2720.0,-127.19999999999982,2547.3555555555554
2011-10-02,2611,0.0,2592.8571428571427,2734.4333333333334,1.8865536915945804,False,2011,10,1482,-63.0,2611.0,2674.0,2724.0,-123.4333333333334,2552.222222222222
2011-10-03,2655,1.6851780926848026,2605.1428571428573,2730.5666666666666,1.885208017428086,True,2011,10,1482,86.0,2611.0,2569.0,2771.0,-75.5666666666666,2557.5555555555557
2011-10-04,2578,-2.900188323917141,2598.8571428571427,2723.8,1.9491618318963642,True,2011,10,1482,-44.0,2655.0,2622.0,2781.0,-145.80000000000018,2561.7555555555555
2011-10-05,2643,2.521334367726924,2610.1428571428573,2718.5666666666666,2.007008461911295,True,2011,10,1482,79.0,2578.0,2564.0,2800.0,-75.5666666666666,2566.4
2011-10-06,2651,0.3026863412788572,2620.8571428571427,2711.2,1.9417379868273938,False,2011,10,1482,75.0,2643.0,2576.0,2872.0,-60.19999999999982,2571.2
2011-10-07,2618,-1.2448132780082943,2623.8571428571427,2706.8333333333335,1.7979588207227535,True,2011,10,1482,21.0,2651.0,2597.0,2749.0,-88.83333333333348,2575.711111111111
2011-10-08,2634,0.6111535523300127,2627.1428571428573,2702.8333333333335,1.8023670908641978,False,2011,10,1482,23.0,2618.0,2611.0,2754.0,-68.83333333333348,2580.4
2011-10-09,2634,0.0,2630.4285714285716,2696.733333333333,1.7438951184775437,False,2011,10,1482,23.0,2634.0,2611.0,2817.0,-62.73333333333312,2584.777777777778
2011-10-10,2666,1.214882308276377,2632.0,2691.9666666666667,1.7630294565475764,True,2011,10,1482,11.0,2634.0,2655.0,2809.0,-25.966666666666697,2589.322222222222
2011-10-11,2664,-0.07501875468867159,2644.285714285714,2686.8333333333335,1.7608006844783064,False,2011,10,1482,86.0,2666.0,2578.0,2818.0,-22.833333333333485,2593.6222222222223
2011-10-12,2687,0.8633633633633675,2650.5714285714284,2682.633333333333,1.770912337633399,False,2011,10,1482,44.0,2664.0,2643.0,2813.0,4.366666666666788,2597.9777777777776
2011-10-13,2674,-0.4838109415705283,2653.8571428571427,2678.733333333333,1.7680018761330494,False,2011,10,1482,23.0,2687.0,2651.0,2791.0,-4.733333333333121,2602.2444444444445
2011-10-14,2688,0.5235602094240788,2663.8571428571427,2674.0333333333333,1.7501997697222824,False,2011,10,1482,70.0,2674.0,2618.0,2829.0,13.966666666666697,2606.633333333333
2011-10-15,2688,0.0,2671.5714285714284,2670.4,1.7406077630800043,False,2011,10,1482,54.0,2688.0,2634.0,2797.0,17.59999999999991,2611.0222222222224
2011-10-16,2688,0.0,2679.285714285714,2667.366666666667,1.7378644464835125,False,2011,10,1482,54.0,2688.0,2634.0,2779.0,20.633333333333212,2615.188888888889
2011-10-17,2684,-0.14880952380952328,2681.8571428571427,2664.3333333333335,1.7378693051369254,False,2011,10,1482,18.0,2688.0,2666.0,2775.0,19.666666666666515,2619.1444444444446
2011-10-18,2652,-1.1922503725782407,2680.1428571428573,2660.233333333333,1.7491888225992605,True,2011,10,1482,-12.0,2684.0,2664.0,2775.0,-8.233333333333121,2623.1111111111113
2011-10-19,2644,-0.3016591251885359,2674.0,2656.2,1.7489619443609337,False,2011,10,1482,-43.0,2652.0,2687.0,2765.0,-12.199999999999818,2626.811111111111
2011-10-20,2632,-0.45385779122542047,2668.0,2650.5,1.7262983962743104,False,2011,10,1482,-42.0,2644.0,2674.0,2803.0,-18.5,2630.633333333333
2011-10-21,2665,1.2537993920972657,2664.714285714286,2645.4333333333334,1.7421819427287497,True,2011,10,1482,-23.0,2632.0,2688.0,2817.0,19.566666666666606,2634.688888888889
2011-10-22,2677,0.4502814258911858,2663.1428571428573,2641.633333333333,1.7397490072616495,False,2011,10,1482,-11.0,2665.0,2688.0,2791.0,35.36666666666679,2638.8777777777777
2011-10-23,2677,0.0,2661.5714285714284,2643.233333333333,1.3696324488099674,False,2011,10,1482,-11.0,2677.0,2688.0,2629.0,33.76666666666688,2642.7555555555555
2011-10-24,2669,-0.2988419872992143,2659.4285714285716,2643.0666666666666,1.3352640407738143,False,2011,10,1482,-15.0,2677.0,2684.0,2674.0,25.933333333333394,2646.6222222222223
2011-10-25,2736,2.510303484451115,2671.4285714285716,2645.133333333333,1.4115804479990355,True,2011,10,1482,84.0,2669.0,2652.0,2674.0,90.86666666666679,2651.311111111111
2011-10-26,2757,0.7675438596491224,2687.5714285714284,2651.4,1.1949778827126014,False,2011,10,1482,113.0,2736.0,2644.0,2569.0,105.59999999999991,2656.266666666667
2011-10-27,2784,0.9793253536452662,2709.285714285714,2656.8,1.1537158230805842,False,2011,10,1482,152.0,2757.0,2632.0,2622.0,127.19999999999982,2661.5666666666666
2011-10-28,2759,-0.8979885057471271,2722.714285714286,2663.3,1.081406152944077,False,2011,10,1482,94.0,2784.0,2665.0,2564.0,95.69999999999982,2666.5222222222224
2011-10-29,2756,-0.10873504893077479,2734.0,2669.3,1.0825279453446892,False,2011,10,1482,79.0,2759.0,2677.0,2576.0,86.69999999999982,2671.4444444444443
2011-10-30,2756,0.0,2745.285714285714,2674.6,1.0775791630690668,False,2011,10,1482,79.0,2756.0,2677.0,2597.0,81.40000000000009,2676.511111111111
2011-10-31,2734,-0.79825834542816,2754.5714285714284,2678.7,1.090814995850463,False,2011,10,1482,65.0,2756.0,2669.0,2611.0,55.30000000000018,2681.0666666666666
2011-11-01,2752,0.6583760058522348,2756.8571428571427,2683.4,1.0941172973081446,False,2011,11,1482,16.0,2734.0,2736.0,2611.0,68.59999999999991,2685.2
2011-11-02,2760,0.29069767441860517,2757.285714285714,2686.9,1.0570135586015446,False,2011,11,1482,3.0,2752.0,2757.0,2655.0,73.09999999999991,2689.288888888889
2011-11-03,2799,1.413043478260878,2759.4285714285716,2694.266666666667,0.9135746027940866,True,2011,11,1482,15.0,2760.0,2784.0,2578.0,104.73333333333312,2693.4777777777776
2011-11-04,2794,-0.17863522686674127,2764.4285714285716,2699.3,0.8124005607417834,False,2011,11,1482,35.0,2799.0,2759.0,2643.0,94.69999999999982,2697.5222222222224
2011-11-05,2788,-0.21474588403722628,2769.0,2703.866666666667,0.8153809303673238,False,2011,11,1482,32.0,2794.0,2756.0,2651.0,84.13333333333321,2701.5
2011-11-06,2788,0.0,2773.5714285714284,2709.5333333333333,0.7713145633687636,False,2011,11,1482,32.0,2788.0,2756.0,2618.0,78.4666666666667,2704.588888888889
2011-11-07,2841,1.9010043041606917,2788.8571428571427,2716.4333333333334,0.8281423700353594,True,2011,11,1482,107.0,2788.0,2734.0,2634.0,124.5666666666666,2707.4666666666667
2011-11-08,2881,1.4079549454417473,2807.285714285714,2724.6666666666665,0.852678612345647,True,2011,11,1482,129.0,2841.0,2752.0,2634.0,156.33333333333348,2711.0333333333333
2011-11-09,2900,0.6594932315168389,2827.285714285714,2732.4666666666667,0.8380956661064536,False,2011,11,1482,140.0,2881.0,2760.0,2666.0,167.5333333333333,2714.6555555555556
2011-11-10,2856,-1.5172413793103412,2835.4285714285716,2738.866666666667,0.8985919716676033,True,2011,11,1482,57.0,2900.0,2799.0,2664.0,117.13333333333321,2717.5666666666666
2011-11-11,2886,1.0504201680672232,2848.5714285714284,2745.5,0.903728649804132,False,2011,11,1482,92.0,2856.0,2794.0,2687.0,140.5,2721.0
2011-11-12,2887,0.03465003465004113,2862.714285714286,2752.6,0.8942708835251771,False,2011,11,1482,99.0,2886.0,2788.0,2674.0,134.4000000000001,2724.4444444444443
2011-11-13,2887,0.0,2876.8571428571427,2759.233333333333,0.8940516435330373,False,2011,11,1482,99.0,2887.0,2788.0,2688.0,127.76666666666688,2727.9666666666667
2011-11-14,2896,0.31174229303776446,2884.714285714286,2766.1666666666665,0.8929505613359081,False,2011,11,1482,55.0,2887.0,2841.0,2688.0,129.83333333333348,2731.3
2011-11-15,2918,0.7596685082873034,2890.0,2773.8333333333335,0.8963057368260827,False,2011,11,1482,37.0,2896.0,2881.0,2688.0,144.16666666666652,2734.5
2011-11-16,2903,-0.5140507196710109,2890.4285714285716,2781.133333333333,0.9047426821056745,False,2011,11,1482,3.0,2918.0,2900.0,2684.0,121.86666666666679,2737.2555555555555
2011-11-17,2836,-2.307957285566653,2887.5714285714284,2787.266666666667,0.9860212066712012,True,2011,11,1482,-20.0,2903.0,2856.0,2652.0,48.73333333333312,2738.177777777778
2011-11-18,2864,0.9873060648801113,2884.4285714285716,2794.6,0.990195368221456,False,2011,11,1482,-22.0,2836.0,2886.0,2644.0,69.40000000000009,2738.9777777777776
2011-11-19,2872,0.27932960893854997,2882.285714285714,2802.6,0.9806771616677429,False,2011,11,1482,-15.0,2864.0,2887.0,2632.0,69.40000000000009,2739.866666666667
2011-11-20,2872,0.0,2880.1428571428573,2809.5,0.9650408686176958,False,2011,11,1482,-15.0,2872.0,2887.0,2665.0,62.5,2740.688888888889
2011-11-21,2842,-1.0445682451253435,2872.4285714285716,2815.0,0.9927590724082183,False,2011,11,1482,-54.0,2872.0,2896.0,2677.0,27.0,2740.9777777777776
2011-11-22,2881,1.3722730471498856,2867.1428571428573,2821.8,1.0143984393883565,True,2011,11,1482,-37.0,2842.0,2918.0,2677.0,59.19999999999982,2742.5666666666666
2011-11-23,2879,-0.06942034015966492,2863.714285714286,2828.8,1.0109765969548818,False,2011,11,1482,-24.0,2881.0,2903.0,2669.0,50.19999999999982,2745.6555555555556
2011-11-24,2858,-0.7294199374782928,2866.8571428571427,2832.866666666667,0.9320088512060924,False,2011,11,1482,22.0,2879.0,2836.0,2736.0,25.133333333333212,2747.9
2011-11-25,2842,-0.5598320503848897,2863.714285714286,2835.7,0.9331744068857519,False,2011,11,1482,-22.0,2858.0,2864.0,2757.0,6.300000000000182,2748.722222222222
2011-11-26,2842,0.0,2859.4285714285716,2837.633333333333,0.9185665907179509,False,2011,11,1482,-30.0,2842.0,2872.0,2784.0,4.366666666666788,2749.6222222222223
2011-11-27,2842,0.0,2855.1428571428573,2840.4,0.9002891624058398,False,2011,11,1482,-30.0,2842.0,2872.0,2759.0,1.599999999999909,2751.1
2011-11-28,2878,1.2667135819845132,2860.285714285714,2844.4666666666667,0.9238611905306032,True,2011,11,1482,36.0,2842.0,2842.0,2756.0,33.5333333333333,2753.311111111111
2011-11-29,2867,-0.38220986796386747,2858.285714285714,2848.1666666666665,0.9286045706020518,False,2011,11,1482,-14.0,2878.0,2881.0,2756.0,18.833333333333485,2754.866666666667
2011-11-30,2909,1.464945936519002,2862.5714285714284,2854.0,0.9419342238108552,True,2011,11,1482,30.0,2867.0,2879.0,2734.0,55.0,2756.9666666666667
2011-12-01,2888,-0.7218975592987231,2866.8571428571427,2858.5333333333333,0.9529896232325866,False,2011,12,1482,30.0,2909.0,2858.0,2752.0,29.466666666666697,2758.788888888889
2011-12-02,2885,-0.10387811634349209,2873.0,2862.7,0.9539217962114075,False,2011,12,1482,43.0,2888.0,2842.0,2760.0,22.300000000000182,2760.0555555555557
2011-12-03,2895,0.34662045060658286,2880.5714285714284,2865.9,0.9247386994086031,False,2011,12,1482,53.0,2885.0,2842.0,2799.0,29.09999999999991,2761.322222222222
2011-12-04,2895,0.0,2888.1428571428573,2869.266666666667,0.9233461090670214,False,2011,12,1482,53.0,2895.0,2842.0,2794.0,25.73333333333312,2762.3777777777777
2011-12-05,2904,0.31088082901553626,2891.8571428571427,2873.133333333333,0.9217103586506843,False,2011,12,1482,26.0,2895.0,2878.0,2788.0,30.866666666666788,2762.733333333333
2011-12-06,2897,-0.2410468319559267,2896.1428571428573,2876.766666666667,0.9240213852357653,False,2011,12,1482,30.0,2904.0,2867.0,2788.0,20.23333333333312,2764.3777777777777
2011-12-07,2926,1.001035554021401,2898.5714285714284,2879.6,0.8780775900239567,False,2011,12,1482,17.0,2897.0,2909.0,2841.0,46.40000000000009,2766.288888888889
2011-12-08,2909,-0.5809979494190043,2901.5714285714284,2880.5333333333333,0.8507378394031586,False,2011,12,1482,21.0,2926.0,2888.0,2881.0,28.466666666666697,2767.311111111111
2011-12-09,2917,0.2750085940185665,2906.1428571428573,2881.1,0.8438858033699391,False,2011,12,1482,32.0,2909.0,2885.0,2900.0,35.90000000000009,2768.511111111111
2011-12-10,2910,-0.23997257456290777,2908.285714285714,2882.9,0.7942628059256609,False,2011,12,1482,15.0,2917.0,2895.0,2856.0,27.09999999999991,2769.5333333333333
2011-12-11,2910,0.0,2910.4285714285716,2883.7,0.772193826602688,False,2011,12,1482,15.0,2910.0,2895.0,2886.0,26.300000000000182,2770.6111111111113
2011-12-12,2882,-0.9621993127147732,2907.285714285714,2883.5333333333333,0.793171761107537,False,2011,12,1482,-22.0,2910.0,2904.0,2887.0,-1.533333333333303,2771.6222222222223
2011-12-13,2888,0.2081887578070818,2906.0,2883.5666666666666,0.7941066704772843,False,2011,12,1482,-9.0,2882.0,2897.0,2887.0,4.433333333333394,2772.277777777778
2011-12-14,2820,-2.3545706371191133,2890.8571428571427,2881.0333333333333,0.9005715784537713,True,2011,12,1482,-106.0,2888.0,2926.0,2896.0,-61.0333333333333,2772.5333333333333
2011-12-15,2748,-2.553191489361706,2867.8571428571427,2875.366666666667,0.9919453704023561,True,2011,12,1482,-161.0,2820.0,2909.0,2918.0,-127.36666666666679,2772.188888888889
2011-12-16,2743,-0.181950509461426,2843.0,2870.0333333333333,0.9901145515785776,False,2011,12,1482,-174.0,2748.0,2917.0,2903.0,-127.0333333333333,2771.8333333333335
2011-12-17,2764,0.7655851257746926,2822.1428571428573,2867.633333333333,0.9192439276343556,False,2011,12,1482,-146.0,2743.0,2910.0,2836.0,-103.63333333333321,2771.711111111111
2011-12-18,2764,0.0,2801.285714285714,2864.3,0.8970627681035072,False,2011,12,1482,-146.0,2764.0,2910.0,2864.0,-100.30000000000018,2771.7
2011-12-19,2766,0.07235890014472002,2784.714285714286,2860.766666666667,0.8947224412293504,False,2011,12,1482,-116.0,2764.0,2882.0,2872.0,-94.76666666666688,2771.288888888889
2011-12-20,2786,0.7230657989877098,2770.1428571428573,2857.9,0.9077492867869716,False,2011,12,1482,-102.0,2766.0,2888.0,2872.0,-71.90000000000009,2770.9444444444443
2011-12-21,2782,-0.1435750179468731,2764.714285714286,2855.9,0.8900598116470317,False,2011,12,1482,-38.0,2786.0,2820.0,2842.0,-73.90000000000009,2770.8444444444444
2011-12-22,2768,-0.5032350826743359,2767.5714285714284,2852.133333333333,0.850448051148967,False,2011,12,1482,20.0,2782.0,2748.0,2881.0,-84.13333333333321,2772.3888888888887
2011-12-23,2775,0.25289017341041387,2772.1428571428573,2848.6666666666665,0.8532678842189643,False,2011,12,1482,32.0,2768.0,2743.0,2879.0,-73.66666666666652,2773.511111111111
2011-12-24,2779,0.14414414414414267,2774.285714285714,2846.0333333333333,0.8465986993654425,False,2011,12,1482,15.0,2775.0,2764.0,2858.0,-67.0333333333333,2774.677777777778
2011-12-25,2779,0.0,2776.4285714285716,2843.9333333333334,0.8420409244734103,False,2011,12,1482,15.0,2779.0,2764.0,2842.0,-64.9333333333334,2777.011111111111
2011-12-26,2778,-0.03598416696652951,2778.1428571428573,2841.8,0.8419615664369731,False,2011,12,1482,12.0,2779.0,2766.0,2842.0,-63.80000000000018,2778.7444444444445
2011-12-27,2764,-0.5039596832253412,2775.0,2839.2,0.8454864452694071,False,2011,12,1482,-22.0,2778.0,2786.0,2842.0,-75.19999999999982,2780.9666666666667
2011-12-28,2726,-1.374819102749636,2767.0,2834.133333333333,0.8369089427705558,True,2011,12,1482,-56.0,2764.0,2782.0,2878.0,-108.13333333333321,2782.633333333333
2011-12-29,2675,-1.8708730741012425,2753.714285714286,2827.733333333333,0.8918101570912219,True,2011,12,1482,-93.0,2726.0,2768.0,2867.0,-152.73333333333312,2783.5
2011-12-30,2744,2.5794392523364573,2749.285714285714,2822.233333333333,0.9832434222517911,True,2011,12,1482,-31.0,2675.0,2775.0,2909.0,-78.23333333333312,2784.9777777777776
2011-12-31,2732,-0.4373177842565634,2742.5714285714284,2817.0333333333333,0.9792974026248012,False,2011,12,1482,-47.0,2744.0,2779.0,2888.0,-85.0333333333333,2786.322222222222
2012-01-01,2732,0.0,2735.8571428571427,2811.9333333333334,0.9797603912282998,False,2012,1,1482,-47.0,2732.0,2779.0,2885.0,-79.9333333333334,2787.177777777778
2012-01-02,2735,0.10980966325035979,2729.714285714286,2806.6,0.9763457840801927,False,2012,1,1482,-43.0,2732.0,2778.0,2895.0,-71.59999999999991,2788.9222222222224
2012-01-03,2769,1.2431444241316258,2730.4285714285716,2802.4,1.0102477906676934,True,2012,1,1482,5.0,2735.0,2764.0,2895.0,-33.40000000000009,2790.322222222222
2012-01-04,2784,0.5417118093174356,2738.714285714286,2798.4,1.0146952831165406,False,2012,1,1482,58.0,2769.0,2726.0,2904.0,-14.400000000000091,2791.8
2012-01-05,2779,-0.17959770114942541,2753.5714285714284,2794.4666666666667,1.0145370455009346,False,2012,1,1482,104.0,2784.0,2675.0,2897.0,-15.466666666666697,2793.588888888889
2012-01-06,2775,-0.14393666786614023,2758.0,2789.4333333333334,0.9916626682885503,False,2012,1,1482,31.0,2779.0,2744.0,2926.0,-14.433333333333394,2795.1555555555556
2012-01-07,2777,0.07207207207207134,2764.4285714285716,2785.0333333333333,0.9895336186390135,False,2012,1,1482,45.0,2775.0,2732.0,2909.0,-8.033333333333303,2796.7444444444445
2012-01-08,2777,0.0,2770.8571428571427,2780.366666666667,0.9867311828175731,False,2012,1,1482,45.0,2777.0,2732.0,2917.0,-3.366666666666788,2797.9777777777776
2012-01-09,2761,-0.5761613251710429,2774.5714285714284,2775.4,0.989586326467197,False,2012,1,1482,26.0,2777.0,2735.0,2910.0,-14.400000000000091,2799.0555555555557
2012-01-10,2755,-0.21731256791017728,2772.5714285714284,2770.233333333333,0.9890919960048374,False,2012,1,1482,-14.0,2761.0,2769.0,2910.0,-15.233333333333121,2799.811111111111
2012-01-11,2768,0.47186932849365704,2770.285714285714,2766.4333333333334,0.9845055449271151,False,2012,1,1482,-16.0,2755.0,2784.0,2882.0,1.566666666666606,2800.8555555555554
2012-01-12,2770,0.07225433526012459,2769.0,2762.5,0.9832085713834823,False,2012,1,1482,-9.0,2768.0,2779.0,2888.0,7.5,2801.766666666667
2012-01-13,2746,-0.8664259927797846,2764.8571428571427,2760.0333333333333,0.9014696052480002,False,2012,1,1482,-29.0,2770.0,2775.0,2820.0,-14.033333333333303,2802.411111111111
2012-01-14,2751,0.18208302986162384,2761.1428571428573,2760.133333333333,0.7722543097822383,False,2012,1,1482,-26.0,2746.0,2777.0,2748.0,-9.133333333333212,2803.1111111111113
2012-01-15,2751,0.0,2757.4285714285716,2760.4,0.7714372297524036,False,2012,1,1482,-26.0,2751.0,2777.0,2743.0,-9.400000000000091,2803.8555555555554
2012-01-16,2749,-0.07270083605961375,2755.714285714286,2759.9,0.7582913885166391,False,2012,1,1482,-12.0,2751.0,2761.0,2764.0,-10.900000000000091,2804.9333333333334
2012-01-17,2759,0.36376864314295876,2756.285714285714,2759.733333333333,0.7614475088821187,False,2012,1,1482,4.0,2749.0,2755.0,2764.0,-0.7333333333331211,2806.211111111111
2012-01-18,2748,-0.3986951794128335,2753.4285714285716,2759.133333333333,0.7646846863399624,False,2012,1,1482,-20.0,2759.0,2768.0,2766.0,-11.133333333333212,2807.5
2012-01-19,2731,-0.6186317321688506,2747.8571428571427,2757.3,0.7590051849165492,False,2012,1,1482,-39.0,2748.0,2770.0,2786.0,-26.300000000000182,2808.233333333333
2012-01-20,2747,0.5858659831563529,2748.0,2756.133333333333,0.767987749746619,False,2012,1,1482,1.0,2731.0,2746.0,2782.0,-9.133333333333212,2809.011111111111
2012-01-21,2749,0.07280669821623231,2747.714285714286,2755.5,0.7631758292587124,False,2012,1,1482,-2.0,2747.0,2751.0,2768.0,-6.5,2809.811111111111
2012-01-22,2749,0.0,2747.4285714285716,2754.633333333333,0.76145064370123,False,2012,1,1482,-2.0,2749.0,2751.0,2775.0,-5.633333333333212,2810.7
2012-01-23,2752,0.10913059294288541,2747.8571428571427,2753.733333333333,0.7612035616342944,False,2012,1,1482,3.0,2749.0,2749.0,2779.0,-1.7333333333331211,2810.8777777777777
2012-01-24,2741,-0.39970930232557933,2745.285714285714,2752.4666666666667,0.764157307106945,False,2012,1,1482,-18.0,2752.0,2759.0,2779.0,-11.466666666666697,2810.7
2012-01-25,2744,0.10944910616563774,2744.714285714286,2751.3333333333335,0.7646649665885324,False,2012,1,1482,-4.0,2741.0,2748.0,2778.0,-7.333333333333485,2810.2555555555555
2012-01-26,2763,0.6924198250728875,2749.285714285714,2751.3,0.7707113591508673,False,2012,1,1482,32.0,2744.0,2731.0,2764.0,11.699999999999818,2810.3
2012-01-27,2800,1.3391241404270726,2756.8571428571427,2753.766666666667,0.7628104033636789,True,2012,1,1482,53.0,2763.0,2747.0,2726.0,46.23333333333312,2810.788888888889
2012-01-28,2799,-0.03571428571428337,2764.0,2757.9,0.6676064500283803,False,2012,1,1482,50.0,2800.0,2749.0,2675.0,41.09999999999991,2811.266666666667
2012-01-29,2799,0.0,2771.1428571428573,2759.733333333333,0.4856838296230191,False,2012,1,1482,50.0,2799.0,2749.0,2744.0,39.26666666666688,2811.988888888889
2012-01-30,2805,0.2143622722400762,2778.714285714286,2762.1666666666665,0.4768283633923508,False,2012,1,1482,53.0,2799.0,2752.0,2732.0,42.833333333333485,2812.5777777777776
2012-01-31,2806,0.035650623885907784,2788.0,2764.633333333333,0.4766432122619676,False,2012,1,1482,65.0,2805.0,2741.0,2732.0,41.36666666666679,2813.088888888889
2012-02-01,2807,0.03563791874554578,2797.0,2767.0333333333333,0.47673046139771674,False,2012,2,1482,63.0,2806.0,2744.0,2735.0,39.9666666666667,2813.177777777778
2012-02-02,2813,0.21375133594585538,2804.1428571428573,2768.5,0.4249341553426519,False,2012,2,1482,50.0,2807.0,2763.0,2769.0,44.5,2813.3888888888887
2012-02-03,2781,-1.137575542125846,2801.4285714285716,2768.4,0.4669267165587573,True,2012,2,1482,-19.0,2813.0,2800.0,2784.0,12.599999999999909,2813.311111111111
2012-02-04,2789,0.28766630708378926,2800.0,2768.733333333333,0.46860722067570215,False,2012,2,1482,-10.0,2781.0,2799.0,2779.0,20.26666666666688,2813.322222222222
2012-02-05,2789,0.0,2798.5714285714284,2769.2,0.46768056874528297,False,2012,2,1482,-10.0,2789.0,2799.0,2775.0,19.800000000000182,2812.7444444444445
2012-02-06,2793,0.1434205808533484,2796.8571428571427,2769.733333333333,0.4681470817823115,False,2012,2,1482,-12.0,2789.0,2805.0,2777.0,23.26666666666688,2811.766666666667
2012-02-07,2837,1.575366988900817,2801.285714285714,2771.733333333333,0.5474412022138214,True,2012,2,1482,31.0,2793.0,2806.0,2777.0,65.26666666666688,2811.0666666666666
2012-02-08,2822,-0.5287275290800086,2803.4285714285716,2773.766666666667,0.5455677543998517,False,2012,2,1482,15.0,2837.0,2807.0,2761.0,48.23333333333312,2810.688888888889
2012-02-09,2844,0.7795889440113335,2807.8571428571427,2776.733333333333,0.5574244846602567,False,2012,2,1482,31.0,2822.0,2813.0,2755.0,67.26666666666688,2810.222222222222
2012-02-10,2825,-0.6680731364275716,2814.1428571428573,2778.633333333333,0.5704339374608661,False,2012,2,1482,44.0,2844.0,2781.0,2768.0,46.36666666666679,2809.5333333333333
2012-02-11,2825,0.0,2819.285714285714,2780.4666666666667,0.570574584644196,False,2012,2,1482,36.0,2825.0,2789.0,2770.0,44.5333333333333,2808.8444444444444
2012-02-12,2825,0.0,2824.4285714285716,2783.1,0.5429506026843645,False,2012,2,1482,36.0,2825.0,2789.0,2746.0,41.90000000000009,2808.0555555555557
2012-02-13,2813,-0.4247787610619502,2827.285714285714,2785.1666666666665,0.5508801822244256,False,2012,2,1482,20.0,2825.0,2793.0,2751.0,27.833333333333485,2806.8888888888887
2012-02-14,2813,0.0,2823.8571428571427,2787.233333333333,0.5508801822244256,False,2012,2,1482,-24.0,2813.0,2837.0,2751.0,25.76666666666688,2805.8888888888887
2012-02-15,2821,0.28439388553145317,2823.714285714286,2789.633333333333,0.5514189480785553,False,2012,2,1482,-1.0,2813.0,2822.0,2749.0,31.366666666666788,2805.722222222222
2012-02-16,2812,-0.31903580290677525,2819.1428571428573,2791.4,0.5537171998840156,False,2012,2,1482,-32.0,2821.0,2844.0,2759.0,20.59999999999991,2805.1444444444446
2012-02-17,2807,-0.17780938833570348,2816.5714285714284,2793.366666666667,0.5487864408778094,False,2012,2,1482,-18.0,2812.0,2825.0,2748.0,13.633333333333212,2804.4222222222224
2012-02-18,2811,0.14250089063057025,2814.5714285714284,2796.0333333333333,0.5331132454912174,False,2012,2,1482,-14.0,2807.0,2825.0,2731.0,14.966666666666697,2803.7444444444445
2012-02-19,2811,0.0,2812.5714285714284,2798.1666666666665,0.5252857978979028,False,2012,2,1482,-14.0,2811.0,2825.0,2747.0,12.833333333333485,2803.4
2012-02-20,2815,0.14229811454997687,2812.8571428571427,2800.366666666667,0.5254147263084257,False,2012,2,1482,2.0,2811.0,2813.0,2749.0,14.633333333333212,2802.6666666666665
2012-02-21,2838,0.8170515097690956,2816.4285714285716,2803.3333333333335,0.5420148993667716,False,2012,2,1482,25.0,2815.0,2813.0,2749.0,34.666666666666515,2802.211111111111
2012-02-22,2850,0.42283298097252064,2820.5714285714284,2806.6,0.5450613251755421,False,2012,2,1482,29.0,2838.0,2821.0,2752.0,43.40000000000009,2802.1222222222223
2012-02-23,2892,1.473684210526316,2832.0,2811.633333333333,0.5892140457129784,True,2012,2,1482,80.0,2850.0,2812.0,2741.0,80.36666666666679,2802.677777777778
2012-02-24,2865,-0.9336099585062207,2840.285714285714,2815.6666666666665,0.6233425582078466,False,2012,2,1482,58.0,2892.0,2807.0,2744.0,49.333333333333485,2802.9333333333334
2012-02-25,2867,0.06980802792320162,2848.285714285714,2819.133333333333,0.6148226579278364,False,2012,2,1482,56.0,2865.0,2811.0,2763.0,47.86666666666679,2803.211111111111
2012-02-26,2867,0.0,2856.285714285714,2821.366666666667,0.570665508360525,False,2012,2,1482,56.0,2867.0,2811.0,2800.0,45.63333333333321,2803.088888888889
2012-02-27,2875,0.2790373212417263,2864.8571428571427,2823.9,0.5713496435474726,False,2012,2,1482,60.0,2867.0,2815.0,2799.0,51.09999999999991,2803.177777777778
2012-02-28,2892,0.5913043478260827,2872.5714285714284,2827.0,0.5782626068379073,False,2012,2,1482,54.0,2875.0,2838.0,2799.0,65.0,2802.988888888889
2012-02-29,2798,-3.250345781466113,2865.1428571428573,2826.766666666667,0.8424607603556974,True,2012,2,1482,-52.0,2892.0,2850.0,2805.0,-28.76666666666688,2801.988888888889
2012-03-01,2787,-0.393137955682632,2850.1428571428573,2826.133333333333,0.845381962771503,False,2012,3,1482,-105.0,2798.0,2892.0,2806.0,-39.13333333333321,2800.9
2012-03-02,2798,0.394689630426992,2840.5714285714284,2825.8333333333335,0.8487195116654745,False,2012,3,1482,-67.0,2787.0,2865.0,2807.0,-27.833333333333485,2799.822222222222
2012-03-03,2802,0.14295925661187425,2831.285714285714,2825.4666666666667,0.8481822786252632,False,2012,3,1482,-65.0,2798.0,2867.0,2813.0,-23.466666666666697,2798.788888888889
2012-03-04,2802,0.0,2822.0,2826.1666666666665,0.8210064282973707,False,2012,3,1482,-65.0,2802.0,2867.0,2781.0,-24.166666666666515,2797.6555555555556
2012-03-05,2801,-0.035688793718768874,2811.4285714285716,2826.5666666666666,0.8196062646768214,False,2012,3,1482,-74.0,2802.0,2875.0,2789.0,-25.566666666666606,2796.588888888889
2012-03-06,2782,-0.6783291681542347,2795.714285714286,2826.3333333333335,0.8294064387820734,False,2012,3,1482,-110.0,2801.0,2892.0,2789.0,-44.333333333333485,2794.988888888889
2012-03-07,2788,0.21567217828899476,2794.285714285714,2826.1666666666665,0.8299570533102084,False,2012,3,1482,-10.0,2782.0,2798.0,2793.0,-38.166666666666515,2793.6444444444446
2012-03-08,2797,0.3228120516499233,2795.714285714286,2824.8333333333335,0.7776982010260511,False,2012,3,1482,10.0,2788.0,2787.0,2837.0,-27.833333333333485,2792.311111111111
2012-03-09,2798,0.03575259206292092,2795.714285714286,2824.0333333333333,0.772385668399635,False,2012,3,1482,0.0,2797.0,2798.0,2822.0,-26.033333333333303,2791.0666666666666
2012-03-10,2797,-0.03573981415296856,2795.0,2822.4666666666667,0.7572752793199972,False,2012,3,1482,-5.0,2798.0,2802.0,2844.0,-25.466666666666697,2789.811111111111
2012-03-11,2797,0.0,2794.285714285714,2821.5333333333333,0.748325922150105,False,2012,3,1482,-5.0,2797.0,2802.0,2825.0,-24.533333333333303,2788.866666666667
2012-03-12,2798,0.03575259206292092,2793.8571428571427,2820.633333333333,0.748404562473567,False,2012,3,1482,-3.0,2797.0,2801.0,2825.0,-22.633333333333212,2787.866666666667
2012-03-13,2784,-0.5003573981415266,2794.1428571428573,2819.266666666667,0.7532893259111285,False,2012,3,1482,2.0,2798.0,2782.0,2825.0,-35.26666666666688,2787.4666666666667
2012-03-14,2747,-1.3290229885057459,2788.285714285714,2817.0666666666666,0.7863363833223661,True,2012,3,1482,-41.0,2784.0,2788.0,2813.0,-70.0666666666666,2787.4555555555557
2012-03-15,2769,0.8008736803785999,2784.285714285714,2815.6,0.8024382834940116,False,2012,3,1482,-28.0,2747.0,2797.0,2813.0,-46.59999999999991,2787.7444444444445
2012-03-16,2770,0.03611412062116681,2780.285714285714,2813.9,0.8001541670795633,False,2012,3,1482,-28.0,2769.0,2798.0,2821.0,-43.90000000000009,2787.811111111111
2012-03-17,2788,0.6498194945848468,2779.0,2813.1,0.8087470777946838,False,2012,3,1482,-9.0,2770.0,2797.0,2812.0,-25.09999999999991,2788.0777777777776
2012-03-18,2788,0.0,2777.714285714286,2812.4666666666667,0.8082427720529994,False,2012,3,1482,-9.0,2788.0,2797.0,2807.0,-24.466666666666697,2788.322222222222
2012-03-19,2791,0.10760401721663371,2776.714285714286,2811.8,0.8080267483558868,False,2012,3,1482,-7.0,2788.0,2798.0,2811.0,-20.800000000000182,2788.3777777777777
2012-03-20,2780,-0.3941239699032595,2776.1428571428573,2810.766666666667,0.81087911440317,False,2012,3,1482,-4.0,2791.0,2784.0,2811.0,-30.76666666666688,2788.3555555555554
2012-03-21,2785,0.17985611510791255,2781.5714285714284,2809.766666666667,0.8111892141657124,False,2012,3,1482,38.0,2780.0,2747.0,2815.0,-24.76666666666688,2788.5444444444443
2012-03-22,2788,0.10771992818672249,2784.285714285714,2808.1,0.7957641119134439,False,2012,3,1482,19.0,2785.0,2769.0,2838.0,-20.09999999999991,2788.688888888889
2012-03-23,2808,0.7173601147776099,2789.714285714286,2806.7,0.8036547598526327,False,2012,3,1482,38.0,2788.0,2770.0,2850.0,1.300000000000182,2789.011111111111
2012-03-24,2765,-1.5313390313390296,2786.4285714285716,2802.4666666666667,0.7948941426718178,True,2012,3,1482,-23.0,2808.0,2788.0,2892.0,-37.4666666666667,2788.8555555555554
2012-03-25,2810,1.6274864376130127,2789.5714285714284,2800.633333333333,0.8434864902215885,True,2012,3,1482,22.0,2765.0,2788.0,2865.0,9.366666666666788,2789.211111111111
2012-03-26,2834,0.8540925266903976,2795.714285714286,2799.5333333333333,0.8596826914155511,False,2012,3,1482,43.0,2810.0,2791.0,2867.0,34.4666666666667,2789.988888888889
2012-03-27,2828,-0.21171489061396764,2802.5714285714284,2798.233333333333,0.8602544974020304,False,2012,3,1482,48.0,2834.0,2780.0,2867.0,29.76666666666688,2791.1222222222223
2012-03-28,2811,-0.6011315417255969,2806.285714285714,2796.1,0.863928151248462,False,2012,3,1482,26.0,2828.0,2785.0,2875.0,14.900000000000091,2792.633333333333
2012-03-29,2816,0.1778726431874711,2810.285714285714,2793.5666666666666,0.8562563220740207,False,2012,3,1482,28.0,2811.0,2788.0,2892.0,22.433333333333394,2793.4333333333334
2012-03-30,2813,-0.10653409090909394,2811.0,2794.0666666666666,0.6134866923574643,False,2012,3,1482,5.0,2816.0,2808.0,2798.0,18.933333333333394,2794.3333333333335
2012-03-31,2801,-0.42659082829719086,2816.1428571428573,2794.5333333333333,0.6142927247890982,False,2012,3,1482,36.0,2813.0,2765.0,2787.0,6.466666666666697,2795.1
2012-04-01,2801,0.0,2814.8571428571427,2794.633333333333,0.6101713921308747,False,2012,4,1482,-9.0,2801.0,2810.0,2798.0,6.366666666666788,2795.8333333333335
2012-04-02,2790,-0.3927168868261388,2808.5714285714284,2794.233333333333,0.6138332019246837,False,2012,4,1482,-44.0,2801.0,2834.0,2802.0,-4.233333333333121,2796.0666666666666
2012-04-03,2794,0.14336917562725038,2803.714285714286,2793.9666666666667,0.6144914863205321,False,2012,4,1482,-34.0,2790.0,2828.0,2802.0,0.03333333333330302,2796.177777777778
2012-04-04,2756,-1.3600572655690812,2795.8571428571427,2792.4666666666667,0.6622845498621498,True,2012,4,1482,-55.0,2794.0,2811.0,2801.0,-36.4666666666667,2795.9222222222224
2012-04-05,2808,1.8867924528301883,2794.714285714286,2793.3333333333335,0.7396768650016553,True,2012,4,1482,-8.0,2756.0,2816.0,2782.0,14.666666666666515,2796.288888888889
2012-04-06,2808,0.0,2794.0,2794.0,0.7388944580931908,False,2012,4,1482,-5.0,2808.0,2813.0,2788.0,14.0,2796.633333333333
2012-04-07,2820,0.42735042735042583,2796.714285714286,2794.766666666667,0.7405847844603538,False,2012,4,1482,19.0,2808.0,2801.0,2797.0,25.23333333333312,2797.1111111111113
2012-04-08,2820,0.0,2799.4285714285716,2795.5,0.7406038906117692,False,2012,4,1482,19.0,2820.0,2801.0,2798.0,24.5,2797.766666666667
2012-04-09,2833,0.46099290780141633,2805.5714285714284,2796.7,0.7446538652839134,False,2012,4,1482,43.0,2820.0,2790.0,2797.0,36.30000000000018,2798.633333333333
2012-04-10,2867,1.2001411930815387,2816.0,2799.0333333333333,0.7738022861779756,True,2012,4,1482,73.0,2833.0,2794.0,2797.0,67.9666666666667,2799.733333333333
2012-04-11,2863,-0.13951866062086316,2831.285714285714,2801.2,0.7748503963306633,False,2012,4,1482,107.0,2867.0,2756.0,2798.0,61.80000000000018,2800.766666666667
2012-04-12,2877,0.4889975550122161,2841.1428571428573,2804.3,0.7703620029747343,False,2012,4,1482,69.0,2863.0,2808.0,2784.0,72.69999999999982,2802.222222222222
2012-04-13,2859,-0.6256517205422307,2848.4285714285716,2808.0333333333333,0.7348638287062188,False,2012,4,1482,51.0,2877.0,2808.0,2747.0,50.9666666666667,2803.4222222222224
2012-04-14,2859,0.0,2854.0,2811.0333333333333,0.7243456696895555,False,2012,4,1482,39.0,2859.0,2820.0,2769.0,47.9666666666667,2804.6222222222223
2012-04-15,2859,0.0,2859.5714285714284,2814.0,0.7245013244469789,False,2012,4,1482,39.0,2859.0,2820.0,2770.0,45.0,2805.8444444444444
2012-04-16,2857,-0.06995452955579351,2863.0,2816.3,0.7178271055747727,False,2012,4,1482,24.0,2859.0,2833.0,2788.0,40.69999999999982,2806.9333333333334
2012-04-17,2847,-0.3500175008750439,2860.1428571428573,2818.266666666667,0.7220716209977446,False,2012,4,1482,-20.0,2857.0,2867.0,2788.0,28.73333333333312,2808.0333333333333
2012-04-18,2851,0.14049877063575522,2858.4285714285716,2820.266666666667,0.7221519842530775,False,2012,4,1482,-12.0,2847.0,2863.0,2791.0,30.73333333333312,2809.366666666667
2012-04-19,2865,0.4910557699052909,2856.714285714286,2823.1,0.7204708982556712,False,2012,4,1482,-12.0,2851.0,2877.0,2780.0,41.90000000000009,2810.677777777778
2012-04-20,2865,0.0,2857.5714285714284,2825.766666666667,0.7205571438694418,False,2012,4,1482,6.0,2865.0,2859.0,2785.0,39.23333333333312,2811.9666666666667
2012-04-21,2871,0.20942408376962707,2859.285714285714,2828.5333333333333,0.7208487561203463,False,2012,4,1482,12.0,2865.0,2859.0,2788.0,42.4666666666667,2813.322222222222
2012-04-22,2871,0.0,2861.0,2830.633333333333,0.711512862768215,False,2012,4,1482,12.0,2871.0,2859.0,2808.0,40.36666666666679,2814.6444444444446
2012-04-23,2875,0.13932427725531493,2863.5714285714284,2834.3,0.6434623264609646,False,2012,4,1482,18.0,2871.0,2857.0,2765.0,40.69999999999982,2816.133333333333
2012-04-24,2885,0.3478260869565153,2869.0,2836.8,0.5802224760347676,False,2012,4,1482,38.0,2875.0,2847.0,2810.0,48.19999999999982,2817.7
2012-04-25,2882,-0.10398613518197708,2873.4285714285716,2838.4,0.5627901571575153,False,2012,4,1482,31.0,2885.0,2851.0,2834.0,43.59999999999991,2819.0222222222224
2012-04-26,2902,0.6939625260235838,2878.714285714286,2840.866666666667,0.5720643100328282,False,2012,4,1482,37.0,2882.0,2865.0,2828.0,61.13333333333321,2820.1555555555556
2012-04-27,2908,0.2067539627842896,2884.8571428571427,2844.1,0.5573451382078632,False,2012,4,1482,43.0,2902.0,2865.0,2811.0,63.90000000000009,2821.366666666667
2012-04-28,2911,0.10316368638239037,2890.5714285714284,2847.266666666667,0.557219774907829,False,2012,4,1482,40.0,2908.0,2871.0,2816.0,63.73333333333312,2822.6111111111113
2012-04-29,2911,0.0,2896.285714285714,2850.5333333333333,0.5561164022623396,False,2012,4,1482,40.0,2911.0,2871.0,2813.0,60.4666666666667,2823.788888888889
2012-04-30,2916,0.171762281003085,2902.1428571428573,2854.366666666667,0.5466456079103967,False,2012,4,1482,41.0,2911.0,2875.0,2801.0,61.63333333333321,2825.011111111111
2012-05-01,2914,-0.0685871056241405,2906.285714285714,2858.133333333333,0.5473754407890015,False,2012,5,1482,29.0,2916.0,2885.0,2801.0,55.86666666666679,2826.2
2012-05-02,2921,0.24021962937543773,2911.8571428571427,2862.5,0.5385254292750742,False,2012,5,1482,39.0,2914.0,2882.0,2790.0,58.5,2827.4
2012-05-03,2919,-0.0684697021567926,2914.285714285714,2866.6666666666665,0.5400625494983472,False,2012,5,1482,17.0,2921.0,2902.0,2794.0,52.333333333333485,2828.9333333333334
2012-05-04,2918,-0.034258307639600805,2915.714285714286,2872.0666666666666,0.46089635440933796,False,2012,5,1482,10.0,2919.0,2908.0,2756.0,45.933333333333394,2830.366666666667
2012-05-05,2917,-0.034270047978068874,2916.5714285714284,2875.7,0.33294086775190745,False,2012,5,1482,6.0,2918.0,2911.0,2808.0,41.30000000000018,2831.788888888889
2012-05-06,2917,0.0,2917.4285714285716,2879.3333333333335,0.33294086775190745,False,2012,5,1482,6.0,2917.0,2911.0,2808.0,37.666666666666515,2833.1666666666665
2012-05-07,2895,-0.7541995200548546,2914.4285714285716,2881.8333333333335,0.3646314168792081,False,2012,5,1482,-21.0,2917.0,2916.0,2820.0,13.166666666666515,2833.811111111111
2012-05-08,2870,-0.8635578583765069,2908.1428571428573,2883.5,0.4038131424905348,False,2012,5,1482,-44.0,2895.0,2914.0,2820.0,-13.5,2834.3444444444444
2012-05-09,2867,-0.1045296167247356,2900.4285714285716,2884.633333333333,0.3975705951280144,False,2012,5,1482,-54.0,2870.0,2921.0,2833.0,-17.633333333333212,2834.6
2012-05-10,2845,-0.7673526334147196,2889.8571428571427,2883.9,0.36020974968515684,False,2012,5,1482,-74.0,2867.0,2919.0,2867.0,-38.90000000000009,2834.822222222222
2012-05-11,2836,-0.31634446397188487,2878.1428571428573,2883.0,0.3635784594506842,False,2012,5,1482,-82.0,2845.0,2918.0,2863.0,-47.0,2834.9444444444443
2012-05-12,2838,0.07052186177716191,2866.8571428571427,2881.7,0.35074363883011095,False,2012,5,1482,-79.0,2836.0,2917.0,2877.0,-43.69999999999982,2835.088888888889
2012-05-13,2838,0.0,2855.5714285714284,2881.0,0.3331818096004681,False,2012,5,1482,-79.0,2838.0,2917.0,2859.0,-43.0,2835.366666666667
2012-05-14,2823,-0.5285412262156397,2845.285714285714,2879.8,0.3456094901481908,False,2012,5,1482,-72.0,2838.0,2895.0,2859.0,-56.80000000000018,2835.4777777777776
2012-05-15,2814,-0.31880977683315104,2837.285714285714,2878.3,0.34916774532582806,False,2012,5,1482,-56.0,2823.0,2870.0,2859.0,-64.30000000000018,2835.4
2012-05-16,2803,-0.39090262970860046,2828.1428571428573,2876.5,0.3546025148327745,False,2012,5,1482,-64.0,2814.0,2867.0,2857.0,-73.5,2835.3
2012-05-17,2853,1.7838030681412764,2829.285714285714,2876.7,0.48505162314544664,True,2012,5,1482,8.0,2803.0,2845.0,2847.0,-23.699999999999818,2835.811111111111
2012-05-18,2890,1.296880476691209,2837.0,2878.0,0.5388913519731703,True,2012,5,1482,54.0,2853.0,2836.0,2851.0,12.0,2836.688888888889
2012-05-19,2896,0.20761245674740803,2845.285714285714,2879.0333333333333,0.5332875736173194,False,2012,5,1482,58.0,2890.0,2838.0,2865.0,16.966666666666697,2837.633333333333
2012-05-20,2896,0.0,2853.5714285714284,2880.0666666666666,0.5332875736173194,False,2012,5,1482,58.0,2896.0,2838.0,2865.0,15.933333333333394,2838.5333333333333
2012-05-21,2904,0.2762430939226457,2865.1428571428573,2881.1666666666665,0.5341702766819294,False,2012,5,1482,81.0,2896.0,2823.0,2871.0,22.833333333333485,2839.266666666667
2012-05-22,2908,0.13774104683195176,2878.5714285714284,2882.4,0.534411182214948,False,2012,5,1482,94.0,2904.0,2814.0,2871.0,25.59999999999991,2839.911111111111
2012-05-23,2898,-0.343878954607979,2892.1428571428573,2883.1666666666665,0.5387056377697749,False,2012,5,1482,95.0,2908.0,2803.0,2875.0,14.833333333333485,2839.9777777777776
2012-05-24,2894,-0.13802622498274575,2898.0,2883.4666666666667,0.5360544854463338,False,2012,5,1482,41.0,2898.0,2853.0,2885.0,10.533333333333303,2840.3
2012-05-25,2883,-0.38009675190048275,2897.0,2883.5,0.5404625732393789,False,2012,5,1482,-7.0,2894.0,2890.0,2882.0,-0.5,2840.4777777777776
2012-05-26,2892,0.3121748178980255,2896.4285714285716,2883.1666666666665,0.5279713991931007,False,2012,5,1482,-4.0,2883.0,2896.0,2902.0,8.833333333333485,2840.7555555555555
2012-05-27,2893,0.03457814661134151,2896.0,2882.6666666666665,0.5264657742714459,False,2012,5,1482,-3.0,2892.0,2896.0,2908.0,10.333333333333485,2840.9555555555557
2012-05-28,2896,0.10369858278602706,2894.8571428571427,2882.1666666666665,0.5264699548482941,False,2012,5,1482,-8.0,2893.0,2904.0,2911.0,13.833333333333485,2841.0
2012-05-29,2892,-0.13812154696132284,2892.5714285714284,2881.5333333333333,0.5269299811637694,False,2012,5,1482,-16.0,2896.0,2908.0,2911.0,10.466666666666697,2842.0444444444443
2012-05-30,2906,0.48409405255878113,2893.714285714286,2881.2,0.5338989183527673,False,2012,5,1482,8.0,2892.0,2898.0,2916.0,24.800000000000182,2843.366666666667
2012-05-31,2915,0.30970406056434197,2896.714285714286,2881.233333333333,0.5369280980908734,False,2012,5,1482,21.0,2906.0,2894.0,2914.0,33.76666666666688,2844.6666666666665
2012-06-01,2962,1.6123499142367104,2908.0,2882.6,0.6111810595249245,True,2012,6,1482,79.0,2915.0,2883.0,2921.0,79.40000000000009,2846.4444444444443
2012-06-02,2985,0.7765023632680723,2921.285714285714,2884.8,0.6249310181141027,False,2012,6,1482,93.0,2962.0,2892.0,2919.0,100.19999999999982,2848.4777777777776
2012-06-03,2985,0.0,2934.4285714285716,2887.0333333333333,0.6247530493031178,False,2012,6,1482,92.0,2985.0,2893.0,2918.0,97.9666666666667,2850.5222222222224
2012-06-04,2966,-0.6365159128978171,2944.4285714285716,2888.6666666666665,0.6380061136665558,False,2012,6,1482,70.0,2985.0,2896.0,2917.0,77.33333333333348,2852.5666666666666
2012-06-05,3002,1.2137559002022957,2960.1428571428573,2891.5,0.6718223989914796,True,2012,6,1482,110.0,2966.0,2892.0,2917.0,110.5,2854.9444444444443
2012-06-06,3009,0.23317788141239415,2974.8571428571427,2895.3,0.6525448000203302,False,2012,6,1482,103.0,3002.0,2906.0,2895.0,113.69999999999982,2857.3
2012-06-07,2937,-2.3928215353938187,2978.0,2897.5333333333333,0.7801593599841741,True,2012,6,1482,22.0,3009.0,2915.0,2870.0,39.4666666666667,2858.8444444444444
2012-06-08,2951,0.4766768811712563,2976.4285714285716,2900.3333333333335,0.7826341852826381,False,2012,6,1482,-11.0,2937.0,2962.0,2867.0,50.666666666666515,2860.5555555555557
2012-06-09,2955,0.13554727211115836,2972.1428571428573,2904.0,0.7653279344638457,False,2012,6,1482,-30.0,2951.0,2985.0,2845.0,51.0,2862.311111111111
2012-06-10,2955,0.0,2967.8571428571427,2907.9666666666667,0.7611429708270856,False,2012,6,1482,-30.0,2955.0,2985.0,2836.0,47.0333333333333,2864.0555555555557
2012-06-11,2972,0.5752961082910346,2968.714285714286,2912.4333333333334,0.7651249968139968,False,2012,6,1482,6.0,2955.0,2966.0,2838.0,59.566666666666606,2866.1444444444446
2012-06-12,2996,0.8075370121130465,2967.8571428571427,2917.7,0.7735789620868496,False,2012,6,1482,-6.0,2972.0,3002.0,2838.0,78.30000000000018,2868.911111111111
2012-06-13,2999,0.10013351134845472,2966.4285714285716,2923.5666666666666,0.7620499921240124,False,2012,6,1482,-10.0,2996.0,3009.0,2823.0,75.4333333333334,2871.4666666666667
2012-06-14,3009,0.33344448149383865,2976.714285714286,2930.0666666666666,0.7558811471385398,False,2012,6,1482,72.0,2999.0,2937.0,2814.0,78.9333333333334,2874.1222222222223
2012-06-15,3014,0.16616816218013586,2985.714285714286,2937.1,0.7469848929741192,False,2012,6,1482,63.0,3009.0,2951.0,2803.0,76.90000000000009,2876.633333333333
2012-06-16,3015,0.033178500331776384,2994.285714285714,2942.5,0.6887302270482693,False,2012,6,1482,60.0,3014.0,2955.0,2853.0,72.5,2879.1555555555556
2012-06-17,3015,0.0,3002.8571428571427,2946.6666666666665,0.656586796824459,False,2012,6,1482,60.0,3015.0,2955.0,2890.0,68.33333333333348,2881.6444444444446
2012-06-18,3026,0.3648424543946982,3010.5714285714284,2951.0,0.6577440353907147,False,2012,6,1482,54.0,3015.0,2972.0,2896.0,75.0,2884.3777777777777
2012-06-19,3021,-0.16523463317911213,3014.1428571428573,2955.1666666666665,0.6597199669162911,False,2012,6,1482,25.0,3026.0,2996.0,2896.0,65.83333333333348,2887.0
2012-06-20,3030,0.2979145978152964,3018.5714285714284,2959.366666666667,0.6598826609054956,False,2012,6,1482,31.0,3021.0,2999.0,2904.0,70.63333333333321,2889.688888888889
2012-06-21,2986,-1.4521452145214497,3015.285714285714,2961.9666666666667,0.7213645133550939,True,2012,6,1482,-23.0,3030.0,3009.0,2908.0,24.033333333333303,2891.6666666666665
2012-06-22,2989,0.10046885465506694,3011.714285714286,2965.0,0.7166782624458552,False,2012,6,1482,-25.0,2986.0,3014.0,2898.0,24.0,2894.1555555555556
2012-06-23,2998,0.30110404817664804,3009.285714285714,2968.4666666666667,0.716014742308615,False,2012,6,1482,-17.0,2989.0,3015.0,2894.0,29.533333333333303,2896.2444444444445
2012-06-24,2998,0.0,3006.8571428571427,2972.3,0.7101951130703893,False,2012,6,1482,-17.0,2998.0,3015.0,2883.0,25.699999999999818,2898.0666666666666
2012-06-25,3013,0.5003335557038024,3005.0,2976.3333333333335,0.7126593545264954,False,2012,6,1482,-13.0,2998.0,3026.0,2892.0,36.666666666666515,2900.1222222222223
2012-06-26,2995,-0.5974112180550994,3001.285714285714,2979.733333333333,0.7250907189898347,False,2012,6,1482,-26.0,3013.0,3021.0,2893.0,15.266666666666879,2902.1666666666665
2012-06-27,2999,0.13355592654424875,2996.8571428571427,2983.1666666666665,0.725090728968691,False,2012,6,1482,-31.0,2995.0,3030.0,2896.0,15.833333333333485,2904.2
2012-06-28,2966,-1.100366788929641,2994.0,2985.633333333333,0.7574241103245731,True,2012,6,1482,-20.0,2999.0,2986.0,2892.0,-19.633333333333212,2905.9
2012-06-29,2980,0.47201618341199403,2992.714285714286,2988.1,0.757208966635179,False,2012,6,1482,-9.0,2966.0,2989.0,2906.0,-8.099999999999909,2907.8888888888887
2012-06-30,2967,-0.43624161073825274,2988.285714285714,2989.8333333333335,0.7618647165333992,False,2012,6,1482,-31.0,2980.0,2998.0,2915.0,-22.833333333333485,2909.733333333333
2012-07-01,2967,0.0,2983.8571428571427,2990.0,0.7033314120877653,False,2012,7,1482,-31.0,2967.0,2998.0,2962.0,-23.0,2911.7
2012-07-02,2966,-0.03370407819346388,2977.1428571428573,2989.366666666667,0.6881982698213561,False,2012,7,1482,-47.0,2967.0,3013.0,2985.0,-23.366666666666788,2913.6111111111113
2012-07-03,2953,-0.43830074173971667,2971.1428571428573,2988.3,0.6924209946833912,False,2012,7,1482,-42.0,2966.0,2995.0,2985.0,-35.30000000000018,2915.8
2012-07-04,2957,0.13545546901456706,2965.1428571428573,2988.0,0.683528991785298,False,2012,7,1482,-42.0,2953.0,2999.0,2966.0,-31.0,2917.4555555555557
2012-07-05,2973,0.5410889414947606,2966.1428571428573,2987.0333333333333,0.6523979521156759,False,2012,7,1482,7.0,2957.0,2966.0,3002.0,-14.033333333333303,2919.288888888889
2012-07-06,2958,-0.5045408678102881,2963.0,2985.3333333333335,0.6560184897485617,False,2012,7,1482,-22.0,2973.0,2980.0,3009.0,-27.333333333333485,2920.822222222222
2012-07-07,2963,0.16903313049356772,2962.4285714285716,2986.2,0.48586135700681715,False,2012,7,1482,-4.0,2958.0,2967.0,2937.0,-23.199999999999818,2922.411111111111
2012-07-08,2963,0.0,2961.8571428571427,2986.6,0.47850650955309104,False,2012,7,1482,-4.0,2963.0,2967.0,2951.0,-23.59999999999991,2923.8555555555554
2012-07-09,2964,0.03374957813027102,2961.5714285714284,2986.9,0.47798019400051667,False,2012,7,1482,-2.0,2963.0,2966.0,2955.0,-22.90000000000009,2924.9333333333334
2012-07-10,2948,-0.5398110661268607,2960.8571428571427,2986.6666666666665,0.4884638468601844,False,2012,7,1482,-5.0,2964.0,2953.0,2955.0,-38.666666666666515,2925.8777777777777
2012-07-11,2928,-0.6784260515603768,2956.714285714286,2985.2,0.49057648726637915,False,2012,7,1482,-29.0,2948.0,2957.0,2972.0,-57.19999999999982,2926.4444444444443
2012-07-12,2924,-0.1366120218579181,2949.714285714286,2982.8,0.46328925109382396,False,2012,7,1482,-49.0,2928.0,2973.0,2996.0,-58.80000000000018,2927.1666666666665
2012-07-13,2928,0.1367989056087593,2945.4285714285716,2980.4333333333334,0.4638289145504724,False,2012,7,1482,-30.0,2924.0,2958.0,2999.0,-52.433333333333394,2927.9333333333334
2012-07-14,2927,-0.03415300546447675,2940.285714285714,2977.7,0.45737379870715783,False,2012,7,1482,-36.0,2928.0,2963.0,3009.0,-50.69999999999982,2928.688888888889
2012-07-15,2927,0.0,2935.1428571428573,2974.8,0.45515228131036795,False,2012,7,1482,-36.0,2927.0,2963.0,3014.0,-47.80000000000018,2929.4666666666667
2012-07-16,2929,0.06832934745473196,2930.1428571428573,2971.9333333333334,0.4555429133591662,False,2012,7,1482,-35.0,2927.0,2964.0,3015.0,-42.933333333333394,2930.3777777777777
2012-07-17,2931,0.06828269033800627,2927.714285714286,2969.133333333333,0.456206155901042,False,2012,7,1482,-17.0,2929.0,2948.0,3015.0,-38.13333333333321,2931.266666666667
2012-07-18,2916,-0.5117707267144334,2926.0,2965.4666666666667,0.4539291912131097,False,2012,7,1482,-12.0,2931.0,2928.0,3026.0,-49.4666666666667,2931.8333333333335
2012-07-19,2924,0.274348422496562,2926.0,2962.233333333333,0.459557192790468,False,2012,7,1482,0.0,2916.0,2924.0,3021.0,-38.23333333333312,2932.488888888889
2012-07-20,2919,-0.17099863201094356,2924.714285714286,2958.5333333333333,0.45321630929331713,False,2012,7,1482,-9.0,2924.0,2928.0,3030.0,-39.5333333333333,2933.0222222222224
2012-07-21,2928,0.30832476875641834,2924.8571428571427,2956.6,0.38390081058297887,False,2012,7,1482,1.0,2919.0,2927.0,2986.0,-28.59999999999991,2933.6555555555556
2012-07-22,2928,0.0,2925.0,2954.5666666666666,0.3828475168540568,False,2012,7,1482,1.0,2928.0,2927.0,2989.0,-26.566666666666606,2934.2444444444445
2012-07-23,2943,0.5122950819672178,2927.0,2952.733333333333,0.3917076271912603,False,2012,7,1482,14.0,2928.0,2929.0,2998.0,-9.733333333333121,2934.8888888888887
2012-07-24,2955,0.4077471967380175,2930.4285714285716,2951.3,0.40086275214350475,False,2012,7,1482,24.0,2943.0,2931.0,2998.0,3.699999999999818,2935.7
2012-07-25,2978,0.7783417935702142,2939.285714285714,2950.133333333333,0.41685520774017654,False,2012,7,1482,62.0,2955.0,2916.0,3013.0,27.866666666666788,2936.5444444444443
2012-07-26,2981,0.1007387508394908,2947.4285714285716,2949.6666666666665,0.40383840590213477,False,2012,7,1482,57.0,2978.0,2924.0,2995.0,31.333333333333485,2937.3555555555554
2012-07-27,2978,-0.10063737001005935,2955.8571428571427,2948.9666666666667,0.40313409455455895,False,2012,7,1482,59.0,2981.0,2919.0,2999.0,29.033333333333303,2938.1
2012-07-28,2980,0.0671591672263272,2963.285714285714,2949.4333333333334,0.3481038736861357,False,2012,7,1482,52.0,2978.0,2928.0,2966.0,30.566666666666606,2938.866666666667
2012-07-29,2980,0.0,2970.714285714286,2949.4333333333334,0.33729447843103655,False,2012,7,1482,52.0,2980.0,2928.0,2980.0,30.566666666666606,2939.5777777777776
2012-07-30,2979,-0.03355704697987072,2975.8571428571427,2949.8333333333335,0.3271734057958312,False,2012,7,1482,36.0,2980.0,2943.0,2967.0,29.166666666666515,2940.3
2012-07-31,2986,0.23497818059752262,2980.285714285714,2950.4666666666667,0.3296308473900015,False,2012,7,1482,31.0,2979.0,2955.0,2967.0,35.5333333333333,2941.0222222222224
2012-08-01,2957,-0.9711989283322175,2977.285714285714,2950.1666666666665,0.3762206787878438,False,2012,8,1482,-21.0,2986.0,2978.0,2966.0,6.833333333333485,2941.4444444444443
2012-08-02,2970,0.4396347649644916,2975.714285714286,2950.733333333333,0.3758567284329153,False,2012,8,1482,-11.0,2957.0,2981.0,2953.0,19.26666666666688,2942.0222222222224
2012-08-03,2956,-0.471380471380467,2972.5714285714284,2950.7,0.38562137470151747,False,2012,8,1482,-22.0,2970.0,2978.0,2957.0,5.300000000000182,2942.4555555555557
2012-08-04,2990,1.150202976995951,2974.0,2951.266666666667,0.4287403628185422,True,2012,8,1482,10.0,2956.0,2980.0,2973.0,38.73333333333312,2943.266666666667
2012-08-05,2990,0.0,2975.4285714285716,2952.3333333333335,0.4171994954182622,False,2012,8,1482,10.0,2990.0,2980.0,2958.0,37.666666666666515,2944.322222222222
2012-08-06,2995,0.16722408026756952,2977.714285714286,2953.4,0.4171798408997214,False,2012,8,1482,16.0,2990.0,2979.0,2963.0,41.59999999999991,2945.711111111111
2012-08-07,2982,-0.43405676126878623,2977.1428571428573,2954.0333333333333,0.4259300663436501,False,2012,8,1482,-4.0,2995.0,2986.0,2963.0,27.966666666666697,2946.988888888889
2012-08-08,2988,0.2012072434607548,2981.5714285714284,2954.8333333333335,0.4271822944929519,False,2012,8,1482,31.0,2982.0,2957.0,2964.0,33.166666666666515,2948.5777777777776
2012-08-09,2991,0.10040160642570406,2984.5714285714284,2956.266666666667,0.4136267320327994,False,2012,8,1482,21.0,2988.0,2970.0,2948.0,34.73333333333312,2950.3
2012-08-10,3006,0.5015045135406293,2991.714285714286,2958.866666666667,0.3978595892369228,False,2012,8,1482,50.0,2991.0,2956.0,2928.0,47.13333333333321,2952.1666666666665
2012-08-11,3003,-0.09980039920159944,2993.5714285714284,2961.5,0.3971977839113122,False,2012,8,1482,13.0,3006.0,2990.0,2924.0,41.5,2954.0
2012-08-12,3003,0.0,2995.4285714285716,2964.0,0.39742320287031635,False,2012,8,1482,13.0,3003.0,2990.0,2928.0,39.0,2956.0
2012-08-13,3015,0.3996003996004083,2998.285714285714,2966.9333333333334,0.40081055153861656,False,2012,8,1482,20.0,3003.0,2995.0,2927.0,48.066666666666606,2958.233333333333
2012-08-14,3002,-0.43117744610281505,3001.1428571428573,2969.4333333333334,0.41207633318211995,False,2012,8,1482,20.0,3015.0,2982.0,2927.0,32.566666666666606,2960.4444444444443
2012-08-15,3002,0.0,3003.1428571428573,2971.866666666667,0.4123614855424312,False,2012,8,1482,14.0,3002.0,2988.0,2929.0,30.133333333333212,2962.1
2012-08-16,3012,0.3331112591605567,3006.1428571428573,2974.5666666666666,0.4148645289503715,False,2012,8,1482,21.0,3002.0,2991.0,2931.0,37.433333333333394,2963.4555555555557
2012-08-17,3012,0.0,3007.0,2977.766666666667,0.3994273494740019,False,2012,8,1482,6.0,3012.0,3006.0,2916.0,34.23333333333312,2964.7444444444445
2012-08-18,3016,0.13280212483399723,3008.8571428571427,2980.8333333333335,0.3982386270639552,False,2012,8,1482,13.0,3012.0,3003.0,2924.0,35.166666666666515,2966.0777777777776
2012-08-19,3016,0.0,3010.714285714286,2984.0666666666666,0.395379131213195,False,2012,8,1482,13.0,3016.0,3003.0,2919.0,31.933333333333394,2967.322222222222
2012-08-20,3017,0.03315649867374759,3011.0,2987.0333333333333,0.3938030087974421,False,2012,8,1482,2.0,3016.0,3015.0,2928.0,29.966666666666697,2968.5333333333333
2012-08-21,3027,0.3314550878356082,3014.5714285714284,2990.3333333333335,0.39552882731578715,False,2012,8,1482,25.0,3017.0,3002.0,2928.0,36.666666666666515,2969.9666666666667
2012-08-22,3034,0.23125206475058668,3019.1428571428573,2993.366666666667,0.388986685528772,False,2012,8,1482,32.0,3027.0,3002.0,2943.0,40.63333333333321,2971.5222222222224
2012-08-23,3077,1.4172709294660413,3028.4285714285716,2997.4333333333334,0.4544761081180498,True,2012,8,1482,65.0,3034.0,3012.0,2955.0,79.5666666666666,2973.677777777778
2012-08-24,3083,0.19499512512186623,3038.5714285714284,3000.9333333333334,0.4382320700342006,False,2012,8,1482,71.0,3077.0,3012.0,2978.0,82.0666666666666,2975.8
2012-08-25,3094,0.3567953292247905,3049.714285714286,3004.7,0.44040275212355656,False,2012,8,1482,78.0,3083.0,3016.0,2981.0,89.30000000000018,2978.0333333333333
2012-08-26,3094,0.0,3060.8571428571427,3008.5666666666666,0.4390056080566375,False,2012,8,1482,78.0,3094.0,3016.0,2978.0,85.4333333333334,2980.233333333333
2012-08-27,3103,0.29088558500323103,3073.1428571428573,3012.6666666666665,0.4398291489820261,False,2012,8,1482,86.0,3094.0,3017.0,2980.0,90.33333333333348,2982.5777777777776
2012-08-28,3098,-0.1611343860779879,3083.285714285714,3016.6,0.44252090069304745,False,2012,8,1482,71.0,3103.0,3027.0,2980.0,81.40000000000009,2984.711111111111
2012-08-29,3081,-0.548741123305363,3090.0,3020.0,0.45880263530257615,False,2012,8,1482,47.0,3098.0,3034.0,2979.0,61.0,2986.5555555555557
2012-08-30,3080,-0.03245699448231054,3090.4285714285716,3023.133333333333,0.45895500292625135,False,2012,8,1482,3.0,3081.0,3077.0,2986.0,56.86666666666679,2987.866666666667
2012-08-31,3122,1.3636363636363669,3096.0,3028.633333333333,0.46814633294976693,True,2012,8,1482,39.0,3080.0,3083.0,2957.0,93.36666666666679,2989.3888888888887
2012-09-01,3134,0.384368994234463,3101.714285714286,3034.1,0.46720622144390267,False,2012,9,1482,40.0,3122.0,3094.0,2970.0,99.90000000000009,2991.0444444444443
2012-09-02,3134,0.0,3107.4285714285716,3040.0333333333333,0.452217343435931,False,2012,9,1482,40.0,3134.0,3094.0,2956.0,93.9666666666667,2992.911111111111
2012-09-03,3132,-0.06381620931716903,3111.5714285714284,3044.766666666667,0.41682671855451675,False,2012,9,1482,29.0,3134.0,3103.0,2990.0,87.23333333333312,2994.3555555555554
2012-09-04,3147,0.47892720306512704,3118.5714285714284,3050.0,0.4198217539409499,False,2012,9,1482,49.0,3132.0,3098.0,2990.0,97.0,2995.8888888888887
2012-09-05,3147,0.0,3128.0,3055.0666666666666,0.42099011224336025,False,2012,9,1482,66.0,3147.0,3081.0,2995.0,91.9333333333334,2998.222222222222
2012-09-06,3147,0.0,3137.5714285714284,3060.5666666666666,0.4068783542532566,False,2012,9,1482,67.0,3147.0,3080.0,2982.0,86.4333333333334,3000.4
2012-09-07,3199,1.6523673339688516,3148.5714285714284,3067.6,0.487668349675996,True,2012,9,1482,77.0,3147.0,3122.0,2988.0,131.4000000000001,3003.1111111111113
2012-09-08,3188,-0.3438574554548324,3156.285714285714,3074.1666666666665,0.49833188223988834,False,2012,9,1482,54.0,3199.0,3134.0,2991.0,113.83333333333348,3005.7
2012-09-09,3188,0.0,3164.0,3080.233333333333,0.49676530054933365,False,2012,9,1482,54.0,3188.0,3134.0,3006.0,107.76666666666688,3008.1
2012-09-10,3189,0.0313676286072706,3172.1428571428573,3086.4333333333334,0.4946326730088205,False,2012,9,1482,57.0,3188.0,3132.0,3003.0,102.5666666666666,3010.2444444444445
2012-09-11,3188,-0.03135779241141279,3178.0,3092.6,0.4951064957494816,False,2012,9,1482,41.0,3189.0,3147.0,3003.0,95.40000000000009,3012.3444444444444
2012-09-12,3187,-0.031367628607281706,3183.714285714286,3098.3333333333335,0.4953870379612212,False,2012,9,1482,40.0,3188.0,3147.0,3015.0,88.66666666666652,3014.322222222222
2012-09-13,3233,1.4433636648886194,3196.0,3106.0333333333333,0.5317085795016515,True,2012,9,1482,86.0,3187.0,3147.0,3002.0,126.9666666666667,3016.7555555555555
2012-09-14,3188,-1.3918960717599793,3194.4285714285716,3112.233333333333,0.6092397408508906,True,2012,9,1482,-11.0,3233.0,3199.0,3002.0,75.76666666666688,3018.677777777778
2012-09-15,3188,0.0,3194.4285714285716,3118.1,0.6098100601462184,False,2012,9,1482,0.0,3188.0,3188.0,3012.0,69.90000000000009,3020.6
2012-09-16,3188,0.0,3194.4285714285716,3123.9666666666667,0.6098100601462184,False,2012,9,1482,0.0,3188.0,3188.0,3012.0,64.0333333333333,3022.4
2012-09-17,3183,-0.15683814303638632,3193.5714285714284,3129.5333333333333,0.6130518277429782,False,2012,9,1482,-6.0,3188.0,3189.0,3016.0,53.4666666666667,3024.2
2012-09-18,3195,0.37700282752120007,3194.5714285714284,3135.5,0.6130646675618937,False,2012,9,1482,7.0,3183.0,3188.0,3016.0,59.5,3026.0333333333333
2012-09-19,3201,0.1877934272300541,3196.5714285714284,3141.633333333333,0.6123137482995326,False,2012,9,1482,14.0,3195.0,3187.0,3017.0,59.36666666666679,3028.4222222222224
2012-09-20,3191,-0.3124023742580473,3190.5714285714284,3147.1,0.6187728457044461,False,2012,9,1482,-42.0,3201.0,3233.0,3027.0,43.90000000000009,3030.6666666666665
2012-09-21,3153,-1.1908492635537504,3185.5714285714284,3151.0666666666666,0.6671258760719879,True,2012,9,1482,-35.0,3191.0,3188.0,3034.0,1.933333333333394,3032.3888888888887
2012-09-22,3151,-0.06343165239454107,3180.285714285714,3153.5333333333333,0.6218799474196498,False,2012,9,1482,-37.0,3153.0,3188.0,3077.0,-2.533333333333303,3034.088888888889
2012-09-23,3151,0.0,3175.0,3155.8,0.6216676038840794,False,2012,9,1482,-37.0,3151.0,3188.0,3083.0,-4.800000000000182,3035.6222222222223
2012-09-24,3144,-0.22215169787369593,3169.4285714285716,3157.4666666666667,0.6215918457709063,False,2012,9,1482,-39.0,3151.0,3183.0,3094.0,-13.466666666666697,3037.277777777778
2012-09-25,3141,-0.0954198473282486,3161.714285714286,3159.0333333333333,0.6221285421462659,False,2012,9,1482,-54.0,3144.0,3195.0,3094.0,-18.033333333333303,3038.8555555555554
2012-09-26,3131,-0.3183699458771061,3151.714285714286,3159.9666666666667,0.624007361306357,False,2012,9,1482,-70.0,3141.0,3201.0,3103.0,-28.966666666666697,3040.688888888889
2012-09-27,3138,0.2235707441711865,3144.1428571428573,3161.3,0.6238581458142033,False,2012,9,1482,-53.0,3131.0,3191.0,3098.0,-23.300000000000182,3042.4444444444443
2012-09-28,3122,-0.5098789037603524,3139.714285714286,3162.6666666666665,0.6226226422505049,False,2012,9,1482,-31.0,3138.0,3153.0,3081.0,-40.666666666666515,3044.1666666666665
2012-09-29,3122,0.0,3135.5714285714284,3164.0666666666666,0.6225099012868089,False,2012,9,1482,-29.0,3122.0,3151.0,3080.0,-42.066666666666606,3045.8888888888887
2012-09-30,3122,0.0,3131.4285714285716,3164.0666666666666,0.570686282374819,False,2012,9,1482,-29.0,3122.0,3151.0,3122.0,-42.066666666666606,3047.6222222222223
2012-10-01,3103,-0.608584240871235,3125.5714285714284,3163.0333333333333,0.5764843426250738,False,2012,10,1482,-41.0,3122.0,3144.0,3134.0,-60.0333333333333,3049.288888888889
2012-10-02,3104,0.03222687721560202,3120.285714285714,3162.0333333333333,0.5765751363264637,False,2012,10,1482,-37.0,3103.0,3141.0,3134.0,-58.0333333333333,3050.9222222222224
2012-10-03,3098,-0.19329896907216426,3115.5714285714284,3160.9,0.5773176527769831,False,2012,10,1482,-33.0,3104.0,3131.0,3132.0,-62.90000000000009,3052.311111111111
2012-10-04,3073,-0.8069722401549351,3106.285714285714,3158.4333333333334,0.585540405047379,False,2012,10,1482,-65.0,3098.0,3138.0,3147.0,-85.4333333333334,3053.588888888889
2012-10-05,3111,1.236576635209885,3104.714285714286,3157.233333333333,0.6328103232633511,True,2012,10,1482,-11.0,3073.0,3122.0,3147.0,-46.23333333333312,3055.233333333333
2012-10-06,3118,0.22500803600129515,3104.1428571428573,3156.266666666667,0.6345877276628132,False,2012,10,1482,-4.0,3111.0,3122.0,3147.0,-38.26666666666688,3056.9555555555557
2012-10-07,3118,0.0,3103.5714285714284,3153.5666666666666,0.5496540212256346,False,2012,10,1482,-4.0,3118.0,3122.0,3199.0,-35.566666666666606,3058.6666666666665
2012-10-08,3135,0.5452212957023805,3108.1428571428573,3151.8,0.5590477662218623,False,2012,10,1482,32.0,3118.0,3103.0,3188.0,-16.800000000000182,3060.7444444444445
2012-10-09,3133,-0.06379585326953263,3112.285714285714,3149.9666666666667,0.5589552009233819,False,2012,10,1482,29.0,3135.0,3104.0,3188.0,-16.966666666666697,3063.0222222222224
2012-10-10,3145,0.38301947015639826,3119.0,3148.5,0.5645205213257737,False,2012,10,1482,47.0,3133.0,3098.0,3189.0,-3.5,3065.4777777777776
2012-10-11,3132,-0.41335453100158626,3127.4285714285716,3146.633333333333,0.5685018607273932,False,2012,10,1482,59.0,3145.0,3073.0,3188.0,-14.633333333333212,3067.7444444444445
2012-10-12,3127,-0.159642401021709,3129.714285714286,3144.633333333333,0.5687809032191224,False,2012,10,1482,16.0,3132.0,3111.0,3187.0,-17.633333333333212,3069.9666666666667
2012-10-13,3128,0.03197953309881374,3131.1428571428573,3141.133333333333,0.4933628767536386,False,2012,10,1482,10.0,3127.0,3118.0,3233.0,-13.133333333333212,3072.2
2012-10-14,3128,0.0,3132.5714285714284,3139.133333333333,0.429906521052124,False,2012,10,1482,10.0,3128.0,3118.0,3188.0,-11.133333333333212,3074.411111111111
2012-10-15,3098,-0.9590792838874651,3127.285714285714,3136.133333333333,0.4597304293548418,False,2012,10,1482,-37.0,3128.0,3135.0,3188.0,-38.13333333333321,3076.266666666667
2012-10-16,3103,0.16139444803098257,3123.0,3133.3,0.461812679768867,False,2012,10,1482,-30.0,3098.0,3133.0,3188.0,-30.300000000000182,3078.3444444444444
2012-10-17,3113,0.3222687721559758,3118.4285714285716,3130.9666666666667,0.46763362255420154,False,2012,10,1482,-32.0,3103.0,3145.0,3183.0,-17.966666666666697,3080.4444444444443
2012-10-18,3137,0.7709604882749854,3119.1428571428573,3129.0333333333333,0.4858827369926117,False,2012,10,1482,5.0,3113.0,3132.0,3195.0,7.966666666666697,3082.866666666667
2012-10-19,3126,-0.35065349059610895,3119.0,3126.5333333333333,0.48636203298656105,False,2012,10,1482,-1.0,3137.0,3127.0,3201.0,-0.533333333333303,3085.0666666666666
2012-10-20,3129,0.09596928982724684,3119.1428571428573,3124.4666666666667,0.4852847196425597,False,2012,10,1482,1.0,3126.0,3128.0,3191.0,4.533333333333303,3087.3
2012-10-21,3129,0.0,3119.285714285714,3123.6666666666665,0.4361726569156499,False,2012,10,1482,1.0,3129.0,3128.0,3153.0,5.333333333333485,3089.366666666667
2012-10-22,3107,-0.7031000319590919,3120.5714285714284,3122.2,0.4534326112111864,False,2012,10,1482,9.0,3129.0,3098.0,3151.0,-15.199999999999818,3091.0555555555557
2012-10-23,3098,-0.2896684905053126,3119.8571428571427,3120.4333333333334,0.45550159773875515,False,2012,10,1482,-5.0,3107.0,3103.0,3151.0,-22.433333333333394,3092.3888888888887
2012-10-24,3085,-0.4196255648805658,3115.8571428571427,3118.4666666666667,0.4594026871915392,False,2012,10,1482,-28.0,3098.0,3113.0,3144.0,-33.4666666666667,3093.5444444444443
2012-10-25,3092,0.22690437601295965,3109.4285714285716,3116.8333333333335,0.4623563931661628,False,2012,10,1482,-45.0,3085.0,3137.0,3141.0,-24.833333333333485,3094.811111111111
2012-10-26,3103,0.35575679172057395,3106.1428571428573,3115.9,0.46530437605737973,False,2012,10,1482,-23.0,3092.0,3126.0,3131.0,-12.900000000000091,3096.177777777778
2012-10-27,3102,-0.03222687721560202,3102.285714285714,3114.7,0.462855778434999,False,2012,10,1482,-27.0,3103.0,3129.0,3138.0,-12.699999999999818,3097.5333333333333
2012-10-28,3102,0.0,3098.4285714285716,3114.0333333333333,0.4541891395539729,False,2012,10,1482,-27.0,3102.0,3129.0,3122.0,-12.033333333333303,3098.9
2012-10-29,3109,0.22566086395874319,3098.714285714286,3113.6,0.45640229503141033,False,2012,10,1482,2.0,3102.0,3107.0,3122.0,-4.599999999999909,3100.266666666667
2012-10-30,3108,-0.03216468317787102,3100.1428571428573,3113.133333333333,0.4564087213459754,False,2012,10,1482,10.0,3109.0,3098.0,3122.0,-5.133333333333212,3101.9444444444443
2012-10-31,3111,0.09652509652509078,3103.8571428571427,3113.4,0.44268128057200345,False,2012,10,1482,26.0,3108.0,3085.0,3103.0,-2.400000000000091,3103.511111111111
2012-11-01,3094,-0.5464480874316946,3104.1428571428573,3113.0666666666666,0.45411789044868356,False,2012,11,1482,2.0,3111.0,3092.0,3104.0,-19.066666666666606,3105.0444444444443
2012-11-02,3043,-1.6483516483516536,3095.5714285714284,3111.233333333333,0.543335596324393,True,2012,11,1482,-60.0,3094.0,3103.0,3098.0,-68.23333333333312,3105.633333333333
2012-11-03,3050,0.23003614853762677,3088.1428571428573,3110.4666666666667,0.5267956028172264,False,2012,11,1482,-52.0,3043.0,3102.0,3073.0,-60.4666666666667,3106.3
2012-11-04,3050,0.0,3080.714285714286,3108.4333333333334,0.47011379450097773,False,2012,11,1482,-52.0,3050.0,3102.0,3111.0,-58.433333333333394,3106.911111111111
2012-11-05,3086,1.1803278688524488,3077.4285714285716,3107.366666666667,0.5201244171040679,True,2012,11,1482,-23.0,3050.0,3109.0,3118.0,-21.366666666666788,3108.0666666666666
2012-11-06,3132,1.4906027219701912,3080.8571428571427,3107.8333333333335,0.5899086209253802,True,2012,11,1482,24.0,3086.0,3108.0,3118.0,24.166666666666515,3109.6666666666665
2012-11-07,3123,-0.2873563218390829,3082.5714285714284,3107.4333333333334,0.5837348444913786,False,2012,11,1482,12.0,3132.0,3111.0,3135.0,15.566666666666606,3111.133333333333
2012-11-08,3132,0.2881844380403509,3088.0,3107.4,0.5861721016141596,False,2012,11,1482,38.0,3123.0,3094.0,3133.0,24.59999999999991,3112.5333333333333
2012-11-09,3165,1.0536398467432928,3105.4285714285716,3108.0666666666666,0.6134131500226683,False,2012,11,1482,122.0,3132.0,3043.0,3145.0,56.933333333333394,3114.3333333333335
2012-11-10,3164,-0.03159557661926993,3121.714285714286,3109.133333333333,0.6079856414486178,False,2012,11,1482,114.0,3165.0,3050.0,3132.0,54.86666666666679,3116.1222222222223
2012-11-11,3164,0.0,3138.0,3110.366666666667,0.6069148508144735,False,2012,11,1482,114.0,3164.0,3050.0,3127.0,53.63333333333321,3117.777777777778
2012-11-12,3176,0.37926675094817064,3150.8571428571427,3111.9666666666667,0.610040913502039,False,2012,11,1482,90.0,3164.0,3086.0,3128.0,64.0333333333333,3119.711111111111
2012-11-13,3168,-0.25188916876573986,3156.0,3113.3,0.6125178831224701,False,2012,11,1482,36.0,3176.0,3132.0,3128.0,54.69999999999982,3121.5555555555557
2012-11-14,3173,0.15782828282828731,3163.1428571428573,3115.8,0.5826507534521528,False,2012,11,1482,50.0,3168.0,3123.0,3098.0,57.19999999999982,3123.3444444444444
2012-11-15,3145,-0.8824456350457033,3165.0,3117.2,0.608312291513684,False,2012,11,1482,13.0,3173.0,3132.0,3103.0,27.800000000000182,3124.822222222222
2012-11-16,3163,0.572337042925275,3164.714285714286,3118.866666666667,0.6139073950169146,False,2012,11,1482,-2.0,3145.0,3165.0,3113.0,44.13333333333321,3126.4555555555557
2012-11-17,3164,0.03161555485298173,3164.714285714286,3119.766666666667,0.5988275206667908,False,2012,11,1482,0.0,3163.0,3164.0,3137.0,44.23333333333312,3128.1
2012-11-18,3164,0.0,3164.714285714286,3121.0333333333333,0.5945420866400805,False,2012,11,1482,0.0,3164.0,3164.0,3126.0,42.9666666666667,3129.733333333333
2012-11-19,3170,0.18963337547408532,3163.8571428571427,3122.4,0.5950809954481799,False,2012,11,1482,-6.0,3164.0,3176.0,3129.0,47.59999999999991,3131.322222222222
2012-11-20,3174,0.12618296529969264,3164.714285714286,3123.9,0.5951970488412368,False,2012,11,1482,6.0,3170.0,3168.0,3129.0,50.09999999999991,3132.8777777777777
2012-11-21,3179,0.1575299306868283,3165.5714285714284,3126.3,0.5781781308327488,False,2012,11,1482,6.0,3174.0,3173.0,3107.0,52.69999999999982,3134.011111111111
2012-11-22,3184,0.1572821642025879,3171.1428571428573,3129.1666666666665,0.574121444082093,False,2012,11,1482,39.0,3179.0,3145.0,3098.0,54.833333333333485,3135.133333333333
2012-11-23,3227,1.3505025125628123,3180.285714285714,3133.9,0.6095011865598743,True,2012,11,1482,64.0,3184.0,3163.0,3085.0,93.09999999999991,3136.6111111111113
2012-11-24,3224,-0.09296560272699095,3188.8571428571427,3138.3,0.6109401846213356,False,2012,11,1482,60.0,3227.0,3164.0,3092.0,85.69999999999982,3138.0555555555557
2012-11-25,3224,0.0,3197.4285714285716,3142.3333333333335,0.6100850212363238,False,2012,11,1482,60.0,3224.0,3164.0,3103.0,81.66666666666652,3139.4
2012-11-26,3235,0.341191066997526,3206.714285714286,3146.766666666667,0.6104831215181211,False,2012,11,1482,65.0,3224.0,3170.0,3102.0,88.23333333333312,3140.9222222222224
2012-11-27,3224,-0.34003091190107915,3213.8571428571427,3150.8333333333335,0.6163358067921347,False,2012,11,1482,50.0,3235.0,3174.0,3102.0,73.16666666666652,3142.511111111111
2012-11-28,3191,-1.0235732009925558,3215.5714285714284,3153.5666666666666,0.6509156166009594,False,2012,11,1482,12.0,3224.0,3179.0,3109.0,37.433333333333394,3143.7444444444445
2012-11-29,3158,-1.034158570980881,3211.8571428571427,3155.233333333333,0.6822908860033964,False,2012,11,1482,-26.0,3191.0,3184.0,3108.0,2.766666666666879,3144.1444444444446
2012-11-30,3110,-1.5199493350221638,3195.1428571428573,3155.2,0.74029912347444,True,2012,11,1482,-117.0,3158.0,3227.0,3111.0,-45.19999999999982,3143.8777777777777
2012-12-01,3111,0.03215434083601032,3179.0,3155.766666666667,0.7330305952055203,False,2012,12,1482,-113.0,3110.0,3224.0,3094.0,-44.76666666666688,3143.6222222222223
2012-12-02,3111,0.0,3162.8571428571427,3158.0333333333333,0.6619266216223554,False,2012,12,1482,-113.0,3111.0,3224.0,3043.0,-47.0333333333333,3143.3888888888887
2012-12-03,3128,0.5464480874316946,3147.5714285714284,3160.633333333333,0.666970374620535,False,2012,12,1482,-107.0,3111.0,3235.0,3050.0,-32.63333333333321,3143.177777777778
2012-12-04,3098,-0.9590792838874651,3129.5714285714284,3162.233333333333,0.6937021295742064,False,2012,12,1482,-126.0,3128.0,3224.0,3050.0,-64.23333333333312,3142.633333333333
2012-12-05,3121,0.742414460942542,3119.5714285714284,3163.4,0.6735061505231861,False,2012,12,1482,-70.0,3098.0,3191.0,3086.0,-42.40000000000009,3142.3444444444444
2012-12-06,3124,0.0961230374879829,3114.714285714286,3163.133333333333,0.6155515818524551,False,2012,12,1482,-34.0,3121.0,3158.0,3132.0,-39.13333333333321,3141.511111111111
2012-12-07,3124,0.0,3116.714285714286,3163.1666666666665,0.6132650788502375,False,2012,12,1482,14.0,3124.0,3110.0,3123.0,-39.166666666666515,3140.8
2012-12-08,3134,0.3201024327784907,3120.0,3163.233333333333,0.613804546487835,False,2012,12,1482,23.0,3124.0,3111.0,3132.0,-29.23333333333312,3140.2
2012-12-09,3134,0.0,3123.285714285714,3162.2,0.5809353560690873,False,2012,12,1482,23.0,3134.0,3111.0,3165.0,-28.199999999999818,3139.588888888889
2012-12-10,3147,0.41480536056157646,3126.0,3161.633333333333,0.5866133484128041,False,2012,12,1482,19.0,3134.0,3128.0,3164.0,-14.633333333333212,3139.133333333333
2012-12-11,3137,-0.3177629488401612,3131.5714285714284,3160.733333333333,0.5891723223557987,False,2012,12,1482,39.0,3147.0,3098.0,3164.0,-23.73333333333312,3138.5777777777776
2012-12-12,3140,0.0956327701625792,3134.285714285714,3159.5333333333333,0.5846887949141317,False,2012,12,1482,19.0,3137.0,3121.0,3176.0,-19.533333333333303,3137.5444444444443
2012-12-13,3122,-0.573248407643312,3134.0,3158.0,0.5916761165488088,False,2012,12,1482,-2.0,3140.0,3124.0,3168.0,-36.0,3136.811111111111
2012-12-14,3119,-0.09609224855862131,3133.285714285714,3156.2,0.5904592076114148,False,2012,12,1482,-5.0,3122.0,3124.0,3173.0,-37.19999999999982,3136.0444444444443
2012-12-15,3121,0.06412311638346324,3131.4285714285716,3155.4,0.56967160974104,False,2012,12,1482,-13.0,3119.0,3134.0,3145.0,-34.40000000000009,3135.3
2012-12-16,3121,0.0,3129.5714285714284,3154.0,0.5584872470872662,False,2012,12,1482,-13.0,3121.0,3134.0,3163.0,-33.0,3134.6111111111113
2012-12-17,3134,0.4165331624479407,3127.714285714286,3153.0,0.5646489724500506,False,2012,12,1482,-13.0,3121.0,3147.0,3164.0,-19.0,3133.9333333333334
2012-12-18,3110,-0.765794511805995,3123.8571428571427,3151.2,0.5803285129846806,False,2012,12,1482,-27.0,3134.0,3137.0,3164.0,-41.19999999999982,3132.9222222222224
2012-12-19,3086,-0.7717041800643032,3116.1428571428573,3148.4,0.592721901295703,False,2012,12,1482,-54.0,3110.0,3140.0,3170.0,-62.40000000000009,3131.7555555555555
2012-12-20,3049,-1.1989630589760214,3105.714285714286,3144.233333333333,0.6247393407363053,True,2012,12,1482,-73.0,3086.0,3122.0,3174.0,-95.23333333333312,3130.6
2012-12-21,3085,1.1807149885208368,3100.8571428571427,3141.1,0.6675500889152112,True,2012,12,1482,-34.0,3049.0,3119.0,3179.0,-56.09999999999991,3129.866666666667
2012-12-22,3090,0.16207455429497752,3096.4285714285716,3137.9666666666667,0.6676138166347219,False,2012,12,1482,-31.0,3085.0,3121.0,3184.0,-47.9666666666667,3129.188888888889
2012-12-23,3090,0.0,3092.0,3133.4,0.6096081946377795,False,2012,12,1482,-31.0,3090.0,3121.0,3227.0,-43.40000000000009,3128.588888888889
2012-12-24,3085,-0.16181229773463146,3085.0,3128.766666666667,0.6095440955953303,False,2012,12,1482,-49.0,3090.0,3134.0,3224.0,-43.76666666666688,3127.9666666666667
2012-12-25,3085,0.0,3081.4285714285716,3124.133333333333,0.6095440955953303,False,2012,12,1482,-25.0,3085.0,3110.0,3224.0,-39.13333333333321,3127.4555555555557
2012-12-26,3069,-0.5186385737439236,3079.0,3118.6,0.6061001709849284,False,2012,12,1482,-17.0,3085.0,3086.0,3235.0,-49.59999999999991,3126.688888888889
2012-12-27,3083,0.456174649723029,3083.8571428571427,3113.9,0.6159164676414914,False,2012,12,1482,34.0,3069.0,3049.0,3224.0,-30.90000000000009,3126.2555555555555
2012-12-28,3067,-0.5189750243269509,3081.285714285714,3109.766666666667,0.5977790564701791,False,2012,12,1482,-18.0,3083.0,3085.0,3191.0,-42.76666666666688,3125.6444444444446
2012-12-29,3070,0.09781545484186527,3078.4285714285716,3106.8333333333335,0.5740121690271088,False,2012,12,1482,-20.0,3067.0,3090.0,3158.0,-36.833333333333485,3125.0666666666666
2012-12-30,3070,0.0,3075.5714285714284,3105.5,0.5068271302596827,False,2012,12,1482,-20.0,3070.0,3090.0,3110.0,-35.5,3124.7
2012-12-31,3084,0.4560260586319309,3075.4285714285716,3104.6,0.5148081185639545,False,2012,12,1482,-1.0,3070.0,3085.0,3111.0,-20.59999999999991,3124.4777777777776
2013-01-01,3089,0.1621271076523989,3076.0,3103.866666666667,0.515959365692241,False,2013,1,1482,4.0,3084.0,3085.0,3111.0,-14.866666666666788,3124.3777777777777
2013-01-02,3105,0.5179669796050446,3081.1428571428573,3103.1,0.5149017721824704,False,2013,1,1482,36.0,3089.0,3069.0,3128.0,1.900000000000091,3124.733333333333
2013-01-03,3096,-0.28985507246376274,3083.0,3103.0333333333333,0.4866865705951692,False,2013,1,1482,13.0,3105.0,3083.0,3098.0,-7.033333333333303,3124.5666666666666
2013-01-04,3076,-0.6459948320413411,3084.285714285714,3101.5333333333333,0.4795158600787108,False,2013,1,1482,9.0,3096.0,3067.0,3121.0,-25.533333333333303,3124.1
2013-01-05,3090,0.4551365409622976,3087.1428571428573,3100.4,0.4876295667226455,False,2013,1,1482,20.0,3076.0,3070.0,3124.0,-10.400000000000091,3123.788888888889
2013-01-06,3090,0.0,3090.0,3099.266666666667,0.4876295667226455,False,2013,1,1482,20.0,3090.0,3070.0,3124.0,-9.266666666666879,3123.288888888889
2013-01-07,3089,-0.03236245954693073,3090.714285714286,3097.766666666667,0.4829948825220174,False,2013,1,1482,5.0,3090.0,3084.0,3134.0,-8.766666666666879,3122.8
2013-01-08,3094,0.16186468112657781,3091.4285714285716,3096.4333333333334,0.48444074132834947,False,2013,1,1482,5.0,3089.0,3089.0,3134.0,-2.433333333333394,3122.233333333333
2013-01-09,3079,-0.4848093083387184,3087.714285714286,3094.1666666666665,0.48305141590922157,False,2013,1,1482,-26.0,3094.0,3105.0,3147.0,-15.166666666666515,3121.6444444444446
2013-01-10,3093,0.45469308216954385,3087.285714285714,3092.7,0.49001808250148376,False,2013,1,1482,-3.0,3079.0,3096.0,3137.0,0.3000000000001819,3121.266666666667
2013-01-11,3074,-0.6142903330100258,3087.0,3090.5,0.49998734138151574,False,2013,1,1482,-2.0,3093.0,3076.0,3140.0,-16.5,3120.6666666666665
2013-01-12,3079,0.16265452179571316,3085.4285714285716,3089.0666666666666,0.4924193174691022,False,2013,1,1482,-11.0,3074.0,3090.0,3122.0,-10.066666666666606,3120.1222222222223
2013-01-13,3079,0.0,3083.8571428571427,3087.733333333333,0.49238835314574525,False,2013,1,1482,-11.0,3079.0,3090.0,3119.0,-8.733333333333121,3119.911111111111
2013-01-14,3074,-0.16239038648911963,3081.714285714286,3086.1666666666665,0.49244411280924966,False,2013,1,1482,-15.0,3079.0,3089.0,3121.0,-12.166666666666515,3119.588888888889
2013-01-15,3086,0.39037085230968493,3080.5714285714284,3085.0,0.4989094427091534,False,2013,1,1482,-8.0,3074.0,3094.0,3121.0,1.0,3119.288888888889
2013-01-16,3089,0.09721322099804919,3082.0,3083.5,0.49227569748110833,False,2013,1,1482,10.0,3086.0,3079.0,3134.0,5.5,3118.7555555555555
2013-01-17,3073,-0.5179669796050557,3079.1428571428573,3082.266666666667,0.48176525558394406,False,2013,1,1482,-20.0,3089.0,3093.0,3110.0,-9.266666666666879,3118.1666666666665
2013-01-18,3063,-0.32541490400260775,3077.5714285714284,3081.5,0.46494952158643255,False,2013,1,1482,-11.0,3073.0,3074.0,3086.0,-18.5,3117.4333333333334
2013-01-19,3057,-0.19588638589618235,3074.4285714285716,3081.766666666667,0.4103995948926871,False,2013,1,1482,-22.0,3063.0,3079.0,3049.0,-24.76666666666688,3116.633333333333
2013-01-20,3057,0.0,3071.285714285714,3080.8333333333335,0.34573241327717447,False,2013,1,1482,-22.0,3057.0,3079.0,3085.0,-23.833333333333485,3116.0777777777776
2013-01-21,3074,0.5561007523716022,3071.285714285714,3080.3,0.360444749063824,False,2013,1,1482,0.0,3057.0,3074.0,3090.0,-6.300000000000182,3115.811111111111
2013-01-22,3078,0.13012361743656164,3070.1428571428573,3079.9,0.3614339016691256,False,2013,1,1482,-8.0,3074.0,3086.0,3090.0,-1.900000000000091,3115.733333333333
2013-01-23,3070,-0.2599090318388564,3067.4285714285716,3079.4,0.3632718963270377,False,2013,1,1482,-19.0,3078.0,3089.0,3085.0,-9.400000000000091,3115.488888888889
2013-01-24,3048,-0.7166123778501676,3063.8571428571427,3078.1666666666665,0.3851141380452514,False,2013,1,1482,-25.0,3070.0,3073.0,3085.0,-30.166666666666515,3114.8777777777777
2013-01-25,3034,-0.45931758530183275,3059.714285714286,3077.0,0.3827139551724932,False,2013,1,1482,-29.0,3048.0,3063.0,3069.0,-43.0,3114.1222222222223
2013-01-26,3033,-0.03295978905735186,3056.285714285714,3075.3333333333335,0.3712022954081649,False,2013,1,1482,-24.0,3034.0,3057.0,3083.0,-42.333333333333485,3113.3555555555554
2013-01-27,3033,0.0,3052.8571428571427,3074.2,0.36072219344755374,False,2013,1,1482,-24.0,3033.0,3057.0,3067.0,-41.19999999999982,3112.511111111111
2013-01-28,3035,0.06594131223212063,3047.285714285714,3073.0333333333333,0.36035962892047435,False,2013,1,1482,-39.0,3033.0,3074.0,3070.0,-38.0333333333333,3111.7
2013-01-29,3026,-0.29654036243822457,3039.8571428571427,3071.5666666666666,0.3633477876830102,False,2013,1,1482,-52.0,3035.0,3078.0,3070.0,-45.566666666666606,3110.7555555555555
2013-01-30,3024,-0.06609385327164263,3033.285714285714,3069.5666666666666,0.3506830150118416,False,2013,1,1482,-46.0,3026.0,3070.0,3084.0,-45.566666666666606,3109.9777777777776
2013-01-31,2987,-1.2235449735449766,3024.5714285714284,3066.1666666666665,0.4065568452337486,True,2013,1,1482,-61.0,3024.0,3048.0,3089.0,-79.16666666666652,3109.3555555555554
2013-02-01,2995,0.26782725142282526,3019.0,3062.5,0.3956295351707511,False,2013,2,1482,-39.0,2987.0,3034.0,3105.0,-67.5,3108.7444444444445
2013-02-02,3004,0.3005008347245486,3014.8571428571427,3059.4333333333334,0.40149739055277633,False,2013,2,1482,-29.0,2995.0,3033.0,3096.0,-55.433333333333394,3108.233333333333
2013-02-03,3004,0.0,3010.714285714286,3057.0333333333333,0.3882953435305928,False,2013,2,1482,-29.0,3004.0,3033.0,3076.0,-53.0333333333333,3107.322222222222
2013-02-04,3031,0.898801597869503,3010.1428571428573,3055.0666666666666,0.41671698026877646,False,2013,2,1482,-4.0,3004.0,3035.0,3090.0,-24.066666666666606,3106.2
2013-02-05,3058,0.8907951171230666,3014.714285714286,3054.0,0.4516619446045763,False,2013,2,1482,32.0,3031.0,3026.0,3090.0,4.0,3105.4777777777776
2013-02-06,3060,0.06540222367561466,3019.8571428571427,3053.0333333333333,0.4520245301124213,False,2013,2,1482,36.0,3058.0,3024.0,3089.0,6.966666666666697,3104.677777777778
2013-02-10,3081,0.6862745098039191,3033.285714285714,3052.6,0.46951917752710665,False,2013,2,1482,94.0,3060.0,2987.0,3094.0,28.40000000000009,3103.7444444444445
2013-02-11,3081,0.0,3045.5714285714284,3052.6666666666665,0.46098465375910685,False,2013,2,1482,86.0,3081.0,2995.0,3079.0,28.333333333333485,3102.822222222222
2013-02-13,3058,-0.7465108730931536,3053.285714285714,3051.5,0.47244063449409907,False,2013,2,1482,54.0,3081.0,3004.0,3093.0,6.5,3101.6444444444446
2013-02-14,3047,-0.3597122302158251,3059.4285714285716,3050.6,0.4639205355059849,False,2013,2,1482,43.0,3058.0,3004.0,3074.0,-3.599999999999909,3100.211111111111
2013-02-15,3015,-1.0502133245815504,3057.1428571428573,3048.4666666666667,0.4982764776453809,False,2013,2,1482,-16.0,3047.0,3031.0,3079.0,-33.4666666666667,3098.511111111111
2013-02-16,3020,0.16583747927032544,3051.714285714286,3046.5,0.4999829477091636,False,2013,2,1482,-38.0,3015.0,3058.0,3079.0,-26.5,3096.811111111111
2013-02-17,3020,0.0,3046.0,3044.7,0.4997517444837597,False,2013,2,1482,-40.0,3020.0,3060.0,3074.0,-24.699999999999818,3095.4222222222224
2013-02-18,3018,-0.06622516556291647,3037.0,3042.4333333333334,0.492531162785443,False,2013,2,1482,-63.0,3020.0,3081.0,3086.0,-24.433333333333394,3093.811111111111
2013-02-19,3004,-0.46388336646785433,3026.0,3039.6,0.49647954500298624,False,2013,2,1482,-77.0,3018.0,3081.0,3089.0,-35.59999999999991,3092.0333333333333
2013-02-20,2959,-1.4980026631158494,3011.8571428571427,3035.8,0.5543586334610869,True,2013,2,1482,-99.0,3004.0,3058.0,3073.0,-76.80000000000018,3089.7555555555555
2013-02-21,2970,0.3717472118959009,3000.8571428571427,3032.7,0.5602247714443807,False,2013,2,1482,-77.0,2959.0,3047.0,3063.0,-62.69999999999982,3087.5333333333333
2013-02-22,2947,-0.774410774410772,2991.1428571428573,3029.0333333333333,0.5733985377842905,False,2013,2,1482,-68.0,2970.0,3015.0,3057.0,-82.0333333333333,3085.011111111111
2013-02-23,2961,0.47505938242280443,2982.714285714286,3025.8333333333335,0.5833147096592322,False,2013,2,1482,-59.0,2947.0,3020.0,3057.0,-64.83333333333348,3082.588888888889
2013-02-24,2961,0.0,2974.285714285714,3022.0666666666666,0.5702835450937213,False,2013,2,1482,-59.0,2961.0,3020.0,3074.0,-61.066666666666606,3080.1111111111113
2013-02-25,2961,0.0,2966.1428571428573,3018.1666666666665,0.5687833524242949,False,2013,2,1482,-57.0,2961.0,3018.0,3078.0,-57.166666666666515,3077.1555555555556
2013-02-26,3004,1.4522120905099634,2966.1428571428573,3015.9666666666667,0.636863334022366,True,2013,2,1482,0.0,2961.0,3004.0,3070.0,-11.966666666666697,3074.711111111111
2013-02-27,2974,-0.9986684420772329,2968.285714285714,3013.5,0.6487032601180596,False,2013,2,1482,15.0,3004.0,2959.0,3048.0,-39.5,3071.9333333333334
2013-02-28,2955,-0.638870208473441,2966.1428571428573,3010.866666666667,0.653138121601283,False,2013,2,1482,-15.0,2974.0,2970.0,3034.0,-55.86666666666679,3068.822222222222
2013-03-01,2971,0.5414551607445084,2969.5714285714284,3008.8,0.66308575074578,False,2013,3,1482,24.0,2955.0,2947.0,3033.0,-37.80000000000018,3066.011111111111
2013-03-02,2974,0.10097610232244758,2971.4285714285716,3006.8333333333335,0.6636919722660356,False,2013,3,1482,13.0,2971.0,2961.0,3033.0,-32.833333333333485,3063.6
2013-03-03,2974,0.0,2973.285714285714,3004.8,0.663358198860203,False,2013,3,1482,13.0,2974.0,2961.0,3035.0,-30.800000000000182,3061.5555555555557
2013-03-04,2969,-0.168123739071957,2974.4285714285716,3002.9,0.6622294614366946,False,2013,3,1482,8.0,2974.0,2961.0,3026.0,-33.90000000000009,3059.988888888889
2013-03-05,2959,-0.3368137420006745,2968.0,3000.733333333333,0.6641395574268888,False,2013,3,1482,-45.0,2969.0,3004.0,3024.0,-41.73333333333312,3058.3
2013-03-06,2963,0.13518080432579627,2966.4285714285716,2999.9333333333334,0.6281331770171417,False,2013,3,1482,-11.0,2959.0,2974.0,2987.0,-36.933333333333394,3056.6555555555556
2013-03-07,2941,-0.7424907188660179,2964.4285714285716,2998.133333333333,0.6388850883103123,False,2013,3,1482,-14.0,2963.0,2955.0,2995.0,-57.13333333333321,3054.5777777777776
2013-03-08,2934,-0.2380142808568464,2959.1428571428573,2995.8,0.6360047595541973,False,2013,3,1482,-37.0,2941.0,2971.0,3004.0,-61.80000000000018,3052.7555555555555
2013-03-09,2935,0.03408316291750868,2953.5714285714284,2993.5,0.6361767402747985,False,2013,3,1482,-39.0,2934.0,2974.0,3004.0,-58.5,3050.688888888889
2013-03-10,2935,0.0,2948.0,2990.3,0.6093089939146246,False,2013,3,1482,-39.0,2935.0,2974.0,3031.0,-55.30000000000018,3048.588888888889
2013-03-11,2932,-0.10221465076660774,2942.714285714286,2986.1,0.5795700511568801,False,2013,3,1482,-37.0,2935.0,2969.0,3058.0,-54.09999999999991,3046.4555555555557
2013-03-12,2944,0.4092769440654953,2940.5714285714284,2982.233333333333,0.5870940979126277,False,2013,3,1482,-15.0,2932.0,2959.0,3060.0,-38.23333333333312,3044.3444444444444
2013-03-13,2949,0.16983695652172948,2938.5714285714284,2977.8333333333335,0.5697380154410702,False,2013,3,1482,-14.0,2944.0,2963.0,3081.0,-28.833333333333485,3042.288888888889
2013-03-14,2939,-0.3390979993218024,2938.285714285714,2973.1,0.5701404300970502,False,2013,3,1482,-2.0,2949.0,2941.0,3081.0,-34.09999999999991,3039.9777777777776
2013-03-15,2935,-0.13610071452875294,2938.4285714285716,2969.0,0.5591098505051941,False,2013,3,1482,1.0,2939.0,2934.0,3058.0,-34.0,3037.733333333333
2013-03-16,2938,0.10221465076660774,2938.8571428571427,2965.366666666667,0.5590754247801419,False,2013,3,1482,3.0,2935.0,2935.0,3047.0,-27.366666666666788,3035.488888888889
2013-03-17,2938,0.0,2939.285714285714,2962.8,0.5309847794844988,False,2013,3,1482,3.0,2938.0,2935.0,3015.0,-24.800000000000182,3033.4444444444443
2013-03-18,2956,0.6126616746085833,2942.714285714286,2960.6666666666665,0.5443569347817282,False,2013,3,1482,24.0,2938.0,2932.0,3020.0,-4.666666666666515,3031.633333333333
2013-03-19,2986,1.0148849797023018,2948.714285714286,2959.5333333333333,0.5792691922918048,False,2013,3,1482,42.0,2956.0,2944.0,3020.0,26.466666666666697,3030.133333333333
2013-03-20,2970,-0.5358338914936422,2951.714285714286,2957.9333333333334,0.5864121249082465,False,2013,3,1482,21.0,2986.0,2949.0,3018.0,12.066666666666606,3028.4555555555557
2013-03-21,2983,0.43771043771043683,2958.0,2957.233333333333,0.5876647042178116,False,2013,3,1482,44.0,2970.0,2939.0,3004.0,25.76666666666688,3026.777777777778
2013-03-22,2968,-0.5028494803888672,2962.714285714286,2957.5333333333333,0.526346919626507,False,2013,3,1482,33.0,2983.0,2935.0,2959.0,10.466666666666697,3025.2
2013-03-23,2970,0.06738544474393926,2967.285714285714,2957.5333333333333,0.5220788831436944,False,2013,3,1482,32.0,2968.0,2938.0,2970.0,12.466666666666697,3023.911111111111
2013-03-24,2970,0.0,2971.8571428571427,2958.3,0.5011258132685396,False,2013,3,1482,32.0,2970.0,2938.0,2947.0,11.699999999999818,3023.0333333333333
2013-03-25,2961,-0.303030303030305,2972.5714285714284,2958.3,0.49726380880591486,False,2013,3,1482,5.0,2970.0,2956.0,2961.0,2.699999999999818,3021.6555555555556
2013-03-26,2949,-0.4052684903748771,2967.285714285714,2957.9,0.5027716903270935,False,2013,3,1482,-37.0,2961.0,2986.0,2961.0,-8.900000000000091,3020.088888888889
2013-03-27,2963,0.47473719905053446,2966.285714285714,2957.9666666666667,0.5105831353209359,False,2013,3,1482,-7.0,2949.0,2970.0,2961.0,5.033333333333303,3018.677777777778
2013-03-28,2945,-0.6074924063449227,2960.8571428571427,2956.0,0.44308184269308376,False,2013,3,1482,-38.0,2963.0,2983.0,3004.0,-11.0,3017.1222222222223
2013-03-29,2945,0.0,2957.5714285714284,2955.0333333333333,0.40653561517216297,False,2013,3,1482,-23.0,2945.0,2968.0,2974.0,-10.033333333333303,3015.5666666666666
2013-03-30,2941,-0.13582342954159277,2953.4285714285716,2954.5666666666666,0.3907012567230449,False,2013,3,1482,-29.0,2945.0,2970.0,2955.0,-13.566666666666606,3014.1444444444446
2013-03-31,2941,0.0,2949.285714285714,2953.5666666666666,0.3763475836197214,False,2013,3,1482,-29.0,2941.0,2970.0,2971.0,-12.566666666666606,3012.5666666666666
2013-04-01,2948,0.2380142808568575,2947.4285714285716,2952.7,0.3788548621377022,False,2013,4,1482,-13.0,2941.0,2961.0,2974.0,-4.699999999999818,3011.2444444444445
2013-04-02,2915,-1.1194029850746245,2942.5714285714284,2950.733333333333,0.4278948370436742,True,2013,4,1482,-34.0,2948.0,2949.0,2974.0,-35.73333333333312,3009.5222222222224
2013-04-03,2882,-1.132075471698113,2931.0,2947.8333333333335,0.46996186132564466,True,2013,4,1482,-81.0,2915.0,2963.0,2969.0,-65.83333333333348,3007.4333333333334
2013-04-04,2896,0.4857737682165242,2924.0,2945.733333333333,0.4794498935230906,False,2013,4,1482,-49.0,2882.0,2945.0,2959.0,-49.73333333333312,3005.3444444444444
2013-04-05,2970,2.5552486187845336,2927.5714285714284,2945.9666666666667,0.6778209050944304,True,2013,4,1482,25.0,2896.0,2945.0,2963.0,24.033333333333303,3004.0222222222224
2013-04-06,2976,0.20202020202020332,2932.5714285714284,2947.133333333333,0.6634432817285957,False,2013,4,1482,35.0,2970.0,2941.0,2941.0,28.866666666666788,3002.588888888889
2013-04-07,2976,0.0,2937.5714285714284,2948.5333333333333,0.6614047803628896,False,2013,4,1482,35.0,2976.0,2941.0,2934.0,27.466666666666697,3001.2555555555555
2013-04-08,2955,-0.7056451612903247,2938.5714285714284,2949.2,0.6756346182122258,False,2013,4,1482,7.0,2976.0,2948.0,2935.0,5.800000000000182,2999.911111111111
2013-04-09,2965,0.33840947546530664,2945.714285714286,2950.2,0.6780265352989113,False,2013,4,1482,50.0,2955.0,2915.0,2935.0,14.800000000000182,2998.5222222222224
2013-04-10,2922,-1.4502529510961204,2951.4285714285716,2949.866666666667,0.7301735881419885,True,2013,4,1482,40.0,2965.0,2882.0,2932.0,-27.866666666666788,2996.6555555555556
2013-04-11,2919,-0.10266940451745254,2954.714285714286,2949.0333333333333,0.7260358493758994,False,2013,4,1482,23.0,2922.0,2896.0,2944.0,-30.033333333333303,2994.766666666667
2013-04-12,2819,-3.425830763960258,2933.1428571428573,2944.7,0.9537051891264868,True,2013,4,1482,-151.0,2919.0,2970.0,2949.0,-125.69999999999982,2991.711111111111
2013-04-13,2794,-0.8868393047179901,2907.1428571428573,2939.866666666667,0.9627347919281732,False,2013,4,1482,-182.0,2819.0,2976.0,2939.0,-145.8666666666668,2988.5444444444443
2013-04-14,2794,0.0,2881.1428571428573,2935.1666666666665,0.9631913689134906,False,2013,4,1482,-182.0,2794.0,2976.0,2935.0,-141.16666666666652,2985.222222222222
2013-04-15,2564,-8.231925554760199,2825.285714285714,2922.7,1.758577687547566,True,2013,4,1482,-391.0,2794.0,2955.0,2938.0,-358.6999999999998,2979.5555555555557
2013-04-16,2575,0.42901716068641793,2769.5714285714284,2910.6,1.7639921614759713,False,2013,4,1482,-390.0,2564.0,2965.0,2938.0,-335.5999999999999,2973.9555555555557
2013-04-17,2568,-0.27184466019417597,2719.0,2897.6666666666665,1.7534459760996843,False,2013,4,1482,-354.0,2575.0,2922.0,2956.0,-329.6666666666665,2968.277777777778
2013-04-18,2571,0.1168224299065379,2669.285714285714,2883.8333333333335,1.7351013213959898,False,2013,4,1482,-348.0,2568.0,2919.0,2986.0,-312.8333333333335,2962.688888888889
2013-04-19,2579,0.3111629716063824,2635.0,2870.8,1.741082449579242,False,2013,4,1482,-240.0,2571.0,2819.0,2970.0,-291.8000000000002,2957.0555555555557
2013-04-20,2606,1.0469174098487688,2608.1428571428573,2858.233333333333,1.755337653352206,False,2013,4,1482,-188.0,2579.0,2794.0,2983.0,-252.23333333333312,2951.688888888889
2013-04-21,2606,0.0,2581.285714285714,2846.1666666666665,1.7570560447195125,False,2013,4,1482,-188.0,2606.0,2794.0,2968.0,-240.16666666666652,2946.5
2013-04-22,2634,1.074443591711427,2591.285714285714,2834.9666666666667,1.7761472794443345,False,2013,4,1482,70.0,2606.0,2564.0,2970.0,-200.9666666666667,2941.733333333333
2013-04-23,2615,-0.7213363705391052,2597.0,2823.133333333333,1.7756588566333276,False,2013,4,1482,40.0,2634.0,2575.0,2970.0,-208.1333333333332,2936.822222222222
2013-04-24,2637,0.8413001912045859,2606.8571428571427,2812.3333333333335,1.7902133162010665,False,2013,4,1482,69.0,2615.0,2568.0,2961.0,-175.33333333333348,2932.1555555555556
2013-04-25,2699,2.351156617368222,2625.1428571428573,2804.0,1.8577705037114616,True,2013,4,1482,128.0,2637.0,2571.0,2949.0,-105.0,2927.988888888889
2013-04-26,2700,0.03705075954056891,2642.4285714285716,2795.233333333333,1.85337240891093,False,2013,4,1482,121.0,2699.0,2579.0,2963.0,-95.23333333333312,2923.788888888889
2013-04-27,2719,0.7037037037036953,2658.5714285714284,2787.7,1.8611231695883625,False,2013,4,1482,113.0,2700.0,2606.0,2945.0,-68.69999999999982,2919.8888888888887
2013-04-28,2719,0.0,2674.714285714286,2780.1666666666665,1.8611231695883625,False,2013,4,1482,113.0,2719.0,2606.0,2945.0,-61.166666666666515,2916.233333333333
2013-04-29,2713,-0.22066936373666968,2686.0,2772.5666666666666,1.8610106286680321,False,2013,4,1482,79.0,2719.0,2634.0,2941.0,-59.566666666666606,2912.6666666666665
2013-04-30,2688,-0.9214891264283098,2696.4285714285716,2764.133333333333,1.8643224566251961,False,2013,4,1482,73.0,2713.0,2615.0,2941.0,-76.13333333333321,2908.8333333333335
2013-05-01,2639,-1.822916666666663,2696.714285714286,2753.8333333333335,1.8823849710953529,True,2013,5,1482,2.0,2688.0,2637.0,2948.0,-114.83333333333348,2904.4555555555557
2013-05-02,2689,1.8946570670708596,2695.285714285714,2746.3,1.9199991092021726,True,2013,5,1482,-10.0,2639.0,2699.0,2915.0,-57.30000000000018,2900.6111111111113
2013-05-03,2684,-0.18594272963926572,2693.0,2739.7,1.9127708247518027,False,2013,5,1482,-16.0,2689.0,2700.0,2882.0,-55.69999999999982,2896.811111111111
2013-05-04,2696,0.44709388971684305,2689.714285714286,2733.0333333333333,1.9122925973973608,False,2013,5,1482,-23.0,2684.0,2719.0,2896.0,-37.0333333333333,2893.1666666666665
2013-05-05,2696,0.0,2686.4285714285716,2723.9,1.8399593136813608,False,2013,5,1482,-23.0,2696.0,2719.0,2970.0,-27.90000000000009,2889.9333333333334
2013-05-06,2707,0.4080118694361978,2685.5714285714284,2714.9333333333334,1.842300001350889,False,2013,5,1482,-6.0,2696.0,2713.0,2976.0,-7.933333333333394,2886.733333333333
2013-05-07,2671,-1.3298854820834927,2683.1428571428573,2704.766666666667,1.8508559519497936,True,2013,5,1482,-17.0,2707.0,2688.0,2976.0,-33.76666666666688,2883.0333333333333
2013-05-08,2712,1.5350056158742076,2693.5714285714284,2696.6666666666665,1.880668817133107,True,2013,5,1482,73.0,2671.0,2639.0,2955.0,15.333333333333485,2879.788888888889
2013-05-09,2715,0.11061946902655162,2697.285714285714,2688.3333333333335,1.8785952131826065,False,2013,5,1482,26.0,2712.0,2689.0,2965.0,26.666666666666515,2876.277777777778
2013-05-10,2685,-1.104972375690605,2697.4285714285716,2680.4333333333334,1.8721965427847396,True,2013,5,1482,1.0,2715.0,2684.0,2922.0,4.566666666666606,2872.133333333333
2013-05-11,2699,0.5214152700186325,2697.8571428571427,2673.1,1.8775104310780528,False,2013,5,1482,3.0,2685.0,2696.0,2919.0,25.90000000000009,2868.1222222222223
2013-05-12,2699,0.0,2698.285714285714,2669.1,1.7788503506984192,False,2013,5,1482,3.0,2699.0,2696.0,2819.0,29.90000000000009,2863.8777777777777
2013-05-13,2683,-0.5928121526491248,2694.8571428571427,2665.4,1.7753373375228771,False,2013,5,1482,-24.0,2699.0,2707.0,2794.0,17.59999999999991,2859.4555555555557
2013-05-14,2673,-0.372717107715248,2695.1428571428573,2661.366666666667,1.7757786381552005,False,2013,5,1482,2.0,2683.0,2671.0,2794.0,11.633333333333212,2855.177777777778
2013-05-15,2631,-1.5712682379349086,2683.5714285714284,2663.6,0.9546062804886347,True,2013,5,1482,-81.0,2673.0,2712.0,2564.0,-32.59999999999991,2850.5555555555557
2013-05-16,2606,-0.9502090459901136,2668.0,2664.633333333333,0.9708113617537178,False,2013,5,1482,-109.0,2631.0,2715.0,2575.0,-58.63333333333321,2846.011111111111
2013-05-17,2590,-0.6139677666922472,2654.4285714285716,2665.366666666667,0.976646827096728,False,2013,5,1482,-95.0,2606.0,2685.0,2568.0,-75.36666666666679,2841.233333333333
2013-05-18,2585,-0.19305019305019266,2638.1428571428573,2665.8333333333335,0.9773685249205933,False,2013,5,1482,-114.0,2590.0,2699.0,2571.0,-80.83333333333348,2836.4
2013-05-19,2585,0.0,2621.8571428571427,2666.0333333333333,0.9758517238847728,False,2013,5,1482,-114.0,2585.0,2699.0,2579.0,-81.0333333333333,2831.588888888889
2013-05-20,2613,1.0831721470019318,2611.8571428571427,2666.266666666667,0.977198642631099,False,2013,5,1482,-70.0,2585.0,2683.0,2606.0,-53.26666666666688,2827.2444444444445
2013-05-21,2612,-0.03827018752391442,2603.1428571428573,2666.4666666666667,0.9772419152231732,False,2013,5,1482,-61.0,2613.0,2673.0,2606.0,-54.4666666666667,2823.3888888888887
2013-05-22,2605,-0.2679938744257315,2599.4285714285716,2665.5,0.9574628286675486,False,2013,5,1482,-26.0,2612.0,2631.0,2634.0,-60.5,2819.3333333333335
2013-05-23,2632,1.0364683301343547,2603.1428571428573,2666.0666666666666,0.9675856628313204,False,2013,5,1482,26.0,2605.0,2606.0,2615.0,-34.066666666666606,2815.8333333333335
2013-05-24,2638,0.22796352583587254,2610.0,2666.1,0.9561798386145495,False,2013,5,1482,48.0,2632.0,2590.0,2637.0,-28.09999999999991,2812.2444444444445
2013-05-25,2642,0.15163002274449777,2618.1428571428573,2664.2,0.8483829951841326,False,2013,5,1482,57.0,2638.0,2585.0,2699.0,-22.199999999999818,2808.7
2013-05-26,2642,0.0,2626.285714285714,2662.266666666667,0.8482522867723538,False,2013,5,1482,57.0,2642.0,2585.0,2700.0,-20.26666666666688,2805.1555555555556
2013-05-27,2642,0.0,2630.4285714285716,2659.7,0.8357894774061794,False,2013,5,1482,29.0,2642.0,2613.0,2719.0,-17.699999999999818,2801.133333333333
2013-05-28,2645,0.1135503406510141,2635.1428571428573,2657.233333333333,0.8364788943760219,False,2013,5,1482,33.0,2642.0,2612.0,2719.0,-12.233333333333121,2797.4777777777776
2013-05-29,2662,0.6427221172022657,2643.285714285714,2655.5333333333333,0.8465685486890646,False,2013,5,1482,57.0,2645.0,2605.0,2713.0,6.466666666666697,2794.222222222222
2013-05-30,2713,1.915852742299018,2654.8571428571427,2656.366666666667,0.9035535616408433,True,2013,5,1482,81.0,2662.0,2632.0,2688.0,56.63333333333321,2791.3555555555554
2013-05-31,2693,-0.7371913011426479,2662.714285714286,2658.1666666666665,0.8465226401087549,False,2013,5,1482,55.0,2713.0,2638.0,2639.0,34.833333333333485,2788.233333333333
2013-06-01,2680,-0.4827330115113271,2668.1428571428573,2657.866666666667,0.778457666413008,False,2013,6,1482,38.0,2693.0,2642.0,2689.0,22.133333333333212,2784.9666666666667
2013-06-02,2680,0.0,2673.5714285714284,2657.733333333333,0.7777339936310018,False,2013,6,1482,38.0,2680.0,2642.0,2684.0,22.26666666666688,2781.7555555555555
2013-06-03,2713,1.231343283582098,2683.714285714286,2658.3,0.8060175703503966,True,2013,6,1482,71.0,2680.0,2642.0,2696.0,54.69999999999982,2779.0222222222224
2013-06-04,2699,-0.5160339107998513,2691.4285714285716,2658.4,0.8120332501582658,False,2013,6,1482,54.0,2713.0,2645.0,2696.0,40.59999999999991,2776.088888888889
2013-06-05,2770,2.6306039273805037,2706.8571428571427,2660.5,0.9410350418075064,True,2013,6,1482,108.0,2699.0,2662.0,2707.0,109.5,2774.188888888889
2013-06-06,2793,0.830324909747282,2718.285714285714,2664.5666666666666,0.911541142282001,False,2013,6,1482,80.0,2770.0,2713.0,2671.0,128.4333333333334,2772.6222222222223
2013-06-07,2753,-1.4321518080916529,2726.8571428571427,2665.9333333333334,0.9173707062364325,True,2013,6,1482,60.0,2793.0,2693.0,2712.0,87.0666666666666,2770.6
2013-06-08,2759,0.21794406102433328,2738.1428571428573,2667.4,0.9178079748884898,False,2013,6,1482,79.0,2753.0,2680.0,2715.0,91.59999999999991,2768.6444444444446
2013-06-09,2759,0.0,2749.4285714285716,2669.866666666667,0.8913317816029652,False,2013,6,1482,79.0,2759.0,2680.0,2685.0,89.13333333333321,2766.722222222222
2013-06-10,2795,1.3048205871692753,2761.1428571428573,2673.0666666666666,0.9154211602680926,True,2013,6,1482,82.0,2759.0,2713.0,2699.0,121.9333333333334,2765.0666666666666
2013-06-11,2787,-0.2862254025044697,2773.714285714286,2676.0,0.9182087657046248,False,2013,6,1482,88.0,2795.0,2699.0,2699.0,111.0,2763.266666666667
2013-06-12,2791,0.14352350197344155,2776.714285714286,2679.6,0.9085353697588389,False,2013,6,1482,21.0,2787.0,2770.0,2683.0,111.40000000000009,2761.6222222222223
2013-06-13,2777,-0.5016123253314242,2774.4285714285716,2683.0666666666666,0.9113226351797024,False,2013,6,1482,-16.0,2791.0,2793.0,2673.0,93.9333333333334,2759.866666666667
2013-06-14,2780,0.10803024846957054,2778.285714285714,2688.0333333333333,0.8528357780136604,False,2013,6,1482,27.0,2777.0,2753.0,2631.0,91.9666666666667,2758.1111111111113
2013-06-15,2786,0.21582733812950394,2782.1428571428573,2694.0333333333333,0.8253346385133417,False,2013,6,1482,27.0,2780.0,2759.0,2606.0,91.9666666666667,2756.4222222222224
2013-06-16,2786,0.0,2786.0,2700.5666666666666,0.8112765485984226,False,2013,6,1482,27.0,2786.0,2759.0,2590.0,85.4333333333334,2754.5333333333333
2013-06-17,2786,0.0,2784.714285714286,2707.266666666667,0.8084295092303747,False,2013,6,1482,-9.0,2786.0,2795.0,2585.0,78.73333333333312,2752.311111111111
2013-06-18,2794,0.2871500358937462,2785.714285714286,2714.233333333333,0.8070287912285864,False,2013,6,1482,7.0,2786.0,2787.0,2585.0,79.76666666666688,2750.3555555555554
2013-06-19,2801,0.2505368647100825,2787.1428571428573,2720.5,0.7920141460507347,False,2013,6,1482,10.0,2794.0,2791.0,2613.0,80.5,2748.3333333333335
2013-06-20,2697,-3.712959657265258,2775.714285714286,2723.3333333333335,1.0708028399687803,True,2013,6,1482,-80.0,2801.0,2777.0,2612.0,-26.333333333333485,2745.322222222222
2013-06-21,2698,0.03707823507601571,2764.0,2726.4333333333334,1.068512128672262,False,2013,6,1482,-82.0,2697.0,2780.0,2605.0,-28.433333333333394,2742.3
2013-06-22,2701,0.11119347664936274,2751.8571428571427,2728.733333333333,1.0544841698945329,False,2013,6,1482,-85.0,2698.0,2786.0,2632.0,-27.73333333333312,2739.311111111111
2013-06-23,2701,0.0,2739.714285714286,2730.8333333333335,1.0542897727398013,False,2013,6,1482,-85.0,2701.0,2786.0,2638.0,-29.833333333333485,2736.4222222222224
2013-06-24,2670,-1.147723065531281,2723.1428571428573,2731.766666666667,1.077846683630693,True,2013,6,1482,-116.0,2701.0,2786.0,2642.0,-61.76666666666688,2733.322222222222
2013-06-25,2656,-0.524344569288393,2703.4285714285716,2732.233333333333,1.0827711159438915,False,2013,6,1482,-138.0,2670.0,2794.0,2642.0,-76.23333333333312,2729.911111111111
2013-06-26,2609,-1.7695783132530174,2676.0,2731.133333333333,1.131202549495497,True,2013,6,1482,-192.0,2656.0,2801.0,2642.0,-122.13333333333321,2726.177777777778
2013-06-27,2540,-2.644691452663861,2653.5714285714284,2727.633333333333,1.2267154849779134,True,2013,6,1482,-157.0,2609.0,2697.0,2645.0,-187.6333333333332,2721.677777777778
2013-06-28,2559,0.7480314960629952,2633.714285714286,2724.2,1.2291441134288517,False,2013,6,1482,-139.0,2540.0,2698.0,2662.0,-165.19999999999982,2717.4333333333334
2013-06-29,2567,0.3126221180148603,2614.5714285714284,2719.3333333333335,1.17086329380419,False,2013,6,1482,-134.0,2559.0,2701.0,2713.0,-152.33333333333348,2713.277777777778
2013-06-30,2567,0.0,2595.4285714285716,2715.133333333333,1.166440227026881,False,2013,6,1482,-134.0,2567.0,2701.0,2693.0,-148.1333333333332,2709.0444444444443
2013-07-01,2597,1.168679392286709,2585.0,2712.366666666667,1.1890883338518674,True,2013,7,1482,-73.0,2567.0,2670.0,2680.0,-115.36666666666679,2705.511111111111
2013-07-02,2590,-0.26954177897574594,2575.5714285714284,2709.366666666667,1.1893412354628532,False,2013,7,1482,-66.0,2597.0,2656.0,2680.0,-119.36666666666679,2702.266666666667
2013-07-03,2630,1.5444015444015413,2578.5714285714284,2706.6,1.202785312074308,True,2013,7,1482,21.0,2590.0,2609.0,2713.0,-76.59999999999991,2699.311111111111
2013-07-04,2615,-0.5703422053231932,2589.285714285714,2703.8,1.203479229220024,False,2013,7,1482,75.0,2630.0,2540.0,2699.0,-88.80000000000018,2695.366666666667
2013-07-05,2583,-1.2237093690248613,2592.714285714286,2697.5666666666666,1.1037100039590835,True,2013,7,1482,24.0,2615.0,2559.0,2770.0,-114.5666666666666,2691.0
2013-07-06,2604,0.8130081300812941,2598.0,2691.266666666667,1.1031424826123273,False,2013,7,1482,37.0,2583.0,2567.0,2793.0,-87.26666666666688,2686.866666666667
2013-07-07,2604,0.0,2603.285714285714,2686.3,1.07995057637278,False,2013,7,1482,37.0,2604.0,2567.0,2753.0,-82.30000000000018,2682.9666666666667
2013-07-08,2610,0.23041474654377225,2605.1428571428573,2681.3333333333335,1.08011126029683,False,2013,7,1482,13.0,2604.0,2597.0,2759.0,-71.33333333333348,2679.0222222222224
2013-07-09,2604,-0.22988505747126853,2607.1428571428573,2676.1666666666665,1.0796115761181562,False,2013,7,1482,14.0,2610.0,2590.0,2759.0,-72.16666666666652,2675.488888888889
2013-07-10,2610,0.23041474654377225,2604.285714285714,2670.0,1.045711086506681,False,2013,7,1482,-20.0,2604.0,2630.0,2795.0,-60.0,2672.0555555555557
2013-07-11,2667,2.183908045977012,2611.714285714286,2666.0,1.1340492943436136,True,2013,7,1482,52.0,2610.0,2615.0,2787.0,1.0,2670.366666666667
2013-07-12,2658,-0.3374578177727794,2622.4285714285716,2661.5666666666666,1.133297782327798,False,2013,7,1482,75.0,2667.0,2583.0,2791.0,-3.566666666666606,2668.8555555555554
2013-07-13,2674,0.6019563581640242,2632.4285714285716,2658.133333333333,1.1395973677495765,False,2013,7,1482,70.0,2658.0,2604.0,2777.0,15.866666666666788,2667.5222222222224
2013-07-14,2674,0.0,2642.4285714285716,2654.6,1.1390239259304789,False,2013,7,1482,70.0,2674.0,2604.0,2780.0,19.40000000000009,2668.7444444444445
2013-07-15,2646,-1.0471204188481686,2647.5714285714284,2649.9333333333334,1.1493550576119262,False,2013,7,1482,36.0,2674.0,2610.0,2786.0,-3.933333333333394,2669.5333333333333
2013-07-16,2645,-0.03779289493575089,2653.4285714285716,2645.233333333333,1.1491883701278962,False,2013,7,1482,41.0,2646.0,2604.0,2786.0,-0.23333333333312112,2670.3888888888887
2013-07-17,2634,-0.41587901701323204,2656.8571428571427,2640.1666666666665,1.1496186027758977,False,2013,7,1482,24.0,2645.0,2610.0,2786.0,-6.166666666666515,2671.088888888889
2013-07-18,2666,1.214882308276377,2656.714285714286,2635.9,1.1748303219726672,True,2013,7,1482,-1.0,2634.0,2667.0,2794.0,30.09999999999991,2672.0555555555557
2013-07-19,2669,0.11252813203301848,2658.285714285714,2631.5,1.1734794531720383,False,2013,7,1482,11.0,2666.0,2658.0,2801.0,37.5,2672.7555555555555
2013-07-20,2671,0.07493443237167607,2657.8571428571427,2630.633333333333,0.9620917238352471,False,2013,7,1482,-3.0,2669.0,2674.0,2697.0,40.36666666666679,2673.4777777777776
2013-07-21,2671,0.0,2657.4285714285716,2629.733333333333,0.9620293182061597,False,2013,7,1482,-3.0,2671.0,2674.0,2698.0,41.26666666666688,2673.8888888888887
2013-07-22,2758,3.2572070385623375,2673.4285714285716,2631.633333333333,1.133948393311912,True,2013,7,1482,112.0,2671.0,2646.0,2701.0,126.36666666666679,2675.4777777777776
2013-07-23,2757,-0.03625815808556698,2689.4285714285716,2633.5,1.134051321606489,False,2013,7,1482,112.0,2758.0,2645.0,2701.0,123.5,2676.811111111111
2013-07-24,2726,-1.1244105912223468,2702.5714285714284,2635.366666666667,1.1331925175660265,True,2013,7,1482,92.0,2757.0,2634.0,2670.0,90.63333333333321,2677.1111111111113
2013-07-25,2738,0.44020542920029104,2712.8571428571427,2638.1,1.129266045222378,False,2013,7,1482,72.0,2726.0,2666.0,2656.0,99.90000000000009,2677.5333333333333
2013-07-26,2744,0.21913805697588717,2723.5714285714284,2642.6,1.072203930093744,False,2013,7,1482,75.0,2738.0,2669.0,2609.0,101.40000000000009,2677.811111111111
2013-07-27,2763,0.6924198250728875,2736.714285714286,2650.0333333333333,0.9338943720360771,False,2013,7,1482,92.0,2744.0,2671.0,2540.0,112.9666666666667,2678.3
2013-07-28,2763,0.0,2749.8571428571427,2656.8333333333335,0.9310893655170442,False,2013,7,1482,92.0,2763.0,2671.0,2559.0,106.16666666666652,2678.8555555555554
2013-07-29,2821,2.099167571480276,2758.8571428571427,2665.3,0.9898407515420988,True,2013,7,1482,63.0,2763.0,2758.0,2567.0,155.69999999999982,2680.3333333333335
2013-07-30,2873,1.8433179723502224,2775.4285714285716,2675.5,1.0258674342290068,True,2013,7,1482,116.0,2821.0,2757.0,2567.0,197.5,2682.9333333333334
2013-07-31,2818,-1.914375217542641,2788.5714285714284,2682.866666666667,1.0962639368339389,True,2013,7,1482,92.0,2873.0,2726.0,2597.0,135.1333333333332,2684.366666666667
2013-08-01,2818,0.0,2800.0,2690.4666666666667,1.092717336790844,False,2013,8,1482,80.0,2818.0,2738.0,2590.0,127.5333333333333,2685.8555555555554
2013-08-02,2854,1.2775017743080097,2815.714285714286,2697.9333333333334,1.0831746872356223,True,2013,8,1482,110.0,2818.0,2744.0,2630.0,156.0666666666666,2687.6111111111113
2013-08-03,2845,-0.31534688156972246,2827.4285714285716,2705.6,1.077268722956429,False,2013,8,1482,82.0,2854.0,2763.0,2615.0,139.4000000000001,2689.266666666667
2013-08-04,2845,0.0,2839.1428571428573,2714.3333333333335,1.0406403908887198,False,2013,8,1482,82.0,2845.0,2763.0,2583.0,130.66666666666652,2690.8
2013-08-05,2784,-2.1441124780316345,2833.8571428571427,2720.3333333333335,1.1293601985383181,True,2013,8,1482,-37.0,2845.0,2821.0,2604.0,63.666666666666515,2692.0555555555557
2013-08-06,2761,-0.8261494252873591,2817.8571428571427,2725.5666666666666,1.1451038640717501,False,2013,8,1482,-112.0,2784.0,2873.0,2604.0,35.433333333333394,2692.6
2013-08-07,2766,0.1810938065918144,2810.4285714285716,2730.766666666667,1.1450965330273566,False,2013,8,1482,-52.0,2761.0,2818.0,2610.0,35.23333333333312,2693.1666666666665
2013-08-08,2792,0.9399855386840184,2806.714285714286,2737.0333333333333,1.1498620955883319,False,2013,8,1482,-26.0,2766.0,2818.0,2604.0,54.9666666666667,2694.3555555555554
2013-08-09,2791,-0.03581661891117749,2797.714285714286,2743.0666666666666,1.150957410517463,False,2013,8,1482,-63.0,2792.0,2854.0,2610.0,47.933333333333394,2695.3777777777777
2013-08-10,2790,-0.035829451809388235,2789.8571428571427,2747.1666666666665,1.090801275520488,False,2013,8,1482,-55.0,2791.0,2845.0,2667.0,42.833333333333485,2696.3888888888887
2013-08-11,2790,0.0,2782.0,2751.5666666666666,1.0872700623464204,False,2013,8,1482,-55.0,2790.0,2845.0,2658.0,38.433333333333394,2697.5777777777776
2013-08-12,2886,3.440860215053765,2796.5714285714284,2758.633333333333,1.2393091606675215,True,2013,8,1482,102.0,2790.0,2784.0,2674.0,127.36666666666679,2699.9444444444443
2013-08-13,2887,0.03465003465004113,2814.5714285714284,2765.733333333333,1.23907268319475,False,2013,8,1482,126.0,2886.0,2761.0,2674.0,121.26666666666688,2702.788888888889
2013-08-14,2921,1.17769310703153,2836.714285714286,2774.9,1.224438999211551,True,2013,8,1482,155.0,2887.0,2766.0,2646.0,146.0999999999999,2706.288888888889
2013-08-15,2915,-0.2054091064703889,2854.285714285714,2783.9,1.2265902257550996,False,2013,8,1482,123.0,2921.0,2792.0,2645.0,131.0999999999999,2709.9
2013-08-16,3072,5.385934819897087,2894.4285714285716,2798.5,1.5255883905218528,True,2013,8,1482,281.0,2915.0,2791.0,2634.0,273.5,2715.311111111111
2013-08-17,3079,0.22786458333332593,2935.714285714286,2812.266666666667,1.5208358343325101,False,2013,8,1482,289.0,3072.0,2790.0,2666.0,266.7333333333331,2720.8
2013-08-18,3079,0.0,2977.0,2825.9333333333334,1.5219429664527935,False,2013,8,1482,289.0,3079.0,2790.0,2669.0,253.0666666666666,2725.9777777777776
2013-08-19,3117,1.2341669373173048,3010.0,2840.8,1.5257925787457607,True,2013,8,1482,231.0,3079.0,2886.0,2671.0,276.1999999999998,2731.588888888889
2013-08-20,3081,-1.1549566891241536,3037.714285714286,2854.4666666666667,1.5538639418354658,True,2013,8,1482,194.0,3117.0,2887.0,2671.0,226.5333333333333,2736.8777777777777
2013-08-21,3146,2.1097046413502074,3069.8571428571427,2867.4,1.4964238529005243,True,2013,8,1482,225.0,3081.0,2921.0,2758.0,278.5999999999999,2742.588888888889
2013-08-22,3113,-1.0489510489510523,3098.1428571428573,2879.266666666667,1.519031153958809,False,2013,8,1482,198.0,3146.0,2915.0,2757.0,233.73333333333312,2747.866666666667
2013-08-23,3185,2.312881464824934,3114.285714285714,2894.5666666666666,1.5283918918674326,True,2013,8,1482,113.0,3113.0,3072.0,2726.0,290.4333333333334,2753.9
2013-08-24,3173,-0.3767660910518056,3127.714285714286,2909.0666666666666,1.5373210704708482,False,2013,8,1482,94.0,3185.0,3079.0,2738.0,263.9333333333334,2759.8
2013-08-25,3173,0.0,3141.1428571428573,2923.366666666667,1.5392404712954995,False,2013,8,1482,94.0,3173.0,3079.0,2744.0,249.6333333333332,2765.7
2013-08-26,3186,0.409706901985496,3151.0,2937.4666666666667,1.5388659644042055,False,2013,8,1482,69.0,3173.0,3117.0,2763.0,248.5333333333333,2771.711111111111
2013-08-27,3371,5.806654111738863,3192.4285714285716,2957.733333333333,1.815737236883107,True,2013,8,1482,290.0,3186.0,3081.0,2763.0,413.2666666666669,2779.588888888889
2013-08-28,3329,-1.2459210916641927,3218.5714285714284,2974.6666666666665,1.828297983012113,True,2013,8,1482,183.0,3371.0,3146.0,2821.0,354.3333333333335,2786.4333333333334
2013-08-29,3360,0.9312105737458776,3253.8571428571427,2990.9,1.8139081495464495,False,2013,8,1482,247.0,3329.0,3113.0,2873.0,369.0999999999999,2793.8444444444444
2013-08-30,3303,-1.6964285714285765,3270.714285714286,3007.0666666666666,1.8041540398778206,True,2013,8,1482,118.0,3360.0,3185.0,2818.0,295.9333333333334,2800.766666666667
2013-08-31,3298,-0.1513775355737157,3288.5714285714284,3023.0666666666666,1.8059449754413683,False,2013,8,1482,125.0,3303.0,3173.0,2818.0,274.9333333333334,2807.633333333333
2013-09-01,3298,0.0,3306.4285714285716,3037.866666666667,1.803041188791128,False,2013,9,1482,125.0,3298.0,3173.0,2854.0,260.1333333333332,2814.133333333333
2013-09-02,3305,0.21224984839296468,3323.4285714285716,3053.2,1.7973934201571087,False,2013,9,1482,119.0,3298.0,3186.0,2845.0,251.80000000000018,2820.866666666667
2013-09-03,3439,4.054462934947045,3333.1428571428573,3073.0,1.9063757284316774,True,2013,9,1482,68.0,3305.0,3371.0,2845.0,366.0,2828.3
2013-09-04,3260,-5.205001453911018,3323.285714285714,3088.866666666667,2.129943275374875,True,2013,9,1482,-69.0,3439.0,3329.0,2784.0,171.1333333333332,2833.488888888889
2013-09-05,3225,-1.0736196319018454,3304.0,3104.3333333333335,2.1359243894009725,False,2013,9,1482,-135.0,3260.0,3360.0,2761.0,120.66666666666652,2838.733333333333
2013-09-06,3187,-1.1782945736434125,3287.4285714285716,3118.366666666667,2.158126371229214,True,2013,9,1482,-116.0,3225.0,3303.0,2766.0,68.63333333333321,2843.488888888889
2013-09-07,3186,-0.03137747097583521,3271.4285714285716,3131.5,2.158516859121007,False,2013,9,1482,-112.0,3187.0,3298.0,2792.0,54.5,2848.233333333333
2013-09-08,3186,0.0,3255.4285714285716,3144.6666666666665,2.1582411766833642,False,2013,9,1482,-112.0,3186.0,3298.0,2791.0,41.333333333333485,2852.5777777777776
2013-09-09,3155,-0.9730069052102941,3234.0,3156.8333333333335,2.172468073519567,False,2013,9,1482,-150.0,3186.0,3305.0,2790.0,-1.833333333333485,2856.6666666666665
2013-09-10,3074,-2.5673534072900184,3181.8571428571427,3166.3,2.239650649734172,True,2013,9,1482,-365.0,3155.0,3439.0,2790.0,-92.30000000000018,2859.811111111111
2013-09-11,3067,-0.22771633051398288,3154.285714285714,3172.3333333333335,2.163805049994114,False,2013,9,1482,-193.0,3074.0,3260.0,2886.0,-105.33333333333348,2863.0333333333333
2013-09-12,3000,-2.1845451581349873,3122.1428571428573,3176.1,2.2080312482492506,True,2013,9,1482,-225.0,3067.0,3225.0,2887.0,-176.0999999999999,2865.4777777777776
2013-09-13,2954,-1.533333333333331,3088.8571428571427,3177.2,2.2200239404279434,True,2013,9,1482,-233.0,3000.0,3187.0,2921.0,-223.19999999999982,2867.3444444444444
2013-09-14,3014,2.031144211239,3064.285714285714,3180.5,2.248143463159697,True,2013,9,1482,-172.0,2954.0,3186.0,2915.0,-166.5,2869.8777777777777
2013-09-15,3014,0.0,3039.714285714286,3178.5666666666666,2.017642106763666,False,2013,9,1482,-172.0,3014.0,3186.0,3072.0,-164.5666666666666,2872.411111111111
2013-09-16,2968,-1.5262110152621133,3013.0,3174.866666666667,2.0348358705333207,True,2013,9,1482,-187.0,3014.0,3155.0,3079.0,-206.8666666666668,2874.3444444444444
2013-09-17,2968,0.0,2997.8571428571427,3171.1666666666665,2.0348358705333207,False,2013,9,1482,-106.0,2968.0,3074.0,3079.0,-203.16666666666652,2876.2
2013-09-18,2994,0.876010781671166,2987.4285714285716,3167.0666666666666,2.027761956324661,False,2013,9,1482,-73.0,2968.0,3067.0,3117.0,-173.0666666666666,2879.5
2013-09-19,3056,2.0708082832331387,2995.4285714285716,3166.233333333333,2.0560089599130764,True,2013,9,1482,56.0,2994.0,3000.0,3081.0,-110.23333333333312,2883.4777777777776
2013-09-20,2989,-2.1924083769633507,3000.4285714285716,3161.0,2.053324121373482,True,2013,9,1482,35.0,3056.0,2954.0,3146.0,-172.0,2886.677777777778
2013-09-21,2991,0.06691201070592179,2997.1428571428573,3156.9333333333334,2.046578520998188,False,2013,9,1482,-23.0,2989.0,3014.0,3113.0,-165.9333333333334,2889.9
2013-09-22,2991,0.0,2993.8571428571427,3150.4666666666667,1.9949537737752956,False,2013,9,1482,-23.0,2991.0,3014.0,3185.0,-159.4666666666667,2893.4666666666667
2013-09-23,2981,-0.33433634236041954,2995.714285714286,3144.0666666666666,1.994831939226543,False,2013,9,1482,13.0,2991.0,2968.0,3173.0,-163.0666666666666,2897.0777777777776
2013-09-24,2975,-0.2012747400201298,2996.714285714286,3137.4666666666667,1.9945137615406112,False,2013,9,1482,7.0,2981.0,2968.0,3173.0,-162.4666666666667,2901.1444444444446
2013-09-25,3022,1.5798319327731125,3000.714285714286,3132.0,2.0180581749095454,True,2013,9,1482,28.0,2975.0,2994.0,3186.0,-110.0,2906.5
2013-09-26,2984,-1.2574454003970836,2990.4285714285716,3119.1,1.6825132525573265,True,2013,9,1482,-72.0,3022.0,3056.0,3371.0,-135.0999999999999,2911.222222222222
2013-09-27,3076,3.0831099195710365,3002.8571428571427,3110.6666666666665,1.7890118517374585,True,2013,9,1482,87.0,2984.0,2989.0,3329.0,-34.666666666666515,2916.8777777777777
2013-09-28,3074,-0.06501950585175997,3014.714285714286,3101.133333333333,1.7755717703066687,False,2013,9,1482,83.0,3076.0,2991.0,3360.0,-27.133333333333212,2922.511111111111
2013-09-29,3074,0.0,3026.5714285714284,3093.5,1.7558369503154465,False,2013,9,1482,83.0,3074.0,2991.0,3303.0,-19.5,2927.811111111111
2013-09-30,3042,-1.0409889394925154,3035.285714285714,3084.9666666666667,1.7620647472392224,False,2013,9,1482,61.0,3074.0,2981.0,3298.0,-42.9666666666667,2932.8333333333335
2013-10-01,2951,-2.991452991452992,3031.8571428571427,3073.4,1.830513879846432,True,2013,10,1482,-24.0,3042.0,2975.0,3298.0,-122.40000000000009,2936.4
2013-10-02,2965,0.47441545238902094,3023.714285714286,3062.0666666666666,1.8339311303162402,False,2013,10,1482,-57.0,2951.0,3022.0,3305.0,-97.0666666666666,2940.288888888889
2013-10-03,3009,1.483979763912302,3027.285714285714,3047.733333333333,1.6744120149587538,True,2013,10,1482,25.0,2965.0,2984.0,3439.0,-38.73333333333312,2945.0222222222224
2013-10-04,2943,-2.193419740777669,3008.285714285714,3037.1666666666665,1.4540804614971328,True,2013,10,1482,-133.0,3009.0,3076.0,3260.0,-94.16666666666652,2948.788888888889
2013-10-05,2908,-1.1892626571525677,2984.5714285714284,3026.6,1.4562708981936572,True,2013,10,1482,-166.0,2943.0,3074.0,3225.0,-118.59999999999991,2952.1666666666665
2013-10-06,2908,0.0,2960.8571428571427,3017.3,1.4485850803807525,False,2013,10,1482,-166.0,2908.0,3074.0,3187.0,-109.30000000000018,2955.4777777777776
2013-10-07,2949,1.4099037138927129,2947.5714285714284,3009.4,1.4811556734225222,True,2013,10,1482,-93.0,2908.0,3042.0,3186.0,-60.40000000000009,2959.311111111111
2013-10-08,2961,0.4069175991861629,2949.0,3001.9,1.4853502464912054,False,2013,10,1482,10.0,2949.0,2951.0,3186.0,-40.90000000000009,2963.211111111111
2013-10-09,2923,-1.2833502195204294,2943.0,2994.1666666666665,1.4917475533684899,True,2013,10,1482,-42.0,2961.0,2965.0,3155.0,-71.16666666666652,2966.0555555555557
2013-10-10,2886,-1.2658227848101222,2925.4285714285716,2987.9,1.4398563459227043,True,2013,10,1482,-123.0,2923.0,3009.0,3074.0,-101.90000000000009,2968.588888888889
2013-10-11,2838,-1.6632016632016633,2910.4285714285716,2980.266666666667,1.4644472435977967,True,2013,10,1482,-105.0,2886.0,2943.0,3067.0,-142.26666666666688,2970.411111111111
2013-10-12,2835,-0.10570824524313016,2900.0,2974.766666666667,1.418102431611181,False,2013,10,1482,-73.0,2838.0,2908.0,3000.0,-139.76666666666688,2972.2
2013-10-13,2835,0.0,2889.5714285714284,2970.8,1.395038882137504,False,2013,10,1482,-73.0,2835.0,2908.0,2954.0,-135.80000000000018,2974.3
2013-10-14,2878,1.5167548500881756,2879.4285714285716,2966.266666666667,1.3705374758312756,True,2013,10,1482,-71.0,2835.0,2949.0,3014.0,-88.26666666666688,2976.8888888888887
2013-10-15,2888,0.34746351633079264,2869.0,2962.0666666666666,1.3732679958504532,False,2013,10,1482,-73.0,2878.0,2961.0,3014.0,-74.0666666666666,2979.711111111111
2013-10-16,2894,0.20775623268698418,2864.8571428571427,2959.6,1.3488868948520572,False,2013,10,1482,-29.0,2888.0,2923.0,2968.0,-65.59999999999991,2982.2444444444445
2013-10-17,2956,2.14236351071182,2874.8571428571427,2959.2,1.408409088240603,True,2013,10,1482,70.0,2894.0,2886.0,2968.0,-3.199999999999818,2985.4333333333334
2013-10-18,2949,-0.23680649526387487,2890.714285714286,2957.7,1.3990582783204744,False,2013,10,1482,111.0,2956.0,2838.0,2994.0,-8.699999999999818,2988.5222222222224
2013-10-19,2949,0.0,2907.0,2954.133333333333,1.3411591009924344,False,2013,10,1482,114.0,2949.0,2835.0,3056.0,-5.133333333333212,2991.6111111111113
2013-10-20,2949,0.0,2923.285714285714,2952.8,1.28221437073184,False,2013,10,1482,114.0,2949.0,2835.0,2989.0,-3.800000000000182,2993.733333333333
2013-10-21,2974,0.8477449983045116,2937.0,2952.233333333333,1.2922810773145783,False,2013,10,1482,96.0,2949.0,2878.0,2991.0,21.76666666666688,2996.1444444444446
2013-10-22,3014,1.344989912575656,2955.0,2953.0,1.3157902552021736,True,2013,10,1482,126.0,2974.0,2888.0,2991.0,61.0,2999.3444444444444
2013-10-23,3021,0.2322495023225013,2973.1428571428573,2954.3333333333335,1.3143879445422353,False,2013,10,1482,127.0,3014.0,2894.0,2981.0,66.66666666666652,3002.488888888889
2013-10-24,3059,1.2578616352201255,2987.8571428571427,2957.133333333333,1.3315473391039891,True,2013,10,1482,103.0,3021.0,2956.0,2975.0,101.86666666666679,3005.988888888889
2013-10-25,3076,0.5557371690094737,3006.0,2958.9333333333334,1.3052056573747237,False,2013,10,1482,127.0,3059.0,2949.0,3022.0,117.0666666666666,3009.4666666666667
2013-10-26,3071,-0.16254876462938883,3023.4285714285716,2961.8333333333335,1.2819870004304228,False,2013,10,1482,122.0,3076.0,2949.0,2984.0,109.16666666666652,3012.8888888888887
2013-10-27,3071,0.0,3040.8571428571427,2961.6666666666665,1.1518919269241528,False,2013,10,1482,122.0,3071.0,2949.0,3076.0,109.33333333333348,3015.6666666666665
2013-10-28,3105,1.107131227613145,3059.5714285714284,2962.7,1.1693222572585726,True,2013,10,1482,131.0,3071.0,2974.0,3074.0,142.30000000000018,3018.2444444444445
2013-10-29,3015,-2.898550724637683,3059.714285714286,2960.733333333333,1.2866164107053943,True,2013,10,1482,1.0,3105.0,3014.0,3074.0,54.26666666666688,3020.4333333333334
2013-10-30,3025,0.3316749585406287,3060.285714285714,2960.1666666666665,1.274752221531657,False,2013,10,1482,4.0,3015.0,3021.0,3042.0,64.83333333333348,3022.733333333333
2013-10-31,2975,-1.6528925619834656,3048.285714285714,2960.9666666666667,1.1872480688944047,True,2013,10,1482,-84.0,3025.0,3059.0,2951.0,14.033333333333303,3024.0777777777776
2013-11-01,2985,0.3361344537815114,3035.285714285714,2961.633333333333,1.1857461032021586,False,2013,11,1482,-91.0,2975.0,3076.0,2965.0,23.366666666666788,3025.633333333333
2013-11-02,2983,-0.06700167504187782,3022.714285714286,2960.766666666667,1.1535047089134258,False,2013,11,1482,-88.0,2985.0,3071.0,3009.0,22.23333333333312,3027.1666666666665
2013-11-03,2986,0.10056989607778455,3010.5714285714284,2962.2,1.0782055667488508,False,2013,11,1482,-85.0,2983.0,3071.0,2943.0,23.800000000000182,3029.411111111111
2013-11-04,2988,0.06697923643670389,2993.8571428571427,2964.866666666667,1.0523396384267876,False,2013,11,1482,-117.0,2986.0,3105.0,2908.0,23.133333333333212,3031.9333333333334
2013-11-05,2969,-0.6358768406961146,2987.285714285714,2966.9,1.0607079238901869,False,2013,11,1482,-46.0,2988.0,3015.0,2908.0,2.099999999999909,3034.188888888889
2013-11-06,3001,1.0778039744021584,2983.8571428571427,2968.633333333333,1.0479487072653864,False,2013,11,1482,-24.0,2969.0,3025.0,2949.0,32.36666666666679,3036.511111111111
2013-11-07,2993,-0.2665778073975389,2986.4285714285716,2969.7,1.0475545508729627,False,2013,11,1482,18.0,3001.0,2975.0,2961.0,23.300000000000182,3038.7555555555555
2013-11-08,2976,-0.5679919812896728,2985.1428571428573,2971.4666666666667,1.0242477944656392,False,2013,11,1482,-9.0,2993.0,2985.0,2923.0,4.533333333333303,3040.822222222222
2013-11-09,2976,0.0,2984.1428571428573,2974.4666666666667,0.9931338136905045,False,2013,11,1482,-7.0,2976.0,2983.0,2886.0,1.533333333333303,3042.8888888888887
2013-11-10,2976,0.0,2982.714285714286,2979.0666666666666,0.9356554722085892,False,2013,11,1482,-10.0,2976.0,2986.0,2838.0,-3.066666666666606,3043.8888888888887
2013-11-11,3016,1.3440860215053752,2986.714285714286,2985.1,0.9584797300450337,True,2013,11,1482,28.0,2976.0,2988.0,2835.0,30.90000000000009,3045.322222222222
2013-11-12,3040,0.7957559681697646,2996.8571428571427,2991.9333333333334,0.9634381594232523,False,2013,11,1482,71.0,3016.0,2969.0,2835.0,48.066666666666606,3046.6444444444446
2013-11-13,3000,-1.3157894736842146,2996.714285714286,2996.0,0.9724997176602602,True,2013,11,1482,-1.0,3040.0,3001.0,2878.0,4.0,3047.588888888889
2013-11-14,3034,1.1333333333333417,3002.5714285714284,3000.866666666667,0.9886452767564544,True,2013,11,1482,41.0,3000.0,2993.0,2888.0,33.13333333333321,3047.1666666666665
2013-11-15,3035,0.03295978905735186,3011.0,3005.5666666666666,0.9889256841439777,False,2013,11,1482,59.0,3034.0,2976.0,2894.0,29.433333333333394,3046.677777777778
2013-11-16,3033,-0.06589785831960793,3019.1428571428573,3008.133333333333,0.9160480538535788,False,2013,11,1482,57.0,3035.0,2976.0,2956.0,24.866666666666788,3046.1666666666665
2013-11-17,3033,0.0,3027.285714285714,3010.9333333333334,0.9141546509295262,False,2013,11,1482,57.0,3033.0,2976.0,2949.0,22.066666666666606,3045.233333333333
2013-11-18,3008,-0.8242664029014191,3026.1428571428573,3012.9,0.9294522160330106,False,2013,11,1482,-8.0,3033.0,3016.0,2949.0,-4.900000000000091,3044.4222222222224
2013-11-19,3024,0.5319148936170137,3023.8571428571427,3015.4,0.9331320146696617,False,2013,11,1482,-16.0,3008.0,3040.0,2949.0,8.599999999999909,3043.0666666666666
2013-11-20,3016,-0.2645502645502673,3026.1428571428573,3016.8,0.923955699609137,False,2013,11,1482,16.0,3024.0,3000.0,2974.0,-0.8000000000001819,3041.988888888889
2013-11-21,3023,0.23209549071618873,3024.5714285714284,3017.1,0.8919955577706093,False,2013,11,1482,-11.0,3016.0,3034.0,3014.0,5.900000000000091,3040.188888888889
2013-11-22,2987,-1.1908699966920233,3017.714285714286,3015.9666666666667,0.9174563671564919,True,2013,11,1482,-48.0,3023.0,3035.0,3021.0,-28.966666666666697,3038.1222222222223
2013-11-23,2983,-0.13391362571141263,3010.5714285714284,3013.4333333333334,0.8844949674598376,False,2013,11,1482,-50.0,2987.0,3033.0,3059.0,-30.433333333333394,3036.011111111111
2013-11-24,2983,0.0,3003.4285714285716,3010.3333333333335,0.8765042655824471,False,2013,11,1482,-50.0,2983.0,3033.0,3076.0,-27.333333333333485,3033.7555555555555
2013-11-25,3007,0.8045591686221876,3003.285714285714,3008.2,0.8917215472212784,False,2013,11,1482,-1.0,2983.0,3008.0,3071.0,-1.199999999999818,3029.711111111111
2013-11-26,3010,0.09976720984370413,3001.285714285714,3006.1666666666665,0.8921632806931323,False,2013,11,1482,-14.0,3007.0,3024.0,3071.0,3.833333333333485,3026.1666666666665
2013-11-27,2997,-0.4318936877076407,2998.5714285714284,3002.5666666666666,0.8664371484911235,False,2013,11,1482,-19.0,3010.0,3016.0,3105.0,-5.566666666666606,3022.133333333333
2013-11-28,3017,0.6673340006673412,2997.714285714286,3002.633333333333,0.6998916576030569,False,2013,11,1482,-6.0,2997.0,3023.0,3015.0,14.366666666666788,3018.9555555555557
2013-11-29,3023,0.1988730527013649,3002.8571428571427,3002.5666666666666,0.698169351269333,False,2013,11,1482,36.0,3017.0,2987.0,3025.0,20.433333333333394,3015.9
2013-11-30,3022,-0.03307972213033583,3008.4285714285716,3004.133333333333,0.6246889427143324,False,2013,11,1482,39.0,3023.0,2983.0,2975.0,17.866666666666788,3012.8333333333335
2013-12-01,3022,0.0,3014.0,3005.366666666667,0.6224673318428205,False,2013,12,1482,39.0,3022.0,2983.0,2985.0,16.633333333333212,3009.688888888889
2013-12-02,3002,-0.6618133686300487,3013.285714285714,3006.0,0.6354282681867063,False,2013,12,1482,-5.0,3022.0,3007.0,2983.0,-4.0,3004.8333333333335
2013-12-03,3034,1.065956029313786,3016.714285714286,3007.6,0.6633185114675577,False,2013,12,1482,24.0,3002.0,3010.0,2986.0,26.40000000000009,3002.322222222222
2013-12-04,3076,1.3843111404087116,3028.0,3010.5333333333333,0.7063273095297075,True,2013,12,1482,79.0,3034.0,2997.0,2988.0,65.4666666666667,3000.6666666666665
2013-12-05,2925,-4.908972691807545,3014.8571428571427,3009.0666666666666,1.1507257954982735,True,2013,12,1482,-92.0,3076.0,3017.0,2969.0,-84.0666666666666,2997.7555555555555
2013-12-06,2899,-0.8888888888888835,2997.1428571428573,3005.6666666666665,1.1406353736365937,False,2013,12,1482,-124.0,2925.0,3023.0,3001.0,-106.66666666666652,2994.5666666666666
2013-12-07,2897,-0.06898930665746317,2979.285714285714,3002.4666666666667,1.140263225703058,False,2013,12,1482,-125.0,2899.0,3022.0,2993.0,-105.4666666666667,2991.3555555555554
2013-12-08,2897,0.0,2961.4285714285716,2999.8333333333335,1.1369732086987312,False,2013,12,1482,-125.0,2897.0,3022.0,2976.0,-102.83333333333348,2988.488888888889
2013-12-09,2905,0.2761477390403888,2947.5714285714284,2997.4666666666667,1.1387869728533442,False,2013,12,1482,-97.0,2897.0,3002.0,2976.0,-92.4666666666667,2986.6111111111113
2013-12-10,2949,1.5146299483648873,2935.4285714285716,2996.5666666666666,1.1751774808220041,True,2013,12,1482,-85.0,2905.0,3034.0,2976.0,-47.566666666666606,2985.3
2013-12-11,2946,-0.10172939979654627,2916.8571428571427,2994.233333333333,1.1464511650094815,False,2013,12,1482,-130.0,2949.0,3076.0,3016.0,-48.23333333333312,2984.7
2013-12-12,2920,-0.8825526137135054,2916.1428571428573,2990.233333333333,1.14360355619781,False,2013,12,1482,-5.0,2946.0,2925.0,3040.0,-70.23333333333312,2984.322222222222
2013-12-13,2941,0.7191780821917737,2922.1428571428573,2988.266666666667,1.1309851874861307,False,2013,12,1482,42.0,2920.0,2899.0,3000.0,-47.26666666666688,2983.511111111111
2013-12-14,2944,0.10200612036721513,2928.8571428571427,2985.266666666667,1.108924529567842,False,2013,12,1482,47.0,2941.0,2897.0,3034.0,-41.26666666666688,2982.733333333333
2013-12-15,2944,0.0,2935.5714285714284,2982.233333333333,1.1088104665261054,False,2013,12,1482,47.0,2944.0,2897.0,3035.0,-38.23333333333312,2982.4666666666667
2013-12-16,2890,-1.8342391304347783,2933.4285714285716,2977.4666666666667,1.1533007413336833,True,2013,12,1482,-15.0,2944.0,2905.0,3033.0,-87.4666666666667,2981.6
2013-12-17,2876,-0.48442906574394096,2923.0,2972.233333333333,1.154456584656246,False,2013,12,1482,-73.0,2890.0,2949.0,3033.0,-96.23333333333312,2980.288888888889
2013-12-18,2877,0.03477051460361036,2913.1428571428573,2967.866666666667,1.1483176110851814,False,2013,12,1482,-69.0,2876.0,2946.0,3008.0,-90.86666666666679,2978.3
2013-12-19,2837,-1.3903371567605127,2901.285714285714,2961.633333333333,1.1629644507260366,True,2013,12,1482,-83.0,2877.0,2920.0,3024.0,-124.63333333333321,2976.6111111111113
2013-12-20,2861,0.8459640465280138,2889.8571428571427,2956.4666666666667,1.1786015352149033,False,2013,12,1482,-80.0,2837.0,2941.0,3016.0,-95.4666666666667,2975.1666666666665
2013-12-21,2855,-0.20971688220902118,2877.1428571428573,2950.866666666667,1.176176356824718,False,2013,12,1482,-89.0,2861.0,2944.0,3023.0,-95.86666666666679,2973.6555555555556
2013-12-22,2855,0.0,2864.4285714285716,2946.4666666666667,1.1610068743445183,False,2013,12,1482,-89.0,2855.0,2944.0,2987.0,-91.4666666666667,2972.2555555555555
2013-12-23,2837,-0.6304728546409843,2856.8571428571427,2941.6,1.1643942386852795,False,2013,12,1482,-53.0,2855.0,2890.0,2983.0,-104.59999999999991,2970.722222222222
2013-12-24,2845,0.28198801550933794,2852.4285714285716,2937.0,1.1668697173792872,False,2013,12,1482,-31.0,2837.0,2876.0,2983.0,-92.0,2968.7555555555555
2013-12-25,2843,-0.07029876977152627,2847.5714285714284,2931.5333333333333,1.1530136666513124,False,2013,12,1482,-34.0,2845.0,2877.0,3007.0,-88.5333333333333,2967.188888888889
2013-12-26,2858,0.5276116778051287,2850.5714285714284,2926.4666666666667,1.159225408658936,False,2013,12,1482,21.0,2843.0,2837.0,3010.0,-68.4666666666667,2964.766666666667
2013-12-27,2855,-0.10496850944716751,2849.714285714286,2921.733333333333,1.1581753789361333,False,2013,12,1482,-6.0,2858.0,2861.0,2997.0,-66.73333333333312,2962.3333333333335
2013-12-28,2855,0.0,2849.714285714286,2916.3333333333335,1.1482010954706214,False,2013,12,1482,0.0,2855.0,2855.0,3017.0,-61.333333333333485,2959.9
2013-12-29,2855,0.0,2849.714285714286,2910.733333333333,1.1465272452502409,False,2013,12,1482,0.0,2855.0,2855.0,3023.0,-55.73333333333312,2957.822222222222
2013-12-30,2840,-0.5253940455341555,2850.1428571428573,2904.6666666666665,1.1478162016725844,False,2013,12,1482,3.0,2855.0,2837.0,3022.0,-64.66666666666652,2956.588888888889
2013-12-31,2846,0.21126760563381364,2850.285714285714,2898.8,1.149734248330245,False,2013,12,1482,1.0,2840.0,2845.0,3022.0,-52.80000000000018,2955.266666666667
2014-01-01,2843,-0.10541110330287706,2850.285714285714,2893.5,1.146398793171631,False,2014,1,1482,0.0,2846.0,2843.0,3002.0,-50.5,2953.4222222222224
2014-01-02,2894,1.79387970453746,2855.4285714285716,2888.8333333333335,1.180753237124469,True,2014,1,1482,36.0,2843.0,2858.0,3034.0,5.166666666666515,2952.8777777777777
2014-01-03,2916,0.7601935038009655,2864.1428571428573,2883.5,1.1580589596378397,False,2014,1,1482,61.0,2894.0,2855.0,3076.0,32.5,2952.9666666666667
2014-01-04,2915,-0.03429355281207025,2872.714285714286,2883.1666666666665,0.7351515021868401,False,2014,1,1482,60.0,2916.0,2855.0,2925.0,31.833333333333485,2953.0444444444443
2014-01-05,2915,0.0,2881.285714285714,2883.7,0.7161239716353712,False,2014,1,1482,60.0,2915.0,2855.0,2899.0,31.300000000000182,2952.6666666666665
2014-01-06,2907,-0.2744425385934779,2890.8571428571427,2884.0333333333333,0.7179924781686349,False,2014,1,1482,67.0,2915.0,2840.0,2897.0,22.966666666666697,2952.0666666666666
2014-01-07,2887,-0.687994496044031,2896.714285714286,2883.7,0.7293519892449283,False,2014,1,1482,41.0,2907.0,2846.0,2897.0,3.300000000000182,2951.6666666666665
2014-01-08,2876,-0.38101835815725904,2901.4285714285716,2882.733333333333,0.7303619248441098,False,2014,1,1482,33.0,2887.0,2843.0,2905.0,-6.733333333333121,2951.5555555555557
2014-01-09,2883,0.24339360222531692,2899.8571428571427,2880.5333333333333,0.6721615853623519,False,2014,1,1482,-11.0,2876.0,2894.0,2949.0,2.466666666666697,2952.0555555555557
2014-01-10,2899,0.5549774540409391,2897.4285714285716,2878.9666666666667,0.6818255922541374,False,2014,1,1482,-17.0,2883.0,2916.0,2946.0,20.033333333333303,2952.766666666667
2014-01-11,2902,0.10348395998620585,2895.5714285714284,2878.366666666667,0.6639057432596648,False,2014,1,1482,-13.0,2899.0,2915.0,2920.0,23.633333333333212,2953.511111111111
2014-01-12,2902,0.0,2893.714285714286,2877.0666666666666,0.6491724287694044,False,2014,1,1482,-13.0,2902.0,2915.0,2941.0,24.933333333333394,2953.777777777778
2014-01-13,2918,0.5513439007581056,2895.285714285714,2876.2,0.6577472869815749,False,2014,1,1482,11.0,2902.0,2907.0,2944.0,41.80000000000018,2954.1111111111113
2014-01-14,2908,-0.34270047978066653,2898.285714285714,2875.0,0.6602249671219045,False,2014,1,1482,21.0,2918.0,2887.0,2944.0,33.0,2954.266666666667
2014-01-15,2900,-0.27510316368638543,2901.714285714286,2875.3333333333335,0.5691044404972887,False,2014,1,1482,24.0,2908.0,2876.0,2890.0,24.666666666666515,2953.6444444444446
2014-01-16,2906,0.206896551724145,2905.0,2876.3333333333335,0.5622197245312535,False,2014,1,1482,23.0,2900.0,2883.0,2876.0,29.666666666666515,2953.1666666666665
2014-01-17,2925,0.6538196834136256,2908.714285714286,2877.9333333333334,0.5734173357592716,False,2014,1,1482,26.0,2906.0,2899.0,2877.0,47.066666666666606,2952.9
2014-01-18,2928,0.10256410256410664,2912.4285714285716,2880.9666666666667,0.5040917053431787,False,2014,1,1482,26.0,2925.0,2902.0,2837.0,47.0333333333333,2952.6666666666665
2014-01-19,2928,0.0,2916.1428571428573,2883.2,0.4845850364652816,False,2014,1,1482,26.0,2928.0,2902.0,2861.0,44.80000000000018,2952.1555555555556
2014-01-20,2931,0.10245901639345245,2918.0,2885.733333333333,0.4815286703988925,False,2014,1,1482,13.0,2928.0,2918.0,2855.0,45.26666666666688,2951.233333333333
2014-01-21,2924,-0.23882633913340223,2920.285714285714,2888.0333333333333,0.48500774721705364,False,2014,1,1482,16.0,2931.0,2908.0,2855.0,35.9666666666667,2950.1555555555556
2014-01-22,2918,-0.20519835841312783,2922.8571428571427,2890.733333333333,0.4694688835013112,False,2014,1,1482,18.0,2924.0,2900.0,2837.0,27.26666666666688,2948.588888888889
2014-01-23,2933,0.5140507196710109,2926.714285714286,2893.6666666666665,0.47454156560110056,False,2014,1,1482,27.0,2918.0,2906.0,2845.0,39.333333333333485,2947.0
2014-01-24,2949,0.5455165359699921,2930.1428571428573,2897.2,0.48008789653262024,False,2014,1,1482,24.0,2933.0,2925.0,2843.0,51.80000000000018,2945.6444444444446
2014-01-25,2954,0.16954899966090675,2933.8571428571427,2900.4,0.4741008045980818,False,2014,1,1482,26.0,2949.0,2928.0,2858.0,53.59999999999991,2944.3444444444444
2014-01-26,2954,0.0,2937.5714285714284,2903.7,0.47283556389903114,False,2014,1,1482,26.0,2954.0,2928.0,2855.0,50.30000000000018,2942.6666666666665
2014-01-27,2979,0.8463100880162555,2944.4285714285716,2907.8333333333335,0.4906624520398903,False,2014,1,1482,48.0,2954.0,2931.0,2855.0,71.16666666666652,2942.266666666667
2014-01-28,2955,-0.8056394763343411,2948.8571428571427,2911.1666666666665,0.5199315585718665,False,2014,1,1482,31.0,2979.0,2924.0,2855.0,43.833333333333485,2941.488888888889
2014-01-29,2972,0.5752961082910346,2956.5714285714284,2915.5666666666666,0.5118744552872616,False,2014,1,1482,54.0,2955.0,2918.0,2840.0,56.433333333333394,2941.4555555555557
2014-01-30,2944,-0.9421265141319024,2958.1428571428573,2918.8333333333335,0.5492809937002138,False,2014,1,1482,11.0,2972.0,2933.0,2846.0,25.166666666666515,2941.0
2014-01-31,2936,-0.27173913043477826,2956.285714285714,2921.9333333333334,0.5524063882533721,False,2014,1,1482,-13.0,2944.0,2949.0,2843.0,14.066666666666606,2940.4777777777776
2014-02-01,2950,0.47683923705721387,2955.714285714286,2923.8,0.4581683299123313,False,2014,2,1482,-4.0,2936.0,2954.0,2894.0,26.199999999999818,2940.0777777777776
2014-02-02,2950,0.0,2955.1428571428573,2924.9333333333334,0.43901045154313845,False,2014,2,1482,-4.0,2950.0,2954.0,2916.0,25.066666666666606,2939.6555555555556
2014-02-03,2979,0.9830508474576227,2955.1428571428573,2927.0666666666666,0.4712183114313772,False,2014,2,1482,0.0,2950.0,2979.0,2915.0,51.933333333333394,2939.766666666667
2014-02-04,2969,-0.33568311513930693,2957.1428571428573,2928.866666666667,0.4769739873328259,False,2014,2,1482,14.0,2979.0,2955.0,2915.0,40.13333333333321,2939.411111111111
2014-02-05,2877,-3.098686426406194,2943.5714285714284,2927.866666666667,0.7476445171398733,True,2014,2,1482,-95.0,2969.0,2972.0,2907.0,-50.86666666666679,2938.1222222222223
2014-02-06,2868,-0.31282586027111536,2932.714285714286,2927.233333333333,0.7393827606649983,False,2014,2,1482,-76.0,2877.0,2944.0,2887.0,-59.23333333333312,2936.9222222222224
2014-02-07,2874,0.20920502092049986,2923.8571428571427,2927.1666666666665,0.7372764558028524,False,2014,2,1482,-62.0,2868.0,2936.0,2876.0,-53.166666666666515,2935.788888888889
2014-02-08,2876,0.06958942240780086,2913.285714285714,2926.9333333333334,0.7359824400026539,False,2014,2,1482,-74.0,2874.0,2950.0,2883.0,-50.933333333333394,2934.677777777778
2014-02-09,2876,0.0,2902.714285714286,2926.1666666666665,0.7283452112639472,False,2014,2,1482,-74.0,2876.0,2950.0,2899.0,-50.166666666666515,2933.1222222222223
2014-02-10,2892,0.5563282336578546,2890.285714285714,2925.8333333333335,0.7357324551961143,False,2014,2,1482,-87.0,2876.0,2979.0,2902.0,-33.833333333333485,2931.4777777777776
2014-02-11,2911,0.6569847856154887,2882.0,2926.133333333333,0.7457152166042211,False,2014,2,1482,-58.0,2892.0,2969.0,2902.0,-15.133333333333212,2930.488888888889
2014-02-12,2911,0.0,2886.8571428571427,2925.9,0.7387527550657947,False,2014,2,1482,34.0,2911.0,2877.0,2918.0,-14.900000000000091,2929.1222222222223
2014-02-13,2919,0.27481964960494043,2894.1428571428573,2926.266666666667,0.737630743229648,False,2014,2,1482,51.0,2911.0,2868.0,2908.0,-7.266666666666879,2927.8333333333335
2014-02-14,2935,0.5481329222336351,2902.8571428571427,2927.4333333333334,0.7417580621053885,False,2014,2,1482,61.0,2919.0,2874.0,2900.0,7.566666666666606,2926.7444444444445
2014-02-15,2934,-0.03407155025553221,2911.1428571428573,2928.366666666667,0.7412230914522814,False,2014,2,1482,58.0,2935.0,2876.0,2906.0,5.633333333333212,2925.6444444444446
2014-02-16,2934,0.0,2919.4285714285716,2928.6666666666665,0.731944226784192,False,2014,2,1482,58.0,2934.0,2876.0,2925.0,5.333333333333485,2924.822222222222
2014-02-17,3009,2.556237218813906,2936.1428571428573,2931.366666666667,0.8669516378220948,True,2014,2,1482,117.0,2934.0,2892.0,2928.0,77.63333333333321,2924.6555555555556
2014-02-18,3021,0.3988035892322994,2951.8571428571427,2934.4666666666667,0.8685063777729995,False,2014,2,1482,110.0,3009.0,2911.0,2928.0,86.5333333333333,2924.711111111111
2014-02-19,3003,-0.5958291956305817,2965.0,2936.866666666667,0.8779641848494982,False,2014,2,1482,92.0,3021.0,2911.0,2931.0,66.13333333333321,2924.488888888889
2014-02-20,2989,-0.4662004662004615,2975.0,2939.0333333333333,0.8818260264141564,False,2014,2,1482,70.0,3003.0,2919.0,2924.0,49.9666666666667,2924.511111111111
2014-02-21,2985,-0.13382402141184357,2982.1428571428573,2941.266666666667,0.8811341676191475,False,2014,2,1482,50.0,2989.0,2935.0,2918.0,43.73333333333312,2924.5333333333333
2014-02-22,2989,0.13400335008375563,2990.0,2943.133333333333,0.8773947300319942,False,2014,2,1482,55.0,2985.0,2934.0,2933.0,45.86666666666679,2924.6
2014-02-23,2989,0.0,2997.8571428571427,2944.4666666666667,0.8727720093480726,False,2014,2,1482,55.0,2989.0,2934.0,2949.0,44.5333333333333,2924.4
2014-02-24,3011,0.7360321177651397,2998.1428571428573,2946.366666666667,0.8815624087583536,False,2014,2,1482,2.0,2989.0,3009.0,2954.0,64.63333333333321,2924.411111111111
2014-02-25,3020,0.29890401859846705,2998.0,2948.5666666666666,0.8824618668864342,False,2014,2,1482,-1.0,3011.0,3021.0,2954.0,71.4333333333334,2924.6666666666665
2014-02-26,3020,0.0,3000.4285714285716,2949.9333333333334,0.8704820425324286,False,2014,2,1482,17.0,3020.0,3003.0,2979.0,70.0666666666666,2924.7
2014-02-27,3010,-0.3311258278145712,3003.4285714285716,2951.766666666667,0.8586431102111863,False,2014,2,1482,21.0,3020.0,2989.0,2955.0,58.23333333333312,2924.5555555555557
2014-02-28,3014,0.1328903654485014,3007.5714285714284,2953.1666666666665,0.8533608401487595,False,2014,2,1482,29.0,3010.0,2985.0,2972.0,60.833333333333485,2924.4666666666667
2014-03-01,3008,-0.19907100199071381,3010.285714285714,2955.3,0.8341287629773466,False,2014,3,1482,19.0,3014.0,2989.0,2944.0,52.69999999999982,2924.311111111111
2014-03-02,3008,0.0,3013.0,2957.7,0.8317044919928324,False,2014,3,1482,19.0,3008.0,2989.0,2936.0,50.30000000000018,2924.3777777777777
2014-03-03,3061,1.7619680851063801,3020.1428571428573,2961.4,0.8840747166127163,True,2014,3,1482,50.0,3008.0,3011.0,2950.0,99.59999999999991,2924.677777777778
2014-03-04,3016,-1.4701078079059182,3019.5714285714284,2963.6,0.9308617210133262,True,2014,3,1482,-4.0,3061.0,3020.0,2950.0,52.40000000000009,2924.011111111111
2014-03-05,3017,0.03315649867374759,3019.1428571428573,2964.866666666667,0.9150351398105075,False,2014,3,1482,-3.0,3016.0,3020.0,2979.0,52.13333333333321,2925.0333333333333
2014-03-06,3020,0.09943652635067135,3020.5714285714284,2966.5666666666666,0.9122154360350868,False,2014,3,1482,10.0,3017.0,3010.0,2969.0,53.433333333333394,2926.3777777777777
2014-03-07,3025,0.16556291390728006,3022.1428571428573,2971.5,0.6899588504939643,False,2014,3,1482,11.0,3020.0,3014.0,2877.0,53.5,2927.8
2014-03-08,3014,-0.363636363636366,3023.0,2976.366666666667,0.691245175371236,False,2014,3,1482,6.0,3025.0,3008.0,2868.0,37.63333333333321,2929.1
2014-03-09,3014,0.0,3023.8571428571427,2981.0333333333333,0.6918695031284205,False,2014,3,1482,6.0,3014.0,3008.0,2874.0,32.9666666666667,2930.311111111111
2014-03-10,3009,-0.16589250165892633,3016.4285714285716,2985.4666666666667,0.694273555738382,False,2014,3,1482,-52.0,3014.0,3061.0,2876.0,23.533333333333303,2930.9777777777776
2014-03-11,3020,0.36556995679628557,3017.0,2990.266666666667,0.694701480716937,False,2014,3,1482,4.0,3009.0,3016.0,2876.0,29.73333333333312,2931.8
2014-03-12,3051,1.026490066225172,3021.8571428571427,2995.5666666666666,0.708983460648633,False,2014,3,1482,34.0,3020.0,3017.0,2892.0,55.433333333333394,2933.2555555555555
2014-03-13,3053,0.06555227794164953,3026.5714285714284,3000.3,0.7034924101027833,False,2014,3,1482,33.0,3051.0,3020.0,2911.0,52.69999999999982,2934.5
2014-03-14,3060,0.22928267278086167,3031.5714285714284,3005.266666666667,0.702925303666398,False,2014,3,1482,35.0,3053.0,3025.0,2911.0,54.73333333333312,2935.788888888889
2014-03-15,3059,-0.03267973856209139,3038.0,3009.9333333333334,0.7035692442326658,False,2014,3,1482,45.0,3060.0,3014.0,2919.0,49.066666666666606,2937.0666666666666
2014-03-16,3059,0.0,3044.4285714285716,3014.0666666666666,0.7002152802119014,False,2014,3,1482,45.0,3059.0,3014.0,2935.0,44.933333333333394,2938.9444444444443
2014-03-17,3038,-0.6864988558352381,3048.5714285714284,3017.5333333333333,0.7157790675489051,False,2014,3,1482,29.0,3059.0,3009.0,2934.0,20.466666666666697,2940.7444444444445
2014-03-18,3020,-0.5924950625411429,3048.5714285714284,3020.4,0.7272475156961624,False,2014,3,1482,0.0,3038.0,3020.0,2934.0,-0.40000000000009095,2942.3333333333335
2014-03-19,3004,-0.5298013245033095,3041.8571428571427,3020.233333333333,0.5686337912858151,False,2014,3,1482,-47.0,3020.0,3051.0,3009.0,-16.23333333333312,2944.188888888889
2014-03-20,2978,-0.8655126498002708,3031.1428571428573,3018.8,0.5843858763610918,False,2014,3,1482,-75.0,3004.0,3053.0,3021.0,-40.80000000000018,2945.488888888889
2014-03-21,2975,-0.1007387508394908,3019.0,3017.866666666667,0.575246235245255,False,2014,3,1482,-85.0,2978.0,3060.0,3003.0,-42.86666666666679,2946.822222222222
2014-03-22,2976,0.03361344537815558,3007.1428571428573,3017.4333333333334,0.5693738864059805,False,2014,3,1482,-83.0,2975.0,3059.0,2989.0,-41.433333333333394,2948.1666666666665
2014-03-23,2976,0.0,2995.285714285714,3017.133333333333,0.568918393812184,False,2014,3,1482,-83.0,2976.0,3059.0,2985.0,-41.13333333333321,2949.711111111111
2014-03-24,2918,-1.9489247311827995,2978.1428571428573,3014.766666666667,0.6691910649379921,True,2014,3,1482,-120.0,2976.0,3038.0,2989.0,-96.76666666666688,2950.5222222222224
2014-03-25,2897,-0.719671007539413,2960.5714285714284,3011.7,0.6791265169525361,False,2014,3,1482,-123.0,2918.0,3020.0,2989.0,-114.69999999999982,2951.1222222222223
2014-03-26,2847,-1.7259233690024134,2938.1428571428573,3006.233333333333,0.7217874950056958,True,2014,3,1482,-157.0,2897.0,3004.0,3011.0,-159.23333333333312,2951.0
2014-03-27,2847,0.0,2919.4285714285716,3000.4666666666667,0.7169385817520565,False,2014,3,1482,-131.0,2847.0,2978.0,3020.0,-153.4666666666667,2950.911111111111
2014-03-28,2836,-0.38637161924832686,2899.5714285714284,2994.3333333333335,0.7168046648519393,False,2014,3,1482,-139.0,2847.0,2975.0,3020.0,-158.33333333333348,2950.7
2014-03-29,2839,0.10578279266573176,2880.0,2988.633333333333,0.7186283400554306,False,2014,3,1482,-137.0,2836.0,2976.0,3010.0,-149.6333333333332,2950.5222222222224
2014-03-30,2839,0.0,2860.4285714285716,2982.8,0.7169625726484364,False,2014,3,1482,-137.0,2839.0,2976.0,3014.0,-143.80000000000018,2950.511111111111
2014-03-31,2851,0.4226840436773571,2850.8571428571427,2977.5666666666666,0.7258233334860383,False,2014,3,1482,-67.0,2839.0,2918.0,3008.0,-126.5666666666666,2950.5666666666666
2014-04-01,2820,-1.0873377762188663,2839.8571428571427,2971.3,0.7436623619457609,False,2014,4,1482,-77.0,2851.0,2897.0,3008.0,-151.30000000000018,2950.311111111111
2014-04-02,2824,0.14184397163119478,2836.5714285714284,2963.4,0.6480325257719433,False,2014,4,1482,-23.0,2820.0,2847.0,3061.0,-139.4000000000001,2949.5333333333333
2014-04-03,2854,1.0623229461756312,2837.5714285714284,2958.0,0.6507382607242661,False,2014,4,1482,7.0,2824.0,2847.0,3016.0,-104.0,2948.8444444444444
2014-04-04,2854,0.0,2840.1428571428573,2952.5666666666666,0.6503886404022963,False,2014,4,1482,18.0,2854.0,2836.0,3017.0,-98.5666666666666,2948.1666666666665
2014-04-05,2825,-1.0161177295024526,2838.1428571428573,2946.0666666666666,0.6654059301873038,False,2014,4,1482,-14.0,2854.0,2839.0,3020.0,-121.0666666666666,2947.1666666666665
2014-04-06,2825,0.0,2836.1428571428573,2939.4,0.662778427471129,False,2014,4,1482,-14.0,2825.0,2839.0,3025.0,-114.40000000000009,2946.2555555555555
2014-04-07,2832,0.24778761061947652,2833.4285714285716,2933.3333333333335,0.6677698674095133,False,2014,4,1482,-19.0,2825.0,2851.0,3014.0,-101.33333333333348,2945.6444444444446
2014-04-08,2846,0.4943502824858781,2837.1428571428573,2927.733333333333,0.6790138103375747,False,2014,4,1482,26.0,2832.0,2820.0,3014.0,-81.73333333333312,2945.311111111111
2014-04-09,2842,-0.14054813773717312,2839.714285714286,2922.1666666666665,0.6790590025651769,False,2014,4,1482,18.0,2846.0,2824.0,3009.0,-80.16666666666652,2944.8555555555554
2014-04-10,2878,1.2667135819845132,2843.1428571428573,2917.4333333333334,0.7229021068327274,True,2014,4,1482,24.0,2842.0,2854.0,3020.0,-39.433333333333394,2944.6222222222223
2014-04-11,2877,-0.03474635163307482,2846.4285714285716,2911.633333333333,0.6880742559004859,False,2014,4,1482,23.0,2878.0,2854.0,3051.0,-34.63333333333321,2944.3444444444444
2014-04-12,2876,-0.03475842891901282,2853.714285714286,2905.733333333333,0.6870161686426239,False,2014,4,1482,51.0,2877.0,2825.0,3053.0,-29.73333333333312,2944.0555555555557
2014-04-13,2876,0.0,2861.0,2899.6,0.6833808533522586,False,2014,4,1482,51.0,2876.0,2825.0,3060.0,-23.59999999999991,2943.588888888889
2014-04-14,2876,0.0,2867.285714285714,2893.5,0.6836897211495837,False,2014,4,1482,44.0,2876.0,2832.0,3059.0,-17.5,2943.233333333333
2014-04-15,2855,-0.7301808066759397,2868.5714285714284,2886.7,0.6891835315935976,False,2014,4,1482,9.0,2876.0,2846.0,3059.0,-31.699999999999818,2942.733333333333
2014-04-16,2860,0.17513134851139256,2871.1428571428573,2880.766666666667,0.6873462791330629,False,2014,4,1482,18.0,2855.0,2842.0,3038.0,-20.76666666666688,2942.222222222222
2014-04-17,2850,-0.34965034965035446,2867.1428571428573,2875.1,0.6839711304348841,False,2014,4,1482,-28.0,2860.0,2878.0,3020.0,-25.09999999999991,2941.3888888888887
2014-04-18,2853,0.10526315789474161,2863.714285714286,2870.0666666666666,0.6829398806469554,False,2014,4,1482,-24.0,2850.0,2877.0,3004.0,-17.066666666666606,2940.5555555555557
2014-04-19,2853,0.0,2860.4285714285716,2865.9,0.6706950874916461,False,2014,4,1482,-23.0,2853.0,2876.0,2978.0,-12.900000000000091,2939.722222222222
2014-04-20,2853,0.0,2857.1428571428573,2861.8333333333335,0.6711538234529506,False,2014,4,1482,-23.0,2853.0,2876.0,2975.0,-8.833333333333485,2938.8555555555554
2014-04-21,2848,-0.1752541184717793,2853.1428571428573,2857.5666666666666,0.6704027294090253,False,2014,4,1482,-28.0,2853.0,2876.0,2976.0,-9.566666666666606,2938.011111111111
2014-04-22,2860,0.4213483146067398,2853.8571428571427,2853.7,0.6779007476606147,False,2014,4,1482,5.0,2848.0,2855.0,2976.0,6.300000000000182,2937.366666666667
2014-04-23,2876,0.5594405594405494,2856.1428571428573,2852.3,0.5955319479917633,False,2014,4,1482,16.0,2860.0,2860.0,2918.0,23.699999999999818,2936.733333333333
2014-04-24,2880,0.13908205841446364,2860.4285714285716,2851.733333333333,0.5825614026309953,False,2014,4,1482,30.0,2876.0,2850.0,2897.0,28.26666666666688,2935.9666666666667
2014-04-25,2890,0.3472222222222321,2865.714285714286,2853.1666666666665,0.4883101518956292,False,2014,4,1482,37.0,2880.0,2853.0,2847.0,36.833333333333485,2935.2555555555555
2014-04-26,2890,0.0,2871.0,2854.6,0.4883101518956292,False,2014,4,1482,37.0,2890.0,2853.0,2847.0,35.40000000000009,2934.5444444444443
2014-04-27,2890,0.0,2876.285714285714,2856.4,0.48141977765283434,False,2014,4,1482,37.0,2890.0,2853.0,2836.0,33.59999999999991,2933.5555555555557
2014-04-28,2895,0.17301038062282892,2883.0,2858.266666666667,0.48177724776188824,False,2014,4,1482,47.0,2890.0,2848.0,2839.0,36.73333333333312,2932.8888888888887
2014-04-29,2875,-0.6908462867012077,2885.1428571428573,2859.4666666666667,0.5011735148293285,False,2014,4,1482,15.0,2895.0,2860.0,2839.0,15.533333333333303,2931.811111111111
2014-04-30,2890,0.521739130434784,2887.1428571428573,2860.766666666667,0.5040775577044675,False,2014,4,1482,14.0,2875.0,2876.0,2851.0,29.23333333333312,2931.211111111111
2014-05-01,2857,-1.141868512110722,2883.8571428571427,2862.0,0.5083871320151109,True,2014,5,1482,-23.0,2890.0,2880.0,2820.0,-5.0,2930.3333333333335
2014-05-02,2887,1.0500525026251317,2883.4285714285716,2864.1,0.5404037922897829,False,2014,5,1482,-3.0,2857.0,2890.0,2824.0,22.90000000000009,2929.633333333333
2014-05-03,2886,-0.03463803255975284,2882.8571428571427,2865.1666666666665,0.5073976054861834,False,2014,5,1482,-4.0,2887.0,2890.0,2854.0,20.833333333333485,2928.9222222222224
2014-05-04,2886,0.0,2882.285714285714,2866.233333333333,0.5073976054861834,False,2014,5,1482,-4.0,2886.0,2890.0,2854.0,19.76666666666688,2927.8888888888887
2014-05-05,2894,0.2772002772002846,2882.1428571428573,2868.5333333333333,0.4681340024311398,False,2014,5,1482,-1.0,2886.0,2895.0,2825.0,25.466666666666697,2927.0555555555557
2014-05-06,2889,-0.1727712508638568,2884.1428571428573,2870.6666666666665,0.4702295954223239,False,2014,5,1482,14.0,2894.0,2875.0,2825.0,18.333333333333485,2927.188888888889
2014-05-07,2852,-1.2807199723087526,2878.714285714286,2871.3333333333335,0.5299627610333506,True,2014,5,1482,-38.0,2889.0,2890.0,2832.0,-19.333333333333485,2927.011111111111
2014-05-08,2851,-0.03506311360448322,2877.8571428571427,2871.5,0.5225513996799109,False,2014,5,1482,-6.0,2852.0,2857.0,2846.0,-20.5,2926.7555555555555
2014-05-09,2852,0.03507541213609855,2872.8571428571427,2871.8333333333335,0.5218226761697292,False,2014,5,1482,-35.0,2851.0,2887.0,2842.0,-19.833333333333485,2926.488888888889
2014-05-10,2851,-0.03506311360448322,2867.8571428571427,2870.9333333333334,0.46500875022781485,False,2014,5,1482,-35.0,2852.0,2886.0,2878.0,-19.933333333333394,2926.211111111111
2014-05-11,2851,0.0,2862.8571428571427,2870.0666666666666,0.46504073582756433,False,2014,5,1482,-35.0,2851.0,2886.0,2877.0,-19.066666666666606,2925.7555555555555
2014-05-12,2861,0.3507541213609189,2858.1428571428573,2869.5666666666666,0.47018009476299705,False,2014,5,1482,-33.0,2851.0,2894.0,2876.0,-8.566666666666606,2925.2
2014-05-13,2849,-0.41943376441803126,2852.4285714285716,2868.6666666666665,0.4758784532331742,False,2014,5,1482,-40.0,2861.0,2889.0,2876.0,-19.666666666666515,2924.511111111111
2014-05-14,2871,0.7722007722007707,2855.1428571428573,2868.5,0.4979482704097572,False,2014,5,1482,19.0,2849.0,2852.0,2876.0,2.5,2923.9777777777776
2014-05-15,2847,-0.8359456635318674,2854.5714285714284,2868.233333333333,0.5036048454345968,False,2014,5,1482,-4.0,2871.0,2851.0,2855.0,-21.23333333333312,2923.0
2014-05-16,2808,-1.3698630136986356,2848.285714285714,2866.5,0.5600523262376677,True,2014,5,1482,-44.0,2847.0,2852.0,2860.0,-58.5,2921.6
2014-05-17,2813,0.17806267806268483,2842.8571428571427,2865.266666666667,0.5589151098055515,False,2014,5,1482,-38.0,2808.0,2851.0,2850.0,-52.26666666666688,2920.2555555555555
2014-05-18,2813,0.0,2837.4285714285716,2863.9333333333334,0.5582885792039922,False,2014,5,1482,-38.0,2813.0,2851.0,2853.0,-50.933333333333394,2918.0777777777776
2014-05-19,2811,-0.07109847138286884,2830.285714285714,2862.5333333333333,0.5582394883688848,False,2014,5,1482,-50.0,2813.0,2861.0,2853.0,-51.5333333333333,2915.7444444444445
2014-05-20,2817,0.2134471718249653,2825.714285714286,2861.3333333333335,0.5602278817606616,False,2014,5,1482,-32.0,2811.0,2849.0,2853.0,-44.333333333333485,2913.677777777778
2014-05-21,2742,-2.6624068157614533,2807.285714285714,2857.8,0.7369639847208372,True,2014,5,1482,-129.0,2817.0,2871.0,2848.0,-115.80000000000018,2910.9333333333334
2014-05-22,2721,-0.7658643326039383,2789.285714285714,2853.1666666666665,0.738560340225923,False,2014,5,1482,-126.0,2742.0,2847.0,2860.0,-132.16666666666652,2908.0
2014-05-23,2730,0.330760749724357,2778.1428571428573,2848.3,0.7319949032990497,False,2014,5,1482,-78.0,2721.0,2808.0,2876.0,-118.30000000000018,2905.1222222222223
2014-05-24,2738,0.293040293040292,2767.4285714285716,2843.5666666666666,0.7347774932171475,False,2014,5,1482,-75.0,2730.0,2813.0,2880.0,-105.5666666666666,2902.3333333333335
2014-05-25,2738,0.0,2756.714285714286,2838.5,0.7291313395370336,False,2014,5,1482,-75.0,2738.0,2813.0,2890.0,-100.5,2899.3
2014-05-26,2747,0.32870708546384186,2747.5714285714284,2833.733333333333,0.734339398547159,False,2014,5,1482,-64.0,2738.0,2811.0,2890.0,-86.73333333333312,2896.266666666667
2014-05-27,2696,-1.8565708045140128,2730.285714285714,2827.266666666667,0.7955160412752237,True,2014,5,1482,-121.0,2747.0,2817.0,2890.0,-131.26666666666688,2892.6666666666665
2014-05-28,2684,-0.4451038575667643,2722.0,2820.233333333333,0.7927643201264303,False,2014,5,1482,-58.0,2696.0,2742.0,2895.0,-136.23333333333312,2889.0444444444443
2014-05-29,2684,0.0,2716.714285714286,2813.866666666667,0.7895103767839365,False,2014,5,1482,-37.0,2684.0,2721.0,2875.0,-129.8666666666668,2885.3777777777777
2014-05-30,2684,0.0,2710.1428571428573,2807.0,0.778139290573248,False,2014,5,1482,-46.0,2684.0,2730.0,2890.0,-123.0,2881.777777777778
2014-05-31,2690,0.22354694485842153,2703.285714285714,2801.4333333333334,0.7635607426404688,False,2014,5,1482,-48.0,2684.0,2738.0,2857.0,-111.4333333333334,2878.2444444444445
2014-06-01,2690,0.0,2696.4285714285716,2794.866666666667,0.7276111583280483,False,2014,6,1482,-48.0,2690.0,2738.0,2887.0,-104.86666666666679,2874.1222222222223
2014-06-02,2668,-0.8178438661710086,2685.1428571428573,2787.6,0.734278926172511,False,2014,6,1482,-79.0,2690.0,2747.0,2886.0,-119.59999999999991,2870.2555555555555
2014-06-03,2671,0.11244377811094886,2681.5714285714284,2780.4333333333334,0.7359308178455898,False,2014,6,1482,-25.0,2668.0,2696.0,2886.0,-109.4333333333334,2866.411111111111
2014-06-04,2665,-0.2246349681767179,2678.8571428571427,2772.8,0.729086278383829,False,2014,6,1482,-19.0,2671.0,2684.0,2894.0,-107.80000000000018,2862.4666666666667
2014-06-05,2596,-2.589118198874296,2666.285714285714,2763.0333333333333,0.8424290483979129,True,2014,6,1482,-88.0,2665.0,2684.0,2889.0,-167.0333333333333,2857.7
2014-06-06,2585,-0.4237288135593209,2652.1428571428573,2754.133333333333,0.8241959144555974,False,2014,6,1482,-99.0,2596.0,2684.0,2852.0,-169.1333333333332,2852.9333333333334
2014-06-07,2587,0.0773694390715729,2637.4285714285716,2745.3333333333335,0.8258081217921106,False,2014,6,1482,-103.0,2585.0,2690.0,2851.0,-158.33333333333348,2848.188888888889
2014-06-08,2587,0.0,2622.714285714286,2736.5,0.8253126898640574,False,2014,6,1482,-103.0,2587.0,2690.0,2852.0,-149.5,2843.5
2014-06-09,2594,0.27058368766912366,2612.1428571428573,2727.9333333333334,0.8308349901276983,False,2014,6,1482,-74.0,2587.0,2668.0,2851.0,-133.9333333333334,2838.766666666667
2014-06-10,2613,0.7324595219737828,2603.8571428571427,2720.0,0.8508120697882403,False,2014,6,1482,-58.0,2594.0,2671.0,2851.0,-107.0,2833.9
2014-06-11,2606,-0.26789131266743427,2595.4285714285716,2711.5,0.8422858215672622,False,2014,6,1482,-59.0,2613.0,2665.0,2861.0,-105.5,2828.9333333333334
2014-06-12,2634,1.074443591711427,2600.8571428571427,2704.3333333333335,0.8787914541913467,False,2014,6,1482,38.0,2606.0,2596.0,2849.0,-70.33333333333348,2824.2
2014-06-13,2663,1.1009870918754716,2612.0,2697.4,0.8939936470420261,False,2014,6,1482,78.0,2634.0,2585.0,2871.0,-34.40000000000009,2819.8
2014-06-14,2662,-0.037551633496057946,2622.714285714286,2691.233333333333,0.8877021563102293,False,2014,6,1482,75.0,2663.0,2587.0,2847.0,-29.23333333333312,2815.3888888888887
2014-06-15,2662,0.0,2633.4285714285716,2686.366666666667,0.8613486076590493,False,2014,6,1482,75.0,2662.0,2587.0,2808.0,-24.366666666666788,2811.211111111111
2014-06-16,2695,1.2396694214876103,2647.8571428571427,2682.4333333333334,0.897373357127636,True,2014,6,1482,101.0,2662.0,2594.0,2813.0,12.566666666666606,2807.6
2014-06-17,2684,-0.40816326530612734,2658.0,2678.133333333333,0.8982898995740097,False,2014,6,1482,71.0,2695.0,2613.0,2813.0,5.866666666666788,2804.0444444444443
2014-06-18,2683,-0.037257824143066554,2669.0,2673.866666666667,0.8984167749415388,False,2014,6,1482,77.0,2684.0,2606.0,2811.0,9.133333333333212,2800.766666666667
2014-06-19,2760,2.8699217294073875,2687.0,2671.9666666666667,1.0531869990732492,True,2014,6,1482,126.0,2683.0,2634.0,2817.0,88.0333333333333,2798.3777777777777
2014-06-20,2769,0.3260869565217428,2702.1428571428573,2672.866666666667,0.9333310560780165,False,2014,6,1482,106.0,2760.0,2663.0,2742.0,96.13333333333321,2796.0777777777776
2014-06-21,2765,-0.14445648248465615,2716.8571428571427,2674.3333333333335,0.9217247010488387,False,2014,6,1482,103.0,2769.0,2662.0,2721.0,90.66666666666652,2793.733333333333
2014-06-22,2765,0.0,2731.5714285714284,2675.5,0.9203216058711259,False,2014,6,1482,103.0,2765.0,2662.0,2730.0,89.5,2792.0333333333333
2014-06-23,2767,0.07233273056057588,2741.8571428571427,2676.4666666666667,0.9191647988896512,False,2014,6,1482,72.0,2765.0,2695.0,2738.0,90.5333333333333,2790.588888888889
2014-06-24,2773,0.21684134441632974,2754.5714285714284,2677.633333333333,0.9196982831276338,False,2014,6,1482,89.0,2767.0,2684.0,2738.0,95.36666666666679,2789.766666666667
2014-06-25,2776,0.10818608005769281,2767.8571428571427,2678.6,0.9182445402880679,False,2014,6,1482,93.0,2773.0,2683.0,2747.0,97.40000000000009,2788.9777777777776
2014-06-26,2766,-0.36023054755043304,2768.714285714286,2680.9333333333334,0.8498138825386972,False,2014,6,1482,6.0,2776.0,2760.0,2696.0,85.0666666666666,2788.2
2014-06-27,2769,0.10845986984815426,2768.714285714286,2683.766666666667,0.8438063115205863,False,2014,6,1482,0.0,2766.0,2769.0,2684.0,85.23333333333312,2787.4222222222224
2014-06-28,2768,-0.03611412062116681,2769.1428571428573,2686.5666666666666,0.8439905787616735,False,2014,6,1482,3.0,2769.0,2765.0,2684.0,81.4333333333334,2786.633333333333
2014-06-29,2768,0.0,2769.5714285714284,2689.366666666667,0.8439905787616735,False,2014,6,1482,3.0,2768.0,2765.0,2684.0,78.63333333333321,2785.711111111111
2014-06-30,2771,0.10838150289016468,2770.1428571428573,2692.0666666666666,0.8437003427890681,False,2014,6,1482,4.0,2768.0,2767.0,2690.0,78.9333333333334,2785.1666666666665
2014-07-01,2781,0.36088054853844476,2771.285714285714,2695.1,0.8447624210085531,False,2014,7,1482,8.0,2771.0,2773.0,2690.0,85.90000000000009,2784.688888888889
2014-07-02,2768,-0.46745774901114645,2770.1428571428573,2698.4333333333334,0.8337796997276361,False,2014,7,1482,-8.0,2781.0,2776.0,2668.0,69.5666666666666,2783.733333333333
2014-07-03,2746,-0.7947976878612706,2767.285714285714,2700.9333333333334,0.8505751632003754,False,2014,7,1482,-20.0,2768.0,2766.0,2671.0,45.066666666666606,2782.5333333333333
2014-07-04,2752,0.21849963583393528,2764.8571428571427,2703.8333333333335,0.8486634661425775,False,2014,7,1482,-17.0,2746.0,2769.0,2665.0,48.166666666666515,2781.722222222222
2014-07-05,2758,0.21802325581394832,2763.4285714285716,2709.233333333333,0.6784106983239773,False,2014,7,1482,-10.0,2752.0,2768.0,2596.0,48.76666666666688,2780.9777777777776
2014-07-06,2758,0.0,2762.0,2715.0,0.6692359035161565,False,2014,7,1482,-10.0,2758.0,2768.0,2585.0,43.0,2780.1555555555556
2014-07-07,2746,-0.435097897026826,2758.4285714285716,2720.3,0.6794202515711275,False,2014,7,1482,-25.0,2758.0,2771.0,2587.0,25.699999999999818,2779.0444444444443
2014-07-08,2751,0.18208302986162384,2754.1428571428573,2725.766666666667,0.6783731651006315,False,2014,7,1482,-30.0,2746.0,2781.0,2587.0,25.23333333333312,2778.0333333333333
2014-07-09,2761,0.36350418029806875,2753.1428571428573,2731.3333333333335,0.6788840387031646,False,2014,7,1482,-7.0,2751.0,2768.0,2594.0,29.666666666666515,2776.733333333333
2014-07-10,2849,3.1872509960159334,2767.8571428571427,2739.2,0.8661029211618169,True,2014,7,1482,103.0,2761.0,2746.0,2613.0,109.80000000000018,2776.4222222222224
2014-07-11,2836,-0.45630045630045135,2779.8571428571427,2746.866666666667,0.870973848916764,False,2014,7,1482,84.0,2849.0,2752.0,2606.0,89.13333333333321,2775.9777777777776
2014-07-12,2832,-0.14104372355430161,2790.4285714285716,2753.4666666666667,0.8612459296924929,False,2014,7,1482,74.0,2836.0,2758.0,2634.0,78.5333333333333,2775.488888888889
2014-07-13,2832,0.0,2801.0,2759.1,0.8468689773846887,False,2014,7,1482,74.0,2832.0,2758.0,2663.0,72.90000000000009,2775.0
2014-07-14,2775,-2.01271186440678,2805.1428571428573,2762.866666666667,0.9384965844233486,True,2014,7,1482,29.0,2832.0,2746.0,2662.0,12.133333333333212,2774.1111111111113
2014-07-15,2768,-0.2522522522522497,2807.5714285714284,2766.4,0.9409476990946974,False,2014,7,1482,17.0,2775.0,2751.0,2662.0,1.599999999999909,2773.088888888889
2014-07-16,2768,0.0,2808.5714285714284,2768.8333333333335,0.9176712725095828,False,2014,7,1482,7.0,2768.0,2761.0,2695.0,-0.8333333333334849,2772.177777777778
2014-07-17,2823,1.986994219653182,2804.8571428571427,2773.4666666666667,0.9749551796947802,True,2014,7,1482,-26.0,2768.0,2849.0,2684.0,49.5333333333333,2771.8444444444444
2014-07-18,2799,-0.8501594048884176,2799.5714285714284,2777.3333333333335,0.9921449324346185,False,2014,7,1482,-37.0,2823.0,2836.0,2683.0,21.666666666666515,2771.2444444444445
2014-07-19,2800,0.035727045373357136,2795.0,2778.6666666666665,0.8483300136116867,False,2014,7,1482,-32.0,2799.0,2832.0,2760.0,21.333333333333485,2770.6555555555556
2014-07-20,2800,0.0,2790.4285714285716,2779.7,0.846777030432744,False,2014,7,1482,-32.0,2800.0,2832.0,2769.0,20.300000000000182,2770.1222222222223
2014-07-21,2811,0.39285714285715034,2795.5714285714284,2781.233333333333,0.8484098049824244,False,2014,7,1482,36.0,2800.0,2775.0,2765.0,29.76666666666688,2769.5777777777776
2014-07-22,2790,-0.7470651013874119,2798.714285714286,2782.0666666666666,0.8610544673525968,False,2014,7,1482,22.0,2811.0,2768.0,2765.0,7.933333333333394,2768.6222222222223
2014-07-23,2789,-0.03584229390680704,2801.714285714286,2782.8,0.8611129987674753,False,2014,7,1482,21.0,2790.0,2768.0,2767.0,6.199999999999818,2767.6111111111113
2014-07-24,2763,-0.9322337755467869,2793.1428571428573,2782.4666666666667,0.8779053825168444,False,2014,7,1482,-60.0,2789.0,2823.0,2773.0,-19.466666666666697,2766.2
2014-07-25,2791,1.0133912414042712,2792.0,2782.9666666666667,0.8973884869820979,False,2014,7,1482,-8.0,2763.0,2799.0,2776.0,8.033333333333303,2765.1
2014-07-26,2793,0.07165890361877647,2791.0,2783.866666666667,0.8945076912509685,False,2014,7,1482,-7.0,2791.0,2800.0,2766.0,9.133333333333212,2764.0222222222224
2014-07-27,2793,0.0,2790.0,2784.6666666666665,0.8944248336384398,False,2014,7,1482,-7.0,2793.0,2800.0,2769.0,8.333333333333485,2762.8888888888887
2014-07-28,2793,0.0,2787.4285714285716,2785.5,0.8943534544076079,False,2014,7,1482,-18.0,2793.0,2811.0,2768.0,7.5,2761.9777777777776
2014-07-29,2787,-0.21482277121375182,2787.0,2786.133333333333,0.8954927681257723,False,2014,7,1482,-3.0,2793.0,2790.0,2768.0,0.8666666666667879,2760.8333333333335
2014-07-30,2793,0.21528525296017342,2787.5714285714284,2786.866666666667,0.8960417582900481,False,2014,7,1482,4.0,2787.0,2789.0,2771.0,6.133333333333212,2760.1222222222223
2014-07-31,2780,-0.46544933762978635,2790.0,2786.8333333333335,0.8982245417060589,False,2014,7,1482,17.0,2793.0,2763.0,2781.0,-6.833333333333485,2758.9333333333334
2014-08-01,2806,0.9352517985611541,2792.1428571428573,2788.1,0.909348389092534,False,2014,8,1482,15.0,2780.0,2791.0,2768.0,17.90000000000009,2758.0444444444443
2014-08-02,2812,0.2138275124732747,2794.8571428571427,2790.3,0.8956008519301651,False,2014,8,1482,19.0,2806.0,2793.0,2746.0,21.699999999999818,2757.222222222222
2014-08-03,2812,0.0,2797.5714285714284,2792.3,0.8953497327294049,False,2014,8,1482,19.0,2812.0,2793.0,2752.0,19.699999999999818,2756.311111111111
2014-08-04,2790,-0.7823613086770931,2797.1428571428573,2793.366666666667,0.9084025879545717,False,2014,8,1482,-3.0,2812.0,2793.0,2758.0,-3.366666666666788,2755.211111111111
2014-08-05,2805,0.5376344086021501,2799.714285714286,2794.9333333333334,0.9128294270363718,False,2014,8,1482,18.0,2790.0,2787.0,2758.0,10.066666666666606,2754.688888888889
2014-08-06,2861,1.9964349376114132,2809.4285714285716,2798.766666666667,0.9732704889024307,True,2014,8,1482,68.0,2805.0,2793.0,2746.0,62.23333333333312,2754.8
2014-08-07,2878,0.5941978329255582,2823.4285714285716,2803.0,0.9767667769461337,False,2014,8,1482,98.0,2861.0,2780.0,2751.0,75.0,2755.088888888889
2014-08-08,2859,-0.6601806810284883,2831.0,2806.266666666667,0.9870628458749552,False,2014,8,1482,53.0,2878.0,2806.0,2761.0,52.73333333333312,2755.177777777778
2014-08-09,2860,0.034977264777902306,2837.8571428571427,2806.633333333333,0.7993271833422873,False,2014,8,1482,48.0,2859.0,2812.0,2849.0,53.36666666666679,2755.277777777778
2014-08-10,2860,0.0,2844.714285714286,2807.4333333333334,0.7943574470580983,False,2014,8,1482,48.0,2860.0,2812.0,2836.0,52.566666666666606,2755.266666666667
2014-08-11,2864,0.13986013986013734,2855.285714285714,2808.5,0.7939133334442358,False,2014,8,1482,74.0,2860.0,2790.0,2832.0,55.5,2755.4333333333334
2014-08-12,2871,0.24441340782122012,2864.714285714286,2809.8,0.7947370396936081,False,2014,8,1482,66.0,2864.0,2805.0,2832.0,61.19999999999982,2755.4333333333334
2014-08-13,2869,-0.06966213862765747,2865.8571428571427,2812.9333333333334,0.6937043896029679,False,2014,8,1482,8.0,2871.0,2861.0,2775.0,56.066666666666606,2755.677777777778
2014-08-14,2862,-0.2439874520738905,2863.5714285714284,2816.0666666666666,0.6935557880577607,False,2014,8,1482,-16.0,2869.0,2878.0,2768.0,45.933333333333394,2756.277777777778
2014-08-15,2862,0.0,2864.0,2819.2,0.6935557880577607,False,2014,8,1482,3.0,2862.0,2859.0,2768.0,42.80000000000018,2756.822222222222
2014-08-16,2862,0.0,2864.285714285714,2820.5,0.5965887903275296,False,2014,8,1482,2.0,2862.0,2860.0,2823.0,41.5,2757.366666666667
2014-08-17,2862,0.0,2864.5714285714284,2822.6,0.5721727955538183,False,2014,8,1482,2.0,2862.0,2860.0,2799.0,39.40000000000009,2757.9333333333334
2014-08-18,2831,-1.0831586303284402,2859.8571428571427,2823.633333333333,0.6100851286692283,False,2014,8,1482,-33.0,2862.0,2864.0,2800.0,7.366666666666788,2758.088888888889
2014-08-19,2824,-0.24726245143058545,2853.1428571428573,2824.4333333333334,0.6122894421534015,False,2014,8,1482,-47.0,2831.0,2871.0,2800.0,-0.43333333333339397,2759.0
2014-08-20,2821,-0.10623229461755868,2846.285714285714,2824.766666666667,0.6088684166977982,False,2014,8,1482,-48.0,2824.0,2869.0,2811.0,-3.766666666666879,2760.1111111111113
2014-08-21,2775,-1.6306274370790463,2833.8571428571427,2824.266666666667,0.6656547507095772,True,2014,8,1482,-87.0,2821.0,2862.0,2790.0,-49.26666666666688,2760.6111111111113
2014-08-22,2781,0.216216216216214,2822.285714285714,2824.0,0.6669828652813315,False,2014,8,1482,-81.0,2775.0,2862.0,2789.0,-43.0,2761.088888888889
2014-08-23,2780,-0.03595828838547366,2810.5714285714284,2824.5666666666666,0.6438003749920145,False,2014,8,1482,-82.0,2781.0,2862.0,2763.0,-44.566666666666606,2761.5555555555557
2014-08-24,2780,0.0,2798.8571428571427,2824.2,0.6159991189244345,False,2014,8,1482,-82.0,2780.0,2862.0,2791.0,-44.19999999999982,2761.9222222222224
2014-08-25,2778,-0.07194244604316058,2791.285714285714,2823.7,0.6158899202270364,False,2014,8,1482,-53.0,2780.0,2831.0,2793.0,-45.69999999999982,2762.8333333333335
2014-08-26,2790,0.4319654427645814,2786.4285714285716,2823.6,0.6213053773121143,False,2014,8,1482,-34.0,2778.0,2824.0,2793.0,-33.59999999999991,2764.011111111111
2014-08-27,2778,-0.4301075268817178,2780.285714285714,2823.1,0.626207463342216,False,2014,8,1482,-43.0,2790.0,2821.0,2793.0,-45.09999999999991,2765.0555555555557
2014-08-28,2806,1.0079193664506825,2784.714285714286,2823.733333333333,0.6520820562581526,False,2014,8,1482,31.0,2778.0,2775.0,2787.0,-17.73333333333312,2766.411111111111
2014-08-29,2799,-0.24946543121882048,2787.285714285714,2823.9333333333334,0.6529182519146225,False,2014,8,1482,18.0,2806.0,2781.0,2793.0,-24.933333333333394,2767.6222222222223
2014-08-30,2801,0.07145409074669207,2790.285714285714,2824.633333333333,0.6467885909432185,False,2014,8,1482,21.0,2799.0,2780.0,2780.0,-23.633333333333212,2768.8555555555554
2014-08-31,2801,0.0,2793.285714285714,2824.4666666666667,0.6236317440822754,False,2014,8,1482,21.0,2801.0,2780.0,2806.0,-23.466666666666697,2770.3333333333335
2014-09-01,2794,-0.2499107461620853,2795.5714285714284,2823.866666666667,0.6237918421594508,False,2014,9,1482,16.0,2801.0,2778.0,2812.0,-29.866666666666788,2771.7
2014-09-02,2755,-1.3958482462419486,2790.5714285714284,2821.9666666666667,0.6724455242984305,True,2014,9,1482,-35.0,2794.0,2790.0,2812.0,-66.9666666666667,2772.7
2014-09-03,2756,0.03629764065335994,2787.4285714285716,2820.8333333333335,0.6588481793626743,False,2014,9,1482,-22.0,2755.0,2778.0,2790.0,-64.83333333333348,2774.4777777777776
2014-09-04,2745,-0.39912917271407444,2778.714285714286,2818.8333333333335,0.6527586165820207,False,2014,9,1482,-61.0,2756.0,2806.0,2805.0,-73.83333333333348,2776.2555555555555
2014-09-05,2737,-0.29143897996356527,2769.8571428571427,2814.7,0.5239493156957507,False,2014,9,1482,-62.0,2745.0,2799.0,2861.0,-77.69999999999982,2777.9222222222224
2014-09-06,2739,0.073072707343802,2761.0,2810.0666666666666,0.5069158576114955,False,2014,9,1482,-62.0,2737.0,2801.0,2878.0,-71.0666666666666,2779.6111111111113
2014-09-07,2739,0.0,2752.1428571428573,2806.0666666666666,0.49888233453805525,False,2014,9,1482,-62.0,2739.0,2801.0,2859.0,-67.0666666666666,2781.222222222222
2014-09-08,2718,-0.766703176341732,2741.285714285714,2801.3333333333335,0.5104340839285766,False,2014,9,1482,-76.0,2739.0,2794.0,2860.0,-83.33333333333348,2782.3888888888887
2014-09-09,2721,0.1103752759381793,2736.4285714285716,2796.7,0.512084438314951,False,2014,9,1482,-34.0,2718.0,2755.0,2860.0,-75.69999999999982,2783.6666666666665
2014-09-10,2718,-0.11025358324145973,2731.0,2791.8333333333335,0.5089822501407755,False,2014,9,1482,-38.0,2721.0,2756.0,2864.0,-73.83333333333348,2784.6
2014-09-11,2697,-0.7726269315673329,2724.1428571428573,2786.0333333333333,0.5140664870311696,False,2014,9,1482,-48.0,2718.0,2745.0,2871.0,-89.0333333333333,2784.9777777777776
2014-09-12,2691,-0.22246941045606095,2717.5714285714284,2780.1,0.5134164114728906,False,2014,9,1482,-46.0,2697.0,2737.0,2869.0,-89.09999999999991,2785.3
2014-09-13,2690,-0.03716090672611916,2710.5714285714284,2774.366666666667,0.5143597653432773,False,2014,9,1482,-49.0,2691.0,2739.0,2862.0,-84.36666666666679,2785.6111111111113
2014-09-14,2690,0.0,2703.5714285714284,2768.633333333333,0.5143597653432773,False,2014,9,1482,-49.0,2690.0,2739.0,2862.0,-78.63333333333321,2785.5555555555557
2014-09-15,2700,0.3717472118959009,2701.0,2763.233333333333,0.5238614292587848,False,2014,9,1482,-18.0,2690.0,2718.0,2862.0,-63.23333333333312,2785.733333333333
2014-09-16,2697,-0.11111111111110628,2697.5714285714284,2757.733333333333,0.5228437893625086,False,2014,9,1482,-24.0,2700.0,2721.0,2862.0,-60.73333333333312,2785.8888888888887
2014-09-17,2692,-0.18539117538005634,2693.8571428571427,2753.1,0.4953068990168523,False,2014,9,1482,-26.0,2697.0,2718.0,2831.0,-61.09999999999991,2785.133333333333
2014-09-18,2667,-0.928677563150071,2689.5714285714284,2747.866666666667,0.5143952551797815,False,2014,9,1482,-30.0,2692.0,2697.0,2824.0,-80.86666666666679,2784.0
2014-09-19,2651,-0.5999250093738251,2683.8571428571427,2742.2,0.5195209544580242,False,2014,9,1482,-40.0,2667.0,2691.0,2821.0,-91.19999999999982,2782.733333333333
2014-09-20,2650,-0.03772161448509781,2678.1428571428573,2738.0333333333333,0.44490373782778314,False,2014,9,1482,-40.0,2651.0,2690.0,2775.0,-88.0333333333333,2781.4555555555557
2014-09-21,2650,0.0,2672.4285714285716,2733.6666666666665,0.4404527912605401,False,2014,9,1482,-40.0,2650.0,2690.0,2781.0,-83.66666666666652,2780.1555555555556
2014-09-22,2655,0.18867924528302993,2666.0,2729.5,0.44452086928657264,False,2014,9,1482,-45.0,2650.0,2700.0,2780.0,-74.5,2778.8444444444444
2014-09-23,2665,0.37664783427495685,2661.4285714285716,2725.6666666666665,0.45418404521805666,False,2014,9,1482,-32.0,2655.0,2697.0,2780.0,-60.666666666666515,2777.6111111111113
2014-09-24,2657,-0.30018761726078314,2656.4285714285716,2721.633333333333,0.4549205653147445,False,2014,9,1482,-35.0,2665.0,2692.0,2778.0,-64.63333333333321,2776.4
2014-09-25,2687,1.1290929619871992,2659.285714285714,2718.2,0.501002613215811,True,2014,9,1482,20.0,2657.0,2667.0,2790.0,-31.199999999999818,2775.488888888889
2014-09-26,2681,-0.22329735764793357,2663.5714285714284,2714.9666666666667,0.49806094982642557,False,2014,9,1482,30.0,2687.0,2651.0,2778.0,-33.9666666666667,2774.5222222222224
2014-09-27,2680,-0.037299515106303804,2667.8571428571427,2710.766666666667,0.4509739953040321,False,2014,9,1482,30.0,2681.0,2650.0,2806.0,-30.76666666666688,2773.5444444444443
2014-09-28,2680,0.0,2672.1428571428573,2706.8,0.4514153849586847,False,2014,9,1482,30.0,2680.0,2650.0,2799.0,-26.800000000000182,2772.5333333333333
2014-09-29,2691,0.4104477611940327,2677.285714285714,2703.133333333333,0.4611258818742232,False,2014,9,1482,36.0,2680.0,2655.0,2801.0,-12.133333333333212,2771.5333333333333
2014-09-30,2702,0.40876997398735515,2682.5714285714284,2699.8333333333335,0.47110516710157774,False,2014,9,1482,37.0,2691.0,2665.0,2801.0,2.166666666666515,2770.8
2014-10-01,2702,0.0,2689.0,2696.766666666667,0.4709163554144676,False,2014,10,1482,45.0,2702.0,2657.0,2794.0,5.233333333333121,2770.311111111111
2014-10-02,2685,-0.6291635825314557,2688.714285714286,2694.4333333333334,0.41640319627530675,False,2014,10,1482,-2.0,2702.0,2687.0,2755.0,-9.433333333333394,2769.5666666666666
2014-10-03,2656,-1.0800744878957214,2685.1428571428573,2691.1,0.45343386486772,False,2014,10,1482,-25.0,2685.0,2681.0,2756.0,-35.09999999999991,2768.4333333333334
2014-10-04,2651,-0.18825301204818956,2681.0,2687.9666666666667,0.4506174236662023,False,2014,10,1482,-29.0,2656.0,2680.0,2745.0,-36.9666666666667,2767.2444444444445
2014-10-05,2651,0.0,2676.8571428571427,2685.1,0.44982546998905765,False,2014,10,1482,-29.0,2651.0,2680.0,2737.0,-34.09999999999991,2766.188888888889
2014-10-06,2672,0.7921539041870984,2674.1428571428573,2682.866666666667,0.4779422648641592,False,2014,10,1482,-19.0,2651.0,2691.0,2739.0,-10.866666666666788,2765.311111111111
2014-10-07,2681,0.33682634730538563,2671.1428571428573,2680.9333333333334,0.48384059988363,False,2014,10,1482,-21.0,2672.0,2702.0,2739.0,0.06666666666660603,2764.4222222222224
2014-10-08,2674,-0.26109660574412663,2667.1428571428573,2679.4666666666667,0.46726420651540257,False,2014,10,1482,-28.0,2681.0,2702.0,2718.0,-5.466666666666697,2762.4777777777776
2014-10-09,2697,0.8601346297681278,2668.8571428571427,2678.6666666666665,0.49551864198713097,False,2014,10,1482,12.0,2674.0,2685.0,2721.0,18.333333333333485,2760.9333333333334
2014-10-10,2695,-0.07415647015202032,2674.4285714285716,2677.9,0.4953566780340085,False,2014,10,1482,39.0,2697.0,2656.0,2718.0,17.09999999999991,2759.411111111111
2014-10-11,2697,0.07421150278292821,2681.0,2677.9,0.47512542179768213,False,2014,10,1482,46.0,2695.0,2651.0,2697.0,19.09999999999991,2757.911111111111
2014-10-12,2697,0.0,2687.5714285714284,2678.1,0.4732482422709018,False,2014,10,1482,46.0,2697.0,2651.0,2691.0,18.90000000000009,2757.0444444444443
2014-10-13,2699,0.07415647015203142,2691.4285714285716,2678.4,0.47331422884571295,False,2014,10,1482,27.0,2697.0,2672.0,2690.0,20.59999999999991,2756.277777777778
2014-10-14,2723,0.8892182289736983,2697.4285714285716,2679.5,0.4996339759648253,False,2014,10,1482,42.0,2699.0,2681.0,2690.0,43.5,2755.777777777778
2014-10-15,2724,0.03672420124862796,2704.5714285714284,2680.3,0.4957351595007011,False,2014,10,1482,50.0,2723.0,2674.0,2700.0,43.69999999999982,2754.677777777778
2014-10-16,2748,0.8810572687224738,2711.8571428571427,2682.0,0.5185207821544495,False,2014,10,1482,51.0,2724.0,2697.0,2697.0,66.0,2754.1111111111113
2014-10-17,2728,-0.727802037845704,2716.5714285714284,2683.2,0.5366479668943679,False,2014,10,1482,33.0,2748.0,2695.0,2692.0,44.80000000000018,2753.311111111111
2014-10-18,2726,-0.07331378299120228,2720.714285714286,2685.1666666666665,0.5048774196674338,False,2014,10,1482,29.0,2728.0,2697.0,2667.0,40.833333333333485,2752.488888888889
2014-10-19,2726,0.0,2724.8571428571427,2687.6666666666665,0.48888352743990965,False,2014,10,1482,29.0,2726.0,2697.0,2651.0,38.333333333333485,2751.5444444444443
2014-10-20,2740,0.5135730007336692,2730.714285714286,2690.6666666666665,0.49408761521636263,False,2014,10,1482,41.0,2726.0,2699.0,2650.0,49.333333333333485,2750.988888888889
2014-10-21,2756,0.5839416058394109,2735.4285714285716,2694.2,0.5009545884339389,False,2014,10,1482,33.0,2740.0,2723.0,2650.0,61.80000000000018,2750.6222222222223
2014-10-22,2747,-0.32656023222060737,2738.714285714286,2697.266666666667,0.5077319210110648,False,2014,10,1482,23.0,2756.0,2724.0,2655.0,49.73333333333312,2750.4444444444443
2014-10-23,2712,-1.274117218784132,2733.5714285714284,2698.8333333333335,0.5646434541751638,True,2014,10,1482,-36.0,2747.0,2748.0,2665.0,13.166666666666515,2749.5666666666666
2014-10-24,2718,0.22123893805310324,2732.1428571428573,2700.866666666667,0.5611938935351103,False,2014,10,1482,-10.0,2712.0,2728.0,2657.0,17.133333333333212,2748.733333333333
2014-10-25,2717,-0.03679175864605977,2730.8571428571427,2701.866666666667,0.5250437355881842,False,2014,10,1482,-9.0,2718.0,2726.0,2687.0,15.133333333333212,2747.8888888888887
2014-10-26,2717,0.0,2729.5714285714284,2703.0666666666666,0.5227845114336226,False,2014,10,1482,-9.0,2717.0,2726.0,2681.0,13.933333333333394,2747.0444444444443
2014-10-27,2718,0.03680529996319404,2726.4285714285716,2704.3333333333335,0.5225533764124484,False,2014,10,1482,-22.0,2717.0,2740.0,2680.0,13.666666666666515,2746.277777777778
2014-10-28,2714,-0.14716703458425018,2720.4285714285716,2705.4666666666667,0.523711586199807,False,2014,10,1482,-42.0,2718.0,2756.0,2680.0,8.533333333333303,2745.4
2014-10-29,2708,-0.22107590272659738,2714.8571428571427,2706.0333333333333,0.5211333216627522,False,2014,10,1482,-39.0,2714.0,2747.0,2691.0,1.966666666666697,2744.6
2014-10-30,2660,-1.7725258493353047,2707.4285714285716,2704.633333333333,0.6099545515435311,True,2014,10,1482,-52.0,2708.0,2712.0,2702.0,-44.63333333333321,2742.9777777777776
2014-10-31,2614,-1.7293233082706805,2692.5714285714284,2701.7,0.6824358901891797,True,2014,10,1482,-104.0,2660.0,2718.0,2702.0,-87.69999999999982,2740.777777777778
2014-11-01,2614,0.0,2677.8571428571427,2699.3333333333335,0.6755013230814116,False,2014,11,1482,-103.0,2614.0,2717.0,2685.0,-85.33333333333348,2738.5777777777776
2014-11-02,2614,0.0,2663.1428571428573,2697.9333333333334,0.6490153117075214,False,2014,11,1482,-103.0,2614.0,2717.0,2656.0,-83.9333333333334,2736.6222222222223
2014-11-03,2606,-0.3060443764345777,2647.1428571428573,2696.4333333333334,0.6502290127610935,False,2014,11,1482,-112.0,2614.0,2718.0,2651.0,-90.4333333333334,2734.411111111111
2014-11-04,2596,-0.38372985418265726,2630.285714285714,2694.6,0.6528786929034294,False,2014,11,1482,-118.0,2606.0,2714.0,2651.0,-98.59999999999991,2731.4666666666667
2014-11-05,2551,-1.7334360554699502,2607.8571428571427,2690.5666666666666,0.6993476362801168,True,2014,11,1482,-157.0,2596.0,2708.0,2672.0,-139.5666666666666,2727.8333333333335
2014-11-06,2548,-0.11760094080752737,2591.8571428571427,2686.133333333333,0.6932904459484784,False,2014,11,1482,-112.0,2551.0,2660.0,2681.0,-138.1333333333332,2724.3777777777777
2014-11-07,2585,1.4521193092621676,2587.714285714286,2683.1666666666665,0.7532498367281814,True,2014,11,1482,-29.0,2548.0,2614.0,2674.0,-98.16666666666652,2721.322222222222
2014-11-08,2593,0.3094777562862694,2584.714285714286,2679.7,0.7352890608541806,False,2014,11,1482,-21.0,2585.0,2614.0,2697.0,-86.69999999999982,2718.3555555555554
2014-11-09,2593,0.0,2581.714285714286,2676.3,0.7356021843820848,False,2014,11,1482,-21.0,2593.0,2614.0,2695.0,-83.30000000000018,2715.3444444444444
2014-11-10,2568,-0.9641342074816817,2576.285714285714,2672.0,0.7501462459939083,False,2014,11,1482,-38.0,2593.0,2606.0,2697.0,-104.0,2711.9777777777776
2014-11-11,2569,0.03894080996884597,2572.4285714285716,2667.733333333333,0.7504671870762591,False,2014,11,1482,-27.0,2568.0,2596.0,2697.0,-98.73333333333312,2708.6444444444446
2014-11-12,2587,0.7006617360840739,2577.5714285714284,2664.0,0.7657465985435392,False,2014,11,1482,36.0,2569.0,2551.0,2699.0,-77.0,2705.588888888889
2014-11-13,2580,-0.27058368766911256,2582.1428571428573,2659.233333333333,0.7409562356969244,False,2014,11,1482,32.0,2587.0,2548.0,2723.0,-79.23333333333312,2702.4555555555557
2014-11-14,2615,1.3565891472868241,2586.4285714285716,2655.6,0.7915412358879879,True,2014,11,1482,30.0,2580.0,2585.0,2724.0,-40.59999999999991,2699.711111111111
2014-11-15,2645,1.1472275334607929,2593.8571428571427,2652.1666666666665,0.8046822810622133,True,2014,11,1482,52.0,2615.0,2593.0,2748.0,-7.166666666666515,2697.3
2014-11-16,2645,0.0,2601.285714285714,2649.4,0.7967869179181886,False,2014,11,1482,52.0,2645.0,2593.0,2728.0,-4.400000000000091,2695.233333333333
2014-11-17,2637,-0.3024574669187152,2611.1428571428573,2646.4333333333334,0.7976215234326691,False,2014,11,1482,69.0,2645.0,2568.0,2726.0,-9.433333333333394,2693.1555555555556
2014-11-18,2657,0.7584376185058694,2623.714285714286,2644.133333333333,0.8130173434604756,False,2014,11,1482,88.0,2637.0,2569.0,2726.0,12.866666666666788,2691.3333333333335
2014-11-19,2669,0.45163718479488413,2635.4285714285716,2641.766666666667,0.8115295353567527,False,2014,11,1482,82.0,2657.0,2587.0,2740.0,27.23333333333312,2690.1555555555556
2014-11-20,2649,-0.7493443237167496,2645.285714285714,2638.2,0.8101799396481231,False,2014,11,1482,69.0,2669.0,2580.0,2756.0,10.800000000000182,2688.688888888889
2014-11-21,2659,0.3775009437523513,2651.5714285714284,2635.266666666667,0.8144377656439498,False,2014,11,1482,44.0,2649.0,2615.0,2747.0,23.73333333333312,2687.3444444444444
2014-11-22,2640,-0.7145543437382496,2650.8571428571427,2632.866666666667,0.7928675333461862,False,2014,11,1482,-5.0,2659.0,2645.0,2712.0,7.133333333333212,2685.788888888889
2014-11-23,2640,0.0,2650.1428571428573,2630.266666666667,0.7909320139719304,False,2014,11,1482,-5.0,2640.0,2645.0,2718.0,9.733333333333121,2684.2555555555555
2014-11-24,2646,0.2272727272727204,2651.4285714285716,2627.9,0.7930568979637098,False,2014,11,1482,9.0,2640.0,2637.0,2717.0,18.09999999999991,2682.6555555555556
2014-11-25,2636,-0.37792894935751997,2648.4285714285716,2625.2,0.7946572824521128,False,2014,11,1482,-21.0,2646.0,2657.0,2717.0,10.800000000000182,2681.0777777777776
2014-11-26,2635,-0.03793626707132569,2643.5714285714284,2622.4333333333334,0.7943379020295952,False,2014,11,1482,-34.0,2636.0,2669.0,2718.0,12.566666666666606,2679.177777777778
2014-11-27,2620,-0.5692599620493399,2639.4285714285716,2619.3,0.7989222334670628,False,2014,11,1482,-29.0,2635.0,2649.0,2714.0,0.6999999999998181,2677.188888888889
2014-11-28,2590,-1.1450381679389277,2629.5714285714284,2615.366666666667,0.8206919403222074,True,2014,11,1482,-69.0,2620.0,2659.0,2708.0,-25.366666666666788,2674.8444444444444
2014-11-29,2582,-0.3088803088803105,2621.285714285714,2612.766666666667,0.7620191835697784,False,2014,11,1482,-58.0,2590.0,2640.0,2660.0,-30.76666666666688,2672.411111111111
2014-11-30,2582,0.0,2613.0,2611.7,0.6968527046139641,False,2014,11,1482,-58.0,2582.0,2640.0,2614.0,-29.699999999999818,2670.0555555555557
2014-12-01,2640,2.2463206816421444,2612.1428571428573,2612.5666666666666,0.8122794649025384,True,2014,12,1482,-6.0,2582.0,2646.0,2614.0,27.433333333333394,2668.777777777778
2014-12-02,2616,-0.9090909090909038,2609.285714285714,2612.633333333333,0.8304301157880304,False,2014,12,1482,-20.0,2640.0,2636.0,2614.0,3.366666666666788,2667.222222222222
2014-12-03,2649,1.2614678899082632,2611.285714285714,2614.0666666666666,0.8589515783986653,True,2014,12,1482,14.0,2616.0,2635.0,2606.0,34.933333333333394,2666.1555555555556
2014-12-04,2635,-0.5285013212533052,2613.4285714285716,2615.366666666667,0.8619211103540639,False,2014,12,1482,15.0,2649.0,2620.0,2596.0,19.633333333333212,2665.0222222222224
2014-12-05,2639,0.15180265654648473,2620.4285714285716,2618.3,0.7931419402108887,False,2014,12,1482,49.0,2635.0,2590.0,2551.0,20.699999999999818,2663.911111111111
2014-12-06,2638,-0.0378931413414163,2628.4285714285716,2621.3,0.792465160276138,False,2014,12,1482,56.0,2639.0,2582.0,2548.0,16.699999999999818,2662.788888888889
2014-12-07,2638,0.0,2636.4285714285716,2623.0666666666666,0.7515065409237656,False,2014,12,1482,56.0,2638.0,2582.0,2585.0,14.933333333333394,2661.9
2014-12-08,2635,-0.11372251705837888,2635.714285714286,2624.4666666666667,0.7508355303159004,False,2014,12,1482,-5.0,2638.0,2640.0,2593.0,10.533333333333303,2660.9444444444443
2014-12-09,2721,3.2637571157495326,2650.714285714286,2628.733333333333,0.9519219842205584,True,2014,12,1482,105.0,2635.0,2616.0,2593.0,92.26666666666688,2660.9777777777776
2014-12-10,2717,-0.14700477765526854,2660.4285714285716,2633.7,0.9299338115563315,False,2014,12,1482,68.0,2721.0,2649.0,2568.0,83.30000000000018,2661.2
2014-12-11,2732,0.5520794994479106,2674.285714285714,2639.133333333333,0.9317329194260769,False,2014,12,1482,97.0,2717.0,2635.0,2569.0,92.86666666666679,2661.6555555555556
2014-12-12,2720,-0.43923865300146137,2685.8571428571427,2643.5666666666666,0.9342484493677559,False,2014,12,1482,81.0,2732.0,2639.0,2587.0,76.4333333333334,2661.988888888889
2014-12-13,2720,0.0,2697.5714285714284,2648.233333333333,0.9311350281371296,False,2014,12,1482,82.0,2720.0,2638.0,2580.0,71.76666666666688,2662.322222222222
2014-12-14,2720,0.0,2709.285714285714,2651.733333333333,0.9046098772967731,False,2014,12,1482,82.0,2720.0,2638.0,2615.0,68.26666666666688,2662.5444444444443
2014-12-15,2747,0.992647058823537,2725.285714285714,2655.133333333333,0.8990699759085535,False,2014,12,1482,112.0,2720.0,2635.0,2645.0,91.86666666666679,2663.1
2014-12-16,2715,-1.1649071714597725,2724.4285714285716,2657.4666666666667,0.92952137698446,True,2014,12,1482,-6.0,2747.0,2721.0,2645.0,57.5333333333333,2663.3555555555554
2014-12-17,2700,-0.5524861878453025,2722.0,2659.5666666666666,0.9342817826706388,False,2014,12,1482,-17.0,2715.0,2717.0,2637.0,40.433333333333394,2663.722222222222
2014-12-18,2680,-0.7407407407407418,2714.5714285714284,2660.3333333333335,0.9369929856740481,False,2014,12,1482,-52.0,2700.0,2732.0,2657.0,19.666666666666515,2664.0444444444443
2014-12-19,2699,0.7089552238805918,2711.5714285714284,2661.3333333333335,0.9421217088916888,False,2014,12,1482,-21.0,2680.0,2720.0,2669.0,37.666666666666515,2664.588888888889
2014-12-20,2700,0.03705075954056891,2708.714285714286,2663.0333333333333,0.9302236065603287,False,2014,12,1482,-20.0,2699.0,2720.0,2649.0,36.9666666666667,2665.1444444444446
2014-12-21,2700,0.0,2705.8571428571427,2664.4,0.9284402216728381,False,2014,12,1482,-20.0,2700.0,2720.0,2659.0,35.59999999999991,2665.6444444444446
2014-12-22,2661,-1.4444444444444482,2693.5714285714284,2665.1,0.9583858700059823,True,2014,12,1482,-86.0,2700.0,2747.0,2640.0,-4.099999999999909,2665.6
2014-12-23,2661,0.0,2685.8571428571427,2665.8,0.9583858700059823,False,2014,12,1482,-54.0,2661.0,2715.0,2640.0,-4.800000000000182,2665.6444444444446
2014-12-24,2658,-0.11273957158962622,2679.8571428571427,2666.2,0.9579927940831611,False,2014,12,1482,-42.0,2661.0,2700.0,2646.0,-8.199999999999818,2665.322222222222
2014-12-25,2659,0.03762227238526261,2676.8571428571427,2666.9666666666667,0.9550482647050428,False,2014,12,1482,-21.0,2658.0,2680.0,2636.0,-7.966666666666697,2665.0777777777776
2014-12-26,2702,1.617149304249721,2677.285714285714,2669.2,0.9976438072460194,True,2014,12,1482,3.0,2659.0,2699.0,2635.0,32.80000000000018,2665.322222222222
2014-12-27,2706,0.1480384900073961,2678.1428571428573,2672.0666666666666,0.9899016404585582,False,2014,12,1482,6.0,2702.0,2700.0,2620.0,33.933333333333394,2665.6111111111113
2014-12-28,2706,0.0,2679.0,2675.9333333333334,0.9614108928783401,False,2014,12,1482,6.0,2706.0,2700.0,2590.0,30.066666666666606,2665.777777777778
2014-12-29,2685,-0.77605321507761,2682.4285714285716,2679.366666666667,0.9728252779337762,False,2014,12,1482,24.0,2706.0,2661.0,2582.0,5.633333333333212,2665.588888888889
2014-12-30,2680,-0.18621973929237035,2685.1428571428573,2682.633333333333,0.9743093692403434,False,2014,12,1482,19.0,2685.0,2661.0,2582.0,-2.633333333333212,2665.3444444444444
2014-12-31,2671,-0.33582089552238736,2687.0,2683.6666666666665,0.8913141755976631,False,2014,12,1482,13.0,2680.0,2658.0,2640.0,-12.666666666666515,2665.188888888889
2015-01-01,2670,-0.03743916136278447,2688.5714285714284,2685.4666666666667,0.8732408366356108,False,2015,1,1482,11.0,2671.0,2659.0,2616.0,-15.466666666666697,2665.3444444444444
2015-01-02,2677,0.26217228464420206,2685.0,2686.4,0.8448941988753962,False,2015,1,1482,-25.0,2670.0,2702.0,2649.0,-9.400000000000091,2665.633333333333
2015-01-03,2674,-0.11206574523721091,2680.4285714285716,2687.7,0.8386558405343322,False,2015,1,1482,-32.0,2677.0,2706.0,2635.0,-13.699999999999818,2665.8888888888887
2015-01-04,2674,0.0,2675.8571428571427,2688.866666666667,0.8384930343429978,False,2015,1,1482,-32.0,2674.0,2706.0,2639.0,-14.866666666666788,2665.911111111111
2015-01-05,2695,0.7853403141361293,2677.285714285714,2690.766666666667,0.8490139993587654,False,2015,1,1482,10.0,2674.0,2685.0,2638.0,4.233333333333121,2666.0666666666666
2015-01-06,2737,1.558441558441559,2685.4285714285716,2694.0666666666666,0.8909269235411047,True,2015,1,1482,57.0,2695.0,2680.0,2638.0,42.933333333333394,2666.766666666667
2015-01-07,2718,-0.6941907197661634,2692.1428571428573,2696.8333333333335,0.9025552903806294,False,2015,1,1482,47.0,2737.0,2671.0,2635.0,21.166666666666515,2667.0
2015-01-08,2685,-1.2141280353200834,2694.285714285714,2695.633333333333,0.7128963198167865,True,2015,1,1482,15.0,2718.0,2670.0,2721.0,-10.633333333333212,2666.8888888888887
2015-01-09,2679,-0.22346368715083775,2694.5714285714284,2694.366666666667,0.7134213874763119,False,2015,1,1482,2.0,2685.0,2677.0,2717.0,-15.366666666666788,2666.688888888889
2015-01-10,2680,0.03732736095558575,2695.4285714285716,2692.633333333333,0.7047158311046455,False,2015,1,1482,6.0,2679.0,2674.0,2732.0,-12.633333333333212,2666.5
2015-01-11,2680,0.0,2696.285714285714,2691.3,0.7011541029817839,False,2015,1,1482,6.0,2680.0,2674.0,2720.0,-11.300000000000182,2666.288888888889
2015-01-12,2696,0.5970149253731405,2696.4285714285716,2690.5,0.7109381546968903,False,2015,1,1482,1.0,2680.0,2695.0,2720.0,5.5,2665.988888888889
2015-01-13,2710,0.5192878338278861,2692.5714285714284,2690.1666666666665,0.717908198003924,False,2015,1,1482,-27.0,2696.0,2737.0,2720.0,19.833333333333485,2665.8333333333335
2015-01-14,2717,0.25830258302583786,2692.4285714285716,2689.1666666666665,0.6946940228968439,False,2015,1,1482,-1.0,2710.0,2718.0,2747.0,27.833333333333485,2665.488888888889
2015-01-15,2746,1.0673536989326493,2701.1428571428573,2690.2,0.6889400429834329,False,2015,1,1482,61.0,2717.0,2685.0,2715.0,55.80000000000018,2665.688888888889
2015-01-16,2773,0.9832483612527421,2714.5714285714284,2692.633333333333,0.7003481416075167,False,2015,1,1482,94.0,2746.0,2679.0,2700.0,80.36666666666679,2666.211111111111
2015-01-17,2760,-0.46880634691669476,2726.0,2695.3,0.6909035147674014,False,2015,1,1482,80.0,2773.0,2680.0,2680.0,64.69999999999982,2666.588888888889
2015-01-18,2760,0.0,2737.4285714285716,2697.3333333333335,0.681430188950715,False,2015,1,1482,80.0,2760.0,2680.0,2699.0,62.666666666666515,2666.811111111111
2015-01-19,2770,0.36231884057971175,2748.0,2699.6666666666665,0.6833614303353984,False,2015,1,1482,74.0,2760.0,2696.0,2700.0,70.33333333333348,2666.9666666666667
2015-01-20,2805,1.2635379061371799,2761.5714285714284,2703.1666666666665,0.7159373008316344,True,2015,1,1482,95.0,2770.0,2710.0,2700.0,101.83333333333348,2667.6111111111113
2015-01-21,2799,-0.21390374331551332,2773.285714285714,2707.766666666667,0.6553234122791608,False,2015,1,1482,82.0,2805.0,2717.0,2661.0,91.23333333333312,2668.5777777777776
2015-01-22,2805,0.2143622722400762,2781.714285714286,2712.5666666666666,0.6545657083562569,False,2015,1,1482,59.0,2799.0,2746.0,2661.0,92.4333333333334,2669.5444444444443
2015-01-23,2788,-0.60606060606061,2783.8571428571427,2716.9,0.6681738397619725,False,2015,1,1482,15.0,2805.0,2773.0,2658.0,71.09999999999991,2670.3333333333335
2015-01-24,2790,0.0717360114777632,2788.1428571428573,2721.266666666667,0.6679848473054079,False,2015,1,1482,30.0,2788.0,2760.0,2659.0,68.73333333333312,2671.1444444444446
2015-01-25,2790,0.0,2792.4285714285716,2724.2,0.609222385620852,False,2015,1,1482,30.0,2790.0,2760.0,2702.0,65.80000000000018,2671.9444444444443
2015-01-26,2790,0.0,2795.285714285714,2727.0,0.6094920607715014,False,2015,1,1482,20.0,2790.0,2770.0,2706.0,63.0,2672.788888888889
2015-01-27,2793,0.10752688172042113,2793.5714285714284,2729.9,0.6091770277815182,False,2015,1,1482,-12.0,2790.0,2805.0,2706.0,63.09999999999991,2673.733333333333
2015-01-28,2780,-0.46544933762978635,2790.8571428571427,2733.0666666666666,0.5961456372046912,False,2015,1,1482,-19.0,2793.0,2799.0,2685.0,46.933333333333394,2675.0666666666666
2015-01-29,2755,-0.8992805755395739,2783.714285714286,2735.5666666666666,0.6223206104078773,False,2015,1,1482,-50.0,2780.0,2805.0,2680.0,19.433333333333394,2676.633333333333
2015-01-30,2794,1.415607985480949,2784.5714285714284,2739.6666666666665,0.661533352127134,True,2015,1,1482,6.0,2755.0,2788.0,2671.0,54.333333333333485,2678.633333333333
2015-01-31,2795,0.03579098067287845,2785.285714285714,2743.8333333333335,0.6609439584843169,False,2015,1,1482,5.0,2794.0,2790.0,2670.0,51.166666666666515,2680.6444444444446
2015-02-01,2795,0.0,2786.0,2747.766666666667,0.6612075961542562,False,2015,2,1482,5.0,2795.0,2790.0,2677.0,47.23333333333312,2682.7444444444445
2015-02-02,2779,-0.5724508050089394,2784.4285714285716,2751.266666666667,0.6726471871106774,False,2015,2,1482,-11.0,2795.0,2790.0,2674.0,27.73333333333312,2684.777777777778
2015-02-03,2746,-1.1874775098956514,2777.714285714286,2753.6666666666665,0.7142528605765796,True,2015,2,1482,-47.0,2779.0,2793.0,2674.0,-7.666666666666515,2686.9444444444443
2015-02-04,2772,0.9468317552804084,2776.5714285714284,2756.233333333333,0.7202491460379337,False,2015,2,1482,-8.0,2746.0,2780.0,2695.0,15.766666666666879,2689.4333333333334
2015-02-05,2728,-1.5873015873015928,2772.714285714286,2755.9333333333334,0.7289989561707461,True,2015,2,1482,-27.0,2772.0,2755.0,2737.0,-27.933333333333394,2691.0222222222224
2015-02-06,2677,-1.8695014662756582,2756.0,2754.5666666666666,0.7956577984647353,True,2015,2,1482,-117.0,2728.0,2794.0,2718.0,-77.5666666666666,2691.9555555555557
2015-02-07,2682,0.18677624206200338,2739.8571428571427,2754.4666666666667,0.7653657199004653,False,2015,2,1482,-113.0,2677.0,2795.0,2685.0,-72.4666666666667,2692.9444444444443
2015-02-08,2682,0.0,2723.714285714286,2754.5666666666666,0.7642113957837301,False,2015,2,1482,-113.0,2682.0,2795.0,2679.0,-72.5666666666666,2694.211111111111
2015-02-09,2682,0.0,2709.8571428571427,2754.633333333333,0.7641899611258072,False,2015,2,1482,-97.0,2682.0,2779.0,2680.0,-72.63333333333321,2695.4666666666667
2015-02-10,2686,0.1491424310216205,2701.285714285714,2754.8333333333335,0.7646391777771484,False,2015,2,1482,-60.0,2682.0,2746.0,2680.0,-68.83333333333348,2696.5666666666666
2015-02-11,2668,-0.6701414743112477,2686.4285714285716,2753.9,0.7661081498998952,False,2015,2,1482,-104.0,2686.0,2772.0,2696.0,-85.90000000000009,2697.5444444444443
2015-02-12,2655,-0.4872563718140932,2676.0,2752.0666666666666,0.763169335201161,False,2015,2,1482,-73.0,2668.0,2728.0,2710.0,-97.0666666666666,2697.988888888889
2015-02-13,2673,0.6779661016949046,2675.4285714285716,2750.6,0.7730910051979196,False,2015,2,1482,-4.0,2655.0,2677.0,2717.0,-77.59999999999991,2698.3
2015-02-14,2669,-0.14964459408903785,2673.5714285714284,2748.0333333333333,0.7437281603396648,False,2015,2,1482,-13.0,2673.0,2682.0,2746.0,-79.0333333333333,2698.5666666666666
2015-02-15,2669,0.0,2671.714285714286,2744.5666666666666,0.7158485577326902,False,2015,2,1482,-13.0,2669.0,2682.0,2773.0,-75.5666666666666,2698.9222222222224
2015-02-16,2675,0.22480329711502822,2670.714285714286,2741.733333333333,0.7155576252689042,False,2015,2,1482,-7.0,2669.0,2682.0,2760.0,-66.73333333333312,2699.1222222222223
2015-02-17,2621,-2.0186915887850487,2661.4285714285716,2737.1,0.7960504177911835,True,2015,2,1482,-65.0,2675.0,2686.0,2760.0,-116.09999999999991,2698.588888888889
2015-02-18,2610,-0.41968714231209736,2653.1428571428573,2731.766666666667,0.7908378813526936,False,2015,2,1482,-58.0,2621.0,2668.0,2770.0,-121.76666666666688,2698.1555555555556
2015-02-19,2630,0.766283524904221,2649.5714285714284,2725.9333333333334,0.7639667701753216,False,2015,2,1482,-25.0,2610.0,2655.0,2805.0,-95.9333333333334,2697.8333333333335
2015-02-20,2628,-0.07604562737643095,2643.1428571428573,2720.233333333333,0.7643673583322046,False,2015,2,1482,-45.0,2630.0,2673.0,2799.0,-92.23333333333312,2697.7
2015-02-21,2628,0.0,2637.285714285714,2714.3333333333335,0.7612876238385131,False,2015,2,1482,-41.0,2628.0,2669.0,2805.0,-86.33333333333348,2697.5666666666666
2015-02-22,2628,0.0,2631.4285714285716,2709.0,0.7585674099428642,False,2015,2,1482,-41.0,2628.0,2669.0,2788.0,-81.0,2697.366666666667
2015-02-23,2621,-0.2663622526636211,2623.714285714286,2703.366666666667,0.7569929356551963,False,2015,2,1482,-54.0,2628.0,2675.0,2790.0,-82.36666666666679,2697.2
2015-02-24,2605,-0.6104540251812285,2621.4285714285716,2697.2,0.7594850475268559,False,2015,2,1482,-16.0,2621.0,2621.0,2790.0,-92.19999999999982,2696.866666666667
2015-02-25,2618,0.499040307101728,2622.5714285714284,2691.4666666666667,0.7699899058709997,False,2015,2,1482,8.0,2605.0,2610.0,2790.0,-73.4666666666667,2696.8444444444444
2015-02-26,2622,0.15278838808250317,2621.4285714285716,2685.766666666667,0.7706755300824865,False,2015,2,1482,-8.0,2618.0,2630.0,2793.0,-63.76666666666688,2697.2
2015-02-27,2628,0.22883295194509046,2621.4285714285716,2680.7,0.7730827257998849,False,2015,2,1482,0.0,2622.0,2628.0,2780.0,-52.69999999999982,2697.711111111111
2015-02-28,2648,0.7610350076103556,2624.285714285714,2677.133333333333,0.779539681129687,False,2015,2,1482,20.0,2628.0,2628.0,2755.0,-29.133333333333212,2698.4444444444443
2015-03-01,2648,0.0,2627.1428571428573,2672.266666666667,0.7236592690770063,False,2015,3,1482,20.0,2648.0,2628.0,2794.0,-24.26666666666688,2698.5333333333333
2015-03-02,2654,0.22658610271903967,2631.8571428571427,2667.5666666666666,0.726419630770276,False,2015,3,1482,33.0,2648.0,2621.0,2795.0,-13.566666666666606,2698.9555555555557
2015-03-03,2641,-0.48982667671438884,2637.0,2662.4333333333334,0.7279739471833537,False,2015,3,1482,36.0,2654.0,2605.0,2795.0,-21.433333333333394,2698.866666666667
2015-03-04,2653,0.45437334343052527,2642.0,2658.233333333333,0.7333049812330218,False,2015,3,1482,35.0,2641.0,2618.0,2779.0,-5.233333333333121,2699.0666666666666
2015-03-05,2655,0.07538635506973979,2646.714285714286,2655.2,0.7076065902395989,False,2015,3,1482,33.0,2653.0,2622.0,2746.0,-0.1999999999998181,2699.2444444444445
2015-03-06,2616,-1.4689265536723117,2645.0,2650.0,0.7205495600208311,True,2015,3,1482,-12.0,2655.0,2628.0,2772.0,-34.0,2699.0
2015-03-07,2599,-0.6498470948012258,2638.0,2645.7,0.6768830319089933,False,2015,3,1482,-49.0,2616.0,2648.0,2728.0,-46.69999999999982,2698.5666666666666
2015-03-08,2599,0.0,2631.0,2643.1,0.5951045456330514,False,2015,3,1482,-49.0,2599.0,2648.0,2677.0,-44.09999999999991,2698.1666666666665
2015-03-09,2602,0.1154290111581302,2623.5714285714284,2640.4333333333334,0.5940738893844607,False,2015,3,1482,-52.0,2599.0,2654.0,2682.0,-38.433333333333394,2696.8444444444444
2015-03-10,2590,-0.4611837048424272,2616.285714285714,2637.366666666667,0.5973769030422077,False,2015,3,1482,-51.0,2602.0,2641.0,2682.0,-47.36666666666679,2695.4333333333334
2015-03-11,2573,-0.6563706563706528,2604.8571428571427,2633.733333333333,0.6050080449999484,False,2015,3,1482,-80.0,2590.0,2653.0,2682.0,-60.73333333333312,2693.6666666666665
2015-03-12,2560,-0.5052467936261129,2591.285714285714,2629.5333333333333,0.6061527339648672,False,2015,3,1482,-95.0,2573.0,2655.0,2686.0,-69.5333333333333,2691.8888888888887
2015-03-13,2584,0.9374999999999911,2586.714285714286,2626.733333333333,0.6299332575069095,False,2015,3,1482,-32.0,2560.0,2616.0,2668.0,-42.73333333333312,2690.3777777777777
2015-03-14,2591,0.2708978328173295,2585.5714285714284,2624.6,0.629262044960207,False,2015,3,1482,-8.0,2584.0,2599.0,2655.0,-33.59999999999991,2688.9444444444443
2015-03-15,2591,0.0,2584.4285714285716,2621.866666666667,0.6130916373966986,False,2015,3,1482,-8.0,2591.0,2599.0,2673.0,-30.866666666666788,2687.211111111111
2015-03-16,2574,-0.6561173292165212,2580.4285714285716,2618.7,0.6213668870566572,False,2015,3,1482,-28.0,2591.0,2602.0,2669.0,-44.69999999999982,2685.6444444444446
2015-03-17,2560,-0.543900543900544,2576.1428571428573,2615.0666666666666,0.625699006593404,False,2015,3,1482,-30.0,2574.0,2590.0,2669.0,-55.066666666666606,2684.088888888889
2015-03-18,2563,0.11718750000000444,2574.714285714286,2611.3333333333335,0.6238590663119651,False,2015,3,1482,-10.0,2560.0,2573.0,2675.0,-48.333333333333485,2682.788888888889
2015-03-19,2595,1.2485368708544664,2579.714285714286,2610.4666666666667,0.5673077036018926,True,2015,3,1482,35.0,2563.0,2560.0,2621.0,-15.466666666666697,2681.633333333333
2015-03-20,2619,0.9248554913294793,2584.714285714286,2610.766666666667,0.5883180579241511,False,2015,3,1482,35.0,2595.0,2584.0,2610.0,8.233333333333121,2680.733333333333
2015-03-21,2617,-0.0763650248186365,2588.4285714285716,2610.3333333333335,0.5709809325054865,False,2015,3,1482,26.0,2619.0,2591.0,2630.0,6.666666666666515,2679.811111111111
2015-03-22,2617,0.0,2592.1428571428573,2609.9666666666667,0.5708690912195845,False,2015,3,1482,26.0,2617.0,2591.0,2628.0,7.033333333333303,2679.322222222222
2015-03-23,2618,0.03821169277800074,2598.4285714285716,2609.633333333333,0.5709403483014464,False,2015,3,1482,44.0,2617.0,2574.0,2628.0,8.366666666666788,2678.8444444444444
2015-03-24,2630,0.4583651642475095,2608.4285714285716,2609.7,0.5773456897691093,False,2015,3,1482,70.0,2618.0,2560.0,2628.0,20.300000000000182,2678.5333333333333
2015-03-25,2648,0.684410646387823,2620.5714285714284,2610.6,0.5879820374588155,False,2015,3,1482,85.0,2630.0,2563.0,2621.0,37.40000000000009,2678.411111111111
2015-03-26,2678,1.1329305135951762,2632.4285714285716,2613.0333333333333,0.6077250471907854,True,2015,3,1482,83.0,2648.0,2595.0,2605.0,64.9666666666667,2678.1444444444446
2015-03-27,2655,-0.8588498879760986,2637.5714285714284,2614.266666666667,0.6267826172428843,False,2015,3,1482,36.0,2678.0,2619.0,2618.0,40.73333333333312,2677.5777777777776
2015-03-28,2659,0.15065913370997386,2643.5714285714284,2615.5,0.6267705433606036,False,2015,3,1482,42.0,2655.0,2617.0,2622.0,43.5,2677.0555555555557
2015-03-29,2659,0.0,2649.5714285714284,2616.5333333333333,0.6258935477400871,False,2015,3,1482,42.0,2659.0,2617.0,2628.0,42.4666666666667,2676.766666666667
2015-03-30,2642,-0.639338097028963,2653.0,2616.3333333333335,0.6225519073662305,False,2015,3,1482,24.0,2659.0,2618.0,2648.0,25.666666666666515,2676.3444444444444
2015-03-31,2622,-0.7570022710068125,2651.8571428571427,2615.4666666666667,0.6374760127906165,False,2015,3,1482,-8.0,2642.0,2630.0,2648.0,6.533333333333303,2675.8
2015-04-01,2648,0.9916094584286883,2651.8571428571427,2615.266666666667,0.6629257263935112,False,2015,4,1482,0.0,2622.0,2648.0,2654.0,32.73333333333312,2675.5555555555557
2015-04-02,2645,-0.11329305135951984,2647.1428571428573,2615.4,0.6569759989622591,False,2015,4,1482,-33.0,2648.0,2678.0,2641.0,29.59999999999991,2675.2
2015-04-03,2660,0.5671077504725952,2647.8571428571427,2615.633333333333,0.6599381157202607,False,2015,4,1482,5.0,2645.0,2655.0,2653.0,44.36666666666679,2675.0444444444443
2015-04-04,2660,0.0,2648.0,2615.8,0.6598275711814314,False,2015,4,1482,1.0,2660.0,2659.0,2655.0,44.19999999999982,2674.8888888888887
2015-04-05,2660,0.0,2648.1428571428573,2617.266666666667,0.5980290824907017,False,2015,4,1482,1.0,2660.0,2659.0,2616.0,42.73333333333312,2674.5
2015-04-06,2703,1.6165413533834494,2656.8571428571427,2620.733333333333,0.6467772840050385,True,2015,4,1482,61.0,2660.0,2642.0,2599.0,82.26666666666688,2674.1222222222223
2015-04-07,2688,-0.5549389567147567,2666.285714285714,2623.7,0.6585376656629603,False,2015,4,1482,66.0,2703.0,2622.0,2599.0,64.30000000000018,2673.788888888889
2015-04-08,2672,-0.5952380952380931,2669.714285714286,2626.0333333333333,0.6711600060508958,False,2015,4,1482,24.0,2688.0,2648.0,2602.0,45.9666666666667,2673.6444444444446
2015-04-09,2653,-0.7110778443113808,2670.8571428571427,2628.133333333333,0.6797415041135533,False,2015,4,1482,8.0,2672.0,2645.0,2590.0,24.866666666666788,2673.3555555555554
2015-04-10,2673,0.7538635506973312,2672.714285714286,2631.4666666666667,0.6756423007385212,False,2015,4,1482,13.0,2653.0,2660.0,2573.0,41.5333333333333,2673.277777777778
2015-04-11,2679,0.22446689113355678,2675.4285714285716,2635.4333333333334,0.6650597175501881,False,2015,4,1482,19.0,2673.0,2660.0,2560.0,43.566666666666606,2673.266666666667
2015-04-12,2679,0.0,2678.1428571428573,2638.6,0.6487870434868722,False,2015,4,1482,19.0,2679.0,2660.0,2584.0,40.40000000000009,2673.0777777777776
2015-04-13,2670,-0.33594624860022737,2673.4285714285716,2641.233333333333,0.6534426118756386,False,2015,4,1482,-33.0,2679.0,2703.0,2591.0,28.76666666666688,2672.633333333333
2015-04-14,2654,-0.5992509363295873,2668.5714285714284,2643.3333333333335,0.6657191029290465,False,2015,4,1482,-34.0,2670.0,2688.0,2591.0,10.666666666666515,2671.9333333333334
2015-04-15,2671,0.6405425772419093,2668.4285714285716,2646.5666666666666,0.6581777902012784,False,2015,4,1482,-1.0,2654.0,2672.0,2574.0,24.433333333333394,2671.1
2015-04-16,2663,-0.29951329090228684,2669.8571428571427,2650.0,0.6510814700384147,False,2015,4,1482,10.0,2671.0,2653.0,2560.0,13.0,2669.8777777777777
2015-04-17,2682,0.7134810364250788,2671.1428571428573,2653.9666666666667,0.6596087373901763,False,2015,4,1482,9.0,2663.0,2673.0,2563.0,28.033333333333303,2669.011111111111
2015-04-18,2681,-0.03728560775541068,2671.4285714285716,2656.8333333333335,0.6269683251274055,False,2015,4,1482,2.0,2682.0,2679.0,2595.0,24.166666666666515,2668.133333333333
2015-04-19,2681,0.0,2671.714285714286,2658.9,0.6080028328311682,False,2015,4,1482,2.0,2681.0,2679.0,2619.0,22.09999999999991,2667.1444444444446
2015-04-20,2686,0.18649757553150792,2674.0,2661.2,0.6075685840319565,False,2015,4,1482,16.0,2681.0,2670.0,2617.0,24.800000000000182,2665.822222222222
2015-04-21,2694,0.29784065524944836,2679.714285714286,2663.766666666667,0.6085041992942568,False,2015,4,1482,40.0,2686.0,2654.0,2617.0,30.23333333333312,2664.6555555555556
2015-04-22,2666,-1.0393466963622866,2679.0,2665.366666666667,0.6430097510589926,False,2015,4,1482,-5.0,2694.0,2671.0,2618.0,0.6333333333332121,2663.1111111111113
2015-04-23,2683,0.6376594148537196,2681.8571428571427,2667.133333333333,0.6476319068588816,False,2015,4,1482,20.0,2666.0,2663.0,2630.0,15.866666666666788,2661.9444444444443
2015-04-24,2669,-0.5218039508013472,2680.0,2667.8333333333335,0.6455183132932366,False,2015,4,1482,-13.0,2683.0,2682.0,2648.0,1.166666666666515,2660.6
2015-04-25,2672,0.11240164855750301,2678.714285714286,2667.633333333333,0.6112835816723733,False,2015,4,1482,-9.0,2669.0,2681.0,2678.0,4.366666666666788,2659.288888888889
2015-04-26,2672,0.0,2677.4285714285716,2668.2,0.5896783521347543,False,2015,4,1482,-9.0,2672.0,2681.0,2655.0,3.800000000000182,2657.9777777777776
2015-04-27,2711,1.45958083832336,2681.0,2669.9333333333334,0.6452578657124404,True,2015,4,1482,25.0,2672.0,2686.0,2659.0,41.066666666666606,2657.0666666666666
2015-04-28,2717,0.22132054592400863,2684.285714285714,2671.866666666667,0.6457353557008233,False,2015,4,1482,23.0,2711.0,2694.0,2659.0,45.13333333333321,2656.366666666667
2015-04-29,2722,0.1840264998159702,2692.285714285714,2674.5333333333333,0.6317182059581459,False,2015,4,1482,56.0,2717.0,2666.0,2642.0,47.4666666666667,2656.0
2015-04-30,2672,-1.8368846436443764,2690.714285714286,2676.2,0.7084272944252112,True,2015,4,1482,-11.0,2722.0,2683.0,2622.0,-4.199999999999818,2654.6444444444446
2015-05-01,2663,-0.33682634730538563,2689.8571428571427,2676.7,0.6898109933072127,False,2015,5,1482,-6.0,2672.0,2669.0,2648.0,-13.699999999999818,2653.177777777778
2015-05-02,2662,-0.037551633496057946,2688.4285714285716,2677.266666666667,0.6894405431976787,False,2015,5,1482,-10.0,2663.0,2672.0,2645.0,-15.266666666666879,2651.7
2015-05-03,2662,0.0,2687.0,2677.3333333333335,0.6817578323559659,False,2015,5,1482,-10.0,2662.0,2672.0,2660.0,-15.333333333333485,2650.4
2015-05-04,2687,0.9391435011269822,2683.5714285714284,2678.233333333333,0.7027699833050407,False,2015,5,1482,-24.0,2662.0,2711.0,2660.0,8.766666666666879,2649.7444444444445
2015-05-05,2690,0.11164867882396123,2679.714285714286,2679.233333333333,0.7028680745094029,False,2015,5,1482,-27.0,2687.0,2717.0,2660.0,10.766666666666879,2648.8333333333335
2015-05-06,2692,0.07434944237918462,2675.4285714285716,2678.866666666667,0.636867805215746,False,2015,5,1482,-30.0,2690.0,2722.0,2703.0,13.133333333333212,2648.4333333333334
2015-05-07,2693,0.03714710252600284,2678.4285714285716,2679.0333333333333,0.6285704683907702,False,2015,5,1482,21.0,2692.0,2672.0,2688.0,13.966666666666697,2648.6111111111113
2015-05-08,2688,-0.18566654288897366,2682.0,2679.5666666666666,0.6193949908272297,False,2015,5,1482,25.0,2693.0,2663.0,2672.0,8.433333333333394,2648.677777777778
2015-05-09,2689,0.037202380952372494,2685.8571428571427,2680.766666666667,0.6037348335345432,False,2015,5,1482,27.0,2688.0,2662.0,2653.0,8.233333333333121,2648.7555555555555
2015-05-10,2689,0.0,2689.714285714286,2681.3,0.5887900656795091,False,2015,5,1482,27.0,2689.0,2662.0,2673.0,7.699999999999818,2648.8333333333335
2015-05-11,2685,-0.14875418371141924,2689.4285714285716,2681.5,0.5882980084347695,False,2015,5,1482,-2.0,2689.0,2687.0,2679.0,3.5,2648.822222222222
2015-05-12,2715,1.1173184357541999,2693.0,2682.7,0.6220965228595509,True,2015,5,1482,25.0,2685.0,2690.0,2679.0,32.30000000000018,2649.3444444444444
2015-05-13,2751,1.3259668508287303,2701.4285714285716,2685.4,0.6597342760105007,True,2015,5,1482,59.0,2715.0,2692.0,2670.0,65.59999999999991,2650.411111111111
2015-05-14,2745,-0.21810250817884125,2708.8571428571427,2688.4333333333334,0.6493570318165885,False,2015,5,1482,52.0,2751.0,2693.0,2654.0,56.566666666666606,2651.211111111111
2015-05-15,2747,0.0728597449908941,2717.285714285714,2690.9666666666667,0.6417250474993561,False,2015,5,1482,59.0,2745.0,2688.0,2671.0,56.0333333333333,2652.0777777777776
2015-05-16,2745,-0.07280669821623231,2725.285714285714,2693.7,0.6382376781667602,False,2015,5,1482,56.0,2747.0,2689.0,2663.0,51.30000000000018,2652.9222222222224
2015-05-17,2745,0.0,2733.285714285714,2695.8,0.6279190739779309,False,2015,5,1482,56.0,2745.0,2689.0,2682.0,49.19999999999982,2653.7
2015-05-18,2763,0.6557377049180246,2744.4285714285716,2698.5333333333333,0.6361745643009551,False,2015,5,1482,78.0,2745.0,2685.0,2681.0,64.4666666666667,2655.277777777778
2015-05-19,2728,-1.266739051755339,2746.285714285714,2700.1,0.6834868383407634,True,2015,5,1482,13.0,2763.0,2715.0,2681.0,27.90000000000009,2656.588888888889
2015-05-20,2726,-0.07331378299120228,2742.714285714286,2701.4333333333334,0.6834774689033566,False,2015,5,1482,-25.0,2728.0,2751.0,2686.0,24.566666666666606,2657.6555555555556
2015-05-21,2713,-0.4768892149669801,2738.1428571428573,2702.0666666666666,0.6884685483532278,False,2015,5,1482,-32.0,2726.0,2745.0,2694.0,10.933333333333394,2658.6
2015-05-22,2710,-0.11057869517139274,2732.8571428571427,2703.5333333333333,0.659182647473731,False,2015,5,1482,-37.0,2713.0,2747.0,2666.0,6.466666666666697,2659.511111111111
2015-05-23,2708,-0.07380073800737907,2727.5714285714284,2704.366666666667,0.650298310942394,False,2015,5,1482,-37.0,2710.0,2745.0,2683.0,3.633333333333212,2660.4
2015-05-24,2708,0.0,2722.285714285714,2705.6666666666665,0.641871987345065,False,2015,5,1482,-37.0,2708.0,2745.0,2669.0,2.333333333333485,2661.366666666667
2015-05-25,2716,0.2954209748892156,2715.5714285714284,2707.133333333333,0.6433500443022309,False,2015,5,1482,-47.0,2708.0,2763.0,2672.0,8.866666666666788,2662.6
2015-05-26,2692,-0.8836524300441795,2710.4285714285716,2707.8,0.665858927055419,False,2015,5,1482,-36.0,2716.0,2728.0,2672.0,-15.800000000000182,2663.4222222222224
2015-05-27,2688,-0.14858841010401136,2705.0,2707.0333333333333,0.6088436877761323,False,2015,5,1482,-38.0,2692.0,2726.0,2711.0,-19.033333333333303,2664.1555555555556
2015-05-28,2684,-0.14880952380952328,2700.8571428571427,2705.9333333333334,0.6073950073972578,False,2015,5,1482,-29.0,2688.0,2713.0,2717.0,-21.933333333333394,2664.777777777778
2015-05-29,2685,0.037257824143077656,2697.285714285714,2704.7,0.6061269562515392,False,2015,5,1482,-25.0,2684.0,2710.0,2722.0,-19.699999999999818,2665.188888888889
2015-05-30,2685,0.0,2694.0,2705.133333333333,0.5027069062298548,False,2015,5,1482,-23.0,2685.0,2708.0,2672.0,-20.133333333333212,2665.6
2015-05-31,2685,0.0,2690.714285714286,2705.866666666667,0.49826450891429785,False,2015,5,1482,-23.0,2685.0,2708.0,2663.0,-20.866666666666788,2665.9444444444443
2015-06-01,2676,-0.3351955307262622,2685.0,2706.3333333333335,0.502572418870252,False,2015,6,1482,-40.0,2685.0,2716.0,2662.0,-30.333333333333485,2666.3333333333335
2015-06-02,2683,0.261584454409558,2683.714285714286,2707.0333333333333,0.5045022001441094,False,2015,6,1482,-9.0,2676.0,2692.0,2662.0,-24.033333333333303,2666.6666666666665
2015-06-03,2675,-0.2981736861721984,2681.8571428571427,2706.633333333333,0.47723712283820874,False,2015,6,1482,-13.0,2683.0,2688.0,2687.0,-31.633333333333212,2666.8888888888887
2015-06-04,2662,-0.4859813084112097,2678.714285714286,2705.7,0.4842410448658222,False,2015,6,1482,-22.0,2675.0,2684.0,2690.0,-43.69999999999982,2667.4
2015-06-05,2673,0.4132231404958775,2677.0,2705.0666666666666,0.49075794084906005,False,2015,6,1482,-12.0,2662.0,2685.0,2692.0,-32.066666666666606,2668.222222222222
2015-06-06,2672,-0.03741114852225946,2675.1428571428573,2704.366666666667,0.4906345254347009,False,2015,6,1482,-13.0,2673.0,2685.0,2693.0,-32.36666666666679,2669.0333333333333
2015-06-07,2672,0.0,2673.285714285714,2703.8333333333335,0.48970719573247956,False,2015,6,1482,-13.0,2672.0,2685.0,2688.0,-31.833333333333485,2669.811111111111
2015-06-08,2677,0.18712574850299202,2673.4285714285716,2703.4333333333334,0.49106089114059365,False,2015,6,1482,1.0,2672.0,2676.0,2689.0,-26.433333333333394,2670.777777777778
2015-06-09,2684,0.26148673888681806,2673.5714285714284,2703.266666666667,0.49362720601879234,False,2015,6,1482,1.0,2677.0,2683.0,2689.0,-19.26666666666688,2672.011111111111
2015-06-10,2698,0.5216095380029762,2676.8571428571427,2703.7,0.5019986237625639,False,2015,6,1482,23.0,2684.0,2675.0,2685.0,-5.699999999999818,2673.5444444444443
2015-06-11,2690,-0.2965159377316562,2680.8571428571427,2702.866666666667,0.45975767922584027,False,2015,6,1482,28.0,2698.0,2662.0,2715.0,-12.866666666666788,2674.722222222222
2015-06-12,2690,0.0,2683.285714285714,2700.8333333333335,0.3821034940263729,False,2015,6,1482,17.0,2690.0,2673.0,2751.0,-10.833333333333485,2675.822222222222
2015-06-13,2690,0.0,2685.8571428571427,2699.0,0.38134145454249524,False,2015,6,1482,18.0,2690.0,2672.0,2745.0,-9.0,2676.9222222222224
2015-06-14,2690,0.0,2688.4285714285716,2697.1,0.38065312621764247,False,2015,6,1482,18.0,2690.0,2672.0,2747.0,-7.099999999999909,2678.211111111111
2015-06-15,2702,0.4460966542750855,2692.0,2695.6666666666665,0.3920993585948858,False,2015,6,1482,25.0,2690.0,2677.0,2745.0,6.333333333333485,2679.788888888889
2015-06-16,2697,-0.18504811250925624,2693.8571428571427,2694.0666666666666,0.39271028660042234,False,2015,6,1482,13.0,2702.0,2684.0,2745.0,2.933333333333394,2681.277777777778
2015-06-17,2684,-0.4820170559881376,2691.8571428571427,2691.4333333333334,0.3759838376003312,False,2015,6,1482,-14.0,2697.0,2698.0,2763.0,-7.433333333333394,2682.266666666667
2015-06-18,2717,1.2295081967213184,2695.714285714286,2691.0666666666666,0.3840799026848447,True,2015,6,1482,27.0,2684.0,2690.0,2728.0,25.933333333333394,2683.3555555555554
2015-06-19,2706,-0.4048582995951455,2698.0,2690.4,0.39059711487207943,False,2015,6,1482,16.0,2717.0,2690.0,2726.0,15.599999999999909,2684.3444444444444
2015-06-20,2709,0.11086474501109667,2700.714285714286,2690.266666666667,0.3817272352507667,False,2015,6,1482,19.0,2706.0,2690.0,2713.0,18.73333333333312,2685.366666666667
2015-06-21,2709,0.0,2703.4285714285716,2690.233333333333,0.3811982806181894,False,2015,6,1482,19.0,2709.0,2690.0,2710.0,18.76666666666688,2686.3777777777777
2015-06-22,2671,-1.4027316352897778,2699.0,2689.0,0.4592342307203011,True,2015,6,1482,-31.0,2709.0,2702.0,2708.0,-18.0,2686.8333333333335
2015-06-23,2661,-0.3743916136278558,2693.8571428571427,2687.4333333333334,0.46304529742115613,False,2015,6,1482,-36.0,2671.0,2697.0,2708.0,-26.433333333333394,2686.9777777777776
2015-06-24,2653,-0.300638857572344,2689.4285714285716,2685.3333333333335,0.4601674531683745,False,2015,6,1482,-31.0,2661.0,2684.0,2716.0,-32.333333333333485,2686.7
2015-06-25,2649,-0.15077271013946847,2679.714285714286,2683.9,0.434621349405012,False,2015,6,1482,-68.0,2653.0,2717.0,2692.0,-34.90000000000009,2686.633333333333
2015-06-26,2651,0.07550018875046582,2671.8571428571427,2682.6666666666665,0.43484294493866277,False,2015,6,1482,-55.0,2649.0,2706.0,2688.0,-31.666666666666515,2686.5444444444443
2015-06-27,2653,0.07544322897019562,2663.8571428571427,2681.633333333333,0.4349292836045706,False,2015,6,1482,-56.0,2651.0,2709.0,2684.0,-28.633333333333212,2686.4777777777776
2015-06-28,2653,0.0,2655.8571428571427,2680.5666666666666,0.4347607258641281,False,2015,6,1482,-56.0,2653.0,2709.0,2685.0,-27.566666666666606,2686.6
2015-06-29,2671,0.6784771956275915,2655.8571428571427,2680.1,0.4540794560530154,False,2015,6,1482,0.0,2653.0,2671.0,2685.0,-9.099999999999909,2687.1444444444446
2015-06-30,2653,-0.6739049045301426,2654.714285714286,2679.0333333333333,0.46964128773642766,False,2015,6,1482,-8.0,2671.0,2661.0,2685.0,-26.033333333333303,2687.2
2015-07-01,2645,-0.30154542027892584,2653.5714285714284,2678.0,0.4689488774516771,False,2015,7,1482,-8.0,2653.0,2653.0,2676.0,-33.0,2687.2
2015-07-02,2621,-0.9073724007561457,2649.5714285714284,2675.9333333333334,0.4912519995965859,False,2015,7,1482,-28.0,2645.0,2649.0,2683.0,-54.933333333333394,2686.766666666667
2015-07-03,2630,0.34338038916443825,2646.5714285714284,2674.4333333333334,0.4952278632783593,False,2015,7,1482,-21.0,2621.0,2651.0,2675.0,-44.433333333333394,2686.4333333333334
2015-07-04,2634,0.1520912547528619,2643.8571428571427,2673.5,0.4897671744430016,False,2015,7,1482,-19.0,2630.0,2653.0,2662.0,-39.5,2686.1444444444446
2015-07-05,2634,0.0,2641.1428571428573,2672.2,0.4825104682846004,False,2015,7,1482,-19.0,2634.0,2653.0,2673.0,-38.19999999999982,2685.3777777777777
2015-07-06,2634,0.0,2635.8571428571427,2670.9333333333334,0.4825867268019353,False,2015,7,1482,-37.0,2634.0,2671.0,2672.0,-36.933333333333394,2684.777777777778
2015-07-07,2604,-1.1389521640091105,2628.8571428571427,2668.6666666666665,0.5219860491081345,True,2015,7,1482,-49.0,2634.0,2653.0,2672.0,-64.66666666666652,2684.0222222222224
2015-07-08,2622,0.691244239631339,2625.5714285714284,2666.8333333333335,0.5388753868390961,False,2015,7,1482,-23.0,2604.0,2645.0,2677.0,-44.833333333333485,2683.677777777778
2015-07-09,2608,-0.5339435545385185,2623.714285714286,2664.3,0.5416779196038202,False,2015,7,1482,-13.0,2622.0,2621.0,2684.0,-56.30000000000018,2682.9555555555557
2015-07-10,2605,-0.11503067484662788,2620.1428571428573,2661.2,0.529040482389525,False,2015,7,1482,-25.0,2608.0,2630.0,2698.0,-56.19999999999982,2682.133333333333
2015-07-11,2606,0.038387715930898736,2616.1428571428573,2658.4,0.5286224688784701,False,2015,7,1482,-28.0,2605.0,2634.0,2690.0,-52.40000000000009,2681.322222222222
2015-07-12,2606,0.0,2612.1428571428573,2655.6,0.5286224688784701,False,2015,7,1482,-28.0,2606.0,2634.0,2690.0,-49.59999999999991,2680.6111111111113
2015-07-13,2602,-0.15349194167306734,2607.5714285714284,2652.6666666666665,0.5283204792899232,False,2015,7,1482,-32.0,2606.0,2634.0,2690.0,-50.666666666666515,2680.0333333333333
2015-07-14,2594,-0.3074558032282848,2606.1428571428573,2649.4666666666667,0.5291054633795526,False,2015,7,1482,-10.0,2602.0,2604.0,2690.0,-55.4666666666667,2679.177777777778
2015-07-15,2583,-0.4240555127216661,2600.5714285714284,2645.5,0.5208045297587626,False,2015,7,1482,-39.0,2594.0,2622.0,2702.0,-62.5,2678.288888888889
2015-07-16,2576,-0.27100271002710175,2596.0,2641.4666666666667,0.5212475778927567,False,2015,7,1482,-32.0,2583.0,2608.0,2697.0,-65.4666666666667,2677.1111111111113
2015-07-17,2551,-0.9704968944099335,2588.285714285714,2637.0333333333333,0.539244646090109,False,2015,7,1482,-54.0,2576.0,2605.0,2684.0,-86.0333333333333,2675.6666666666665
2015-07-18,2549,-0.07840062720502194,2580.1428571428573,2631.4333333333334,0.470916481844063,False,2015,7,1482,-57.0,2551.0,2606.0,2717.0,-82.4333333333334,2674.2
2015-07-19,2549,0.0,2572.0,2626.2,0.4709840227872952,False,2015,7,1482,-57.0,2549.0,2606.0,2706.0,-77.19999999999982,2672.677777777778
2015-07-20,2504,-1.7653981953707376,2558.0,2619.366666666667,0.5470011374292932,True,2015,7,1482,-98.0,2549.0,2602.0,2709.0,-115.36666666666679,2670.5666666666666
2015-07-21,2494,-0.39936102236421966,2543.714285714286,2612.2,0.545299704913923,False,2015,7,1482,-100.0,2504.0,2594.0,2709.0,-118.19999999999982,2668.6555555555556
2015-07-22,2468,-1.0425020048115519,2527.285714285714,2605.4333333333334,0.5230976055862624,False,2015,7,1482,-115.0,2494.0,2583.0,2671.0,-137.4333333333334,2666.266666666667
2015-07-23,2478,0.4051863857374327,2513.285714285714,2599.3333333333335,0.5365036224342655,False,2015,7,1482,-98.0,2468.0,2576.0,2661.0,-121.33333333333348,2664.1444444444446
2015-07-24,2470,-0.32284100080710587,2501.714285714286,2593.233333333333,0.5366114206656025,False,2015,7,1482,-81.0,2478.0,2551.0,2653.0,-123.23333333333312,2661.9
2015-07-25,2479,0.3643724696356321,2491.714285714286,2587.5666666666666,0.5475814480173975,False,2015,7,1482,-70.0,2470.0,2549.0,2649.0,-108.5666666666666,2659.7555555555555
2015-07-26,2479,0.0,2481.714285714286,2581.8333333333335,0.5463515258983463,False,2015,7,1482,-70.0,2479.0,2549.0,2651.0,-102.83333333333348,2657.177777777778
2015-07-27,2489,0.4033884630899598,2479.5714285714284,2576.366666666667,0.5557067942923294,False,2015,7,1482,-15.0,2479.0,2504.0,2653.0,-87.36666666666679,2654.6444444444446
2015-07-28,2475,-0.5624748895138643,2476.8571428571427,2570.4333333333334,0.5578279260333768,False,2015,7,1482,-19.0,2489.0,2494.0,2653.0,-95.4333333333334,2651.9
2015-07-29,2472,-0.12121212121212199,2477.4285714285716,2563.8,0.531413777568073,False,2015,7,1482,4.0,2475.0,2468.0,2671.0,-91.80000000000018,2649.677777777778
2015-07-30,2475,0.12135922330096527,2477.0,2557.866666666667,0.5297004807316822,False,2015,7,1482,-3.0,2472.0,2478.0,2653.0,-82.86666666666679,2647.588888888889
2015-07-31,2477,0.08080808080808133,2478.0,2552.266666666667,0.5325089096360999,False,2015,7,1482,7.0,2475.0,2470.0,2645.0,-75.26666666666688,2645.5333333333333
2015-08-01,2485,0.32297133629390906,2478.8571428571427,2547.733333333333,0.5248386525473588,False,2015,8,1482,6.0,2477.0,2479.0,2621.0,-62.73333333333312,2643.5666666666666
2015-08-02,2485,0.0,2479.714285714286,2542.9,0.5168012987882357,False,2015,8,1482,6.0,2485.0,2479.0,2630.0,-57.90000000000009,2641.322222222222
2015-08-03,2473,-0.48289738430583595,2477.4285714285716,2537.5333333333333,0.515412265943439,False,2015,8,1482,-16.0,2485.0,2489.0,2634.0,-64.5333333333333,2638.911111111111
2015-08-04,2468,-0.2021835826930829,2476.4285714285716,2532.0,0.5139085426342346,False,2015,8,1482,-7.0,2473.0,2475.0,2634.0,-64.0,2636.4222222222224
2015-08-05,2471,0.12155591572122759,2476.285714285714,2526.5666666666666,0.5161402970076491,False,2015,8,1482,-1.0,2468.0,2472.0,2634.0,-55.566666666666606,2633.9555555555557
2015-08-06,2482,0.44516390125455274,2477.285714285714,2522.5,0.49871365835510595,False,2015,8,1482,7.0,2471.0,2475.0,2604.0,-40.5,2631.6666666666665
2015-08-07,2489,0.28203062046736616,2479.0,2518.0666666666666,0.4799092539281684,False,2015,8,1482,12.0,2482.0,2477.0,2622.0,-29.066666666666606,2629.4444444444443
2015-08-08,2489,0.0,2479.5714285714284,2514.1,0.47591723998326513,False,2015,8,1482,4.0,2489.0,2485.0,2608.0,-25.09999999999991,2627.222222222222
2015-08-09,2489,0.0,2480.1428571428573,2510.233333333333,0.4767085362070738,False,2015,8,1482,4.0,2489.0,2485.0,2605.0,-21.23333333333312,2625.0444444444443
2015-08-10,2512,0.9240658899156262,2485.714285714286,2507.1,0.51472641433541,False,2015,8,1482,39.0,2489.0,2473.0,2606.0,4.900000000000091,2622.788888888889
2015-08-11,2542,1.194267515923575,2496.285714285714,2504.9666666666667,0.5678552791467885,True,2015,8,1482,74.0,2512.0,2468.0,2606.0,37.0333333333333,2620.4666666666667
2015-08-12,2599,2.2423288749016557,2514.5714285714284,2504.866666666667,0.7084215872959555,True,2015,8,1482,128.0,2542.0,2471.0,2602.0,94.13333333333321,2618.8444444444444
2015-08-13,2592,-0.269334359368989,2530.285714285714,2504.8,0.7078877134302599,False,2015,8,1482,110.0,2599.0,2482.0,2594.0,87.19999999999982,2617.1222222222223
2015-08-14,2579,-0.5015432098765427,2543.1428571428573,2504.6666666666665,0.7096269956916593,False,2015,8,1482,90.0,2592.0,2489.0,2583.0,74.33333333333348,2615.277777777778
2015-08-15,2577,-0.07754943776657752,2555.714285714286,2504.7,0.7079822509456727,False,2015,8,1482,88.0,2579.0,2489.0,2576.0,72.30000000000018,2613.411111111111
2015-08-16,2577,0.0,2568.285714285714,2505.5666666666666,0.6836884278143907,False,2015,8,1482,88.0,2577.0,2489.0,2551.0,71.4333333333334,2611.3444444444444
2015-08-17,2603,1.0089251067132432,2581.285714285714,2507.366666666667,0.705872463361607,False,2015,8,1482,91.0,2577.0,2512.0,2549.0,95.63333333333321,2609.9555555555557
2015-08-18,2599,-0.153668843641952,2589.4285714285716,2509.0333333333333,0.7069719520683615,False,2015,8,1482,57.0,2603.0,2542.0,2549.0,89.9666666666667,2608.5444444444443
2015-08-19,2617,0.6925740669488256,2592.0,2512.8,0.6249372034060771,False,2015,8,1482,18.0,2599.0,2599.0,2504.0,104.19999999999982,2607.4777777777776
2015-08-20,2685,2.5983951089033175,2605.285714285714,2519.1666666666665,0.7594110341901408,True,2015,8,1482,93.0,2617.0,2592.0,2494.0,165.83333333333348,2607.2
2015-08-21,2728,1.6014897579143428,2626.5714285714284,2527.8333333333335,0.7577750418696764,True,2015,8,1482,149.0,2685.0,2579.0,2468.0,200.16666666666652,2607.4222222222224
2015-08-22,2722,-0.21994134897360684,2647.285714285714,2535.9666666666667,0.7644062677844767,False,2015,8,1482,145.0,2728.0,2577.0,2478.0,186.0333333333333,2607.5777777777776
2015-08-23,2722,0.0,2668.0,2544.366666666667,0.7573374181536815,False,2015,8,1482,145.0,2722.0,2577.0,2470.0,177.6333333333332,2607.6444444444446
2015-08-24,2747,0.9184423218221882,2688.5714285714284,2553.3,0.7649950731165737,False,2015,8,1482,144.0,2722.0,2603.0,2479.0,193.69999999999982,2608.2555555555555
2015-08-25,2673,-2.693847834000729,2699.1428571428573,2559.766666666667,0.9440928816460903,True,2015,8,1482,74.0,2747.0,2599.0,2479.0,113.23333333333312,2608.088888888889
2015-08-26,2637,-1.3468013468013518,2702.0,2564.7,0.9877241251546809,True,2015,8,1482,20.0,2673.0,2617.0,2489.0,72.30000000000018,2607.5666666666666
2015-08-27,2632,-0.18960940462646736,2694.4285714285716,2569.9333333333334,0.9801491558704571,False,2015,8,1482,-53.0,2637.0,2685.0,2475.0,62.066666666666606,2606.9777777777776
2015-08-28,2663,1.1778115501519748,2685.1428571428573,2576.3,0.9936202066131012,True,2015,8,1482,-65.0,2632.0,2728.0,2472.0,86.69999999999982,2606.733333333333
2015-08-29,2663,0.0,2676.714285714286,2582.5666666666666,0.9944220300477521,False,2015,8,1482,-59.0,2663.0,2722.0,2475.0,80.4333333333334,2606.488888888889
2015-08-30,2663,0.0,2668.285714285714,2588.766666666667,0.9950029190487767,False,2015,8,1482,-59.0,2663.0,2722.0,2477.0,74.23333333333312,2606.3444444444444
2015-08-31,2670,0.2628614344724056,2657.285714285714,2594.9333333333334,0.9949039706460674,False,2015,8,1482,-77.0,2663.0,2747.0,2485.0,75.0666666666666,2606.2
2015-09-01,2684,0.5243445692883819,2658.8571428571427,2601.5666666666666,0.9950677975251513,False,2015,9,1482,11.0,2670.0,2673.0,2485.0,82.4333333333334,2606.3
2015-09-02,2665,-0.7078986587183311,2662.8571428571427,2607.9666666666667,1.001700875965077,False,2015,9,1482,28.0,2684.0,2637.0,2473.0,57.0333333333333,2606.3333333333335
2015-09-03,2637,-1.0506566604127632,2663.5714285714284,2613.6,1.0267027113832379,False,2015,9,1482,5.0,2665.0,2632.0,2468.0,23.40000000000009,2605.9333333333334
2015-09-04,2655,0.6825938566553003,2662.4285714285716,2619.733333333333,1.0298373684462538,False,2015,9,1482,-8.0,2637.0,2663.0,2471.0,35.26666666666688,2605.7444444444445
2015-09-05,2654,-0.037664783427493465,2661.1428571428573,2625.4666666666667,1.030371029742276,False,2015,9,1482,-9.0,2655.0,2663.0,2482.0,28.533333333333303,2605.5444444444443
2015-09-06,2654,0.0,2659.8571428571427,2630.9666666666667,1.0311541746909996,False,2015,9,1482,-9.0,2654.0,2663.0,2489.0,23.033333333333303,2605.288888888889
2015-09-07,2651,-0.11303692539562649,2657.1428571428573,2636.366666666667,1.0321892178192,False,2015,9,1482,-19.0,2654.0,2670.0,2489.0,14.633333333333212,2604.9222222222224
2015-09-08,2645,-0.22632968691059796,2651.5714285714284,2641.5666666666666,1.0346432322610768,False,2015,9,1482,-39.0,2651.0,2684.0,2489.0,3.433333333333394,2604.3333333333335
2015-09-09,2601,-1.6635160680529282,2642.4285714285716,2644.5333333333333,1.0797634714547464,True,2015,9,1482,-64.0,2645.0,2665.0,2512.0,-43.5333333333333,2603.3444444444444
2015-09-10,2615,0.5382545174932751,2639.285714285714,2646.9666666666667,1.0638192174303296,False,2015,9,1482,-22.0,2601.0,2637.0,2542.0,-31.966666666666697,2602.511111111111
2015-09-11,2600,-0.5736137667303964,2631.4285714285716,2647.0,0.9899296246114995,False,2015,9,1482,-55.0,2615.0,2655.0,2599.0,-47.0,2601.511111111111
2015-09-12,2596,-0.15384615384614886,2623.1428571428573,2647.133333333333,0.9890460599601753,False,2015,9,1482,-58.0,2600.0,2654.0,2592.0,-51.13333333333321,2600.4666666666667
2015-09-13,2596,0.0,2614.8571428571427,2647.7,0.9843309992513171,False,2015,9,1482,-58.0,2596.0,2654.0,2579.0,-51.69999999999982,2599.288888888889
2015-09-14,2607,0.4237288135593209,2608.5714285714284,2648.7,0.98675392252758,False,2015,9,1482,-44.0,2596.0,2651.0,2577.0,-41.69999999999982,2598.288888888889
2015-09-15,2598,-0.345224395857302,2601.8571428571427,2649.4,0.989286040355682,False,2015,9,1482,-47.0,2607.0,2645.0,2577.0,-51.40000000000009,2597.3333333333335
2015-09-16,2635,1.4241724403387224,2606.714285714286,2650.4666666666667,1.0061895615446783,True,2015,9,1482,34.0,2598.0,2601.0,2603.0,-15.466666666666697,2596.4222222222224
2015-09-17,2618,-0.6451612903225823,2607.1428571428573,2651.1,1.0135211697450077,False,2015,9,1482,3.0,2635.0,2615.0,2599.0,-33.09999999999991,2595.4444444444443
2015-09-18,2647,1.1077158135981646,2613.8571428571427,2652.1,1.0256515854122408,True,2015,9,1482,47.0,2618.0,2600.0,2617.0,-5.099999999999909,2594.7555555555555
2015-09-19,2647,0.0,2621.1428571428573,2650.8333333333335,0.9050449554221209,False,2015,9,1482,51.0,2647.0,2596.0,2685.0,-3.833333333333485,2594.0666666666666
2015-09-20,2647,0.0,2628.4285714285716,2648.133333333333,0.8502416515365745,False,2015,9,1482,51.0,2647.0,2596.0,2728.0,-1.133333333333212,2593.8
2015-09-21,2637,-0.3777861730260623,2632.714285714286,2645.3,0.8515167023398599,False,2015,9,1482,30.0,2647.0,2607.0,2722.0,-8.300000000000182,2593.5333333333333
2015-09-22,2620,-0.6446719757299935,2635.8571428571427,2641.9,0.8569665387052036,False,2015,9,1482,22.0,2637.0,2598.0,2722.0,-21.90000000000009,2593.1666666666665
2015-09-23,2647,1.0305343511450404,2637.5714285714284,2638.5666666666666,0.861896983320186,False,2015,9,1482,12.0,2620.0,2635.0,2747.0,8.433333333333394,2593.1444444444446
2015-09-24,2697,1.8889308651303338,2648.8571428571427,2639.366666666667,0.7933659364870913,True,2015,9,1482,79.0,2647.0,2618.0,2673.0,57.63333333333321,2593.6555555555556
2015-09-25,2674,-0.8527994067482392,2652.714285714286,2640.6,0.7684796983587555,False,2015,9,1482,27.0,2697.0,2647.0,2637.0,33.40000000000009,2593.8888888888887
2015-09-26,2673,-0.037397157816010385,2656.4285714285716,2641.9666666666667,0.7673495677944137,False,2015,9,1482,26.0,2674.0,2647.0,2632.0,31.033333333333303,2594.1111111111113
2015-09-27,2673,0.0,2660.1428571428573,2642.3,0.7374361108069052,False,2015,9,1482,26.0,2673.0,2647.0,2663.0,30.699999999999818,2594.133333333333
2015-09-28,2650,-0.8604564160119677,2662.0,2641.866666666667,0.7545784535561059,False,2015,9,1482,13.0,2673.0,2637.0,2663.0,8.133333333333212,2594.1
2015-09-29,2626,-0.9056603773584859,2662.8571428571427,2640.633333333333,0.7719340184374285,False,2015,9,1482,6.0,2650.0,2620.0,2663.0,-14.633333333333212,2593.8888888888887
2015-09-30,2587,-1.4851485148514865,2654.285714285714,2637.866666666667,0.8128778134894797,True,2015,9,1482,-60.0,2626.0,2647.0,2670.0,-50.86666666666679,2593.511111111111
2015-10-01,2578,-0.34789331271742885,2637.285714285714,2634.3333333333335,0.8052650322920549,False,2015,10,1482,-119.0,2587.0,2697.0,2684.0,-56.333333333333485,2592.9333333333334
2015-10-02,2580,0.07757951900697613,2623.8571428571427,2631.5,0.7986060513393218,False,2015,10,1482,-94.0,2578.0,2674.0,2665.0,-51.5,2592.3333333333335
2015-10-03,2580,0.0,2610.5714285714284,2629.6,0.7784855815144089,False,2015,10,1482,-93.0,2580.0,2673.0,2637.0,-49.59999999999991,2591.733333333333
2015-10-04,2580,0.0,2597.285714285714,2627.1,0.7656026677611335,False,2015,10,1482,-93.0,2580.0,2673.0,2655.0,-47.09999999999991,2591.133333333333
2015-10-05,2634,2.0930232558139528,2595.0,2626.4333333333334,0.8634546206107448,True,2015,10,1482,-16.0,2580.0,2650.0,2654.0,7.566666666666606,2591.4666666666667
2015-10-06,2662,1.0630220197418438,2600.1428571428573,2626.7,0.8858928169675753,False,2015,10,1482,36.0,2634.0,2626.0,2654.0,35.30000000000018,2591.911111111111
2015-10-07,2647,-0.5634861006761804,2608.714285714286,2626.5666666666666,0.8919138117032528,False,2015,10,1482,60.0,2662.0,2587.0,2651.0,20.433333333333394,2592.3444444444444
2015-10-08,2643,-0.1511144692104227,2618.0,2626.5,0.891364697966465,False,2015,10,1482,65.0,2647.0,2578.0,2645.0,16.5,2592.766666666667
2015-10-09,2662,0.7188800605372636,2629.714285714286,2628.5333333333333,0.842727203921182,False,2015,10,1482,82.0,2643.0,2580.0,2601.0,33.4666666666667,2593.3888888888887
2015-10-10,2662,0.0,2641.4285714285716,2630.1,0.8383687988869105,False,2015,10,1482,82.0,2662.0,2580.0,2615.0,31.90000000000009,2594.011111111111
2015-10-11,2662,0.0,2653.1428571428573,2632.1666666666665,0.8298521753832041,False,2015,10,1482,82.0,2662.0,2580.0,2600.0,29.833333333333485,2594.677777777778
2015-10-12,2685,0.8640120210368085,2660.4285714285716,2635.133333333333,0.8406191640288088,False,2015,10,1482,51.0,2662.0,2634.0,2596.0,49.86666666666679,2595.688888888889
2015-10-13,2698,0.4841713221601429,2665.5714285714284,2638.5333333333333,0.842963260727383,False,2015,10,1482,36.0,2685.0,2662.0,2596.0,59.4666666666667,2596.9666666666667
2015-10-14,2716,0.6671608598962209,2675.4285714285716,2642.1666666666665,0.8470304629597964,False,2015,10,1482,69.0,2698.0,2647.0,2607.0,73.83333333333348,2598.5222222222224
2015-10-15,2727,0.40500736377024893,2687.4285714285716,2646.4666666666667,0.843274855282285,False,2015,10,1482,84.0,2716.0,2643.0,2598.0,80.5333333333333,2600.4777777777776
2015-10-16,2714,-0.47671433810048125,2694.8571428571427,2649.1,0.8163930810652571,False,2015,10,1482,52.0,2727.0,2662.0,2635.0,64.90000000000009,2602.311111111111
2015-10-17,2715,0.03684598378776993,2702.4285714285716,2652.3333333333335,0.8042837466393493,False,2015,10,1482,53.0,2714.0,2662.0,2618.0,62.666666666666515,2604.1555555555556
2015-10-18,2715,0.0,2710.0,2654.6,0.7827249451220674,False,2015,10,1482,53.0,2715.0,2662.0,2647.0,60.40000000000009,2606.5
2015-10-19,2701,-0.515653775322289,2712.285714285714,2656.4,0.790338262702717,False,2015,10,1482,16.0,2715.0,2685.0,2647.0,44.59999999999991,2608.8
2015-10-20,2712,0.4072565716401355,2714.285714285714,2658.5666666666666,0.7925827257921312,False,2015,10,1482,14.0,2701.0,2698.0,2647.0,53.433333333333394,2611.511111111111
2015-10-21,2696,-0.5899705014749235,2711.4285714285716,2660.5333333333333,0.7977746984307517,False,2015,10,1482,-20.0,2712.0,2716.0,2637.0,35.4666666666667,2613.9333333333334
2015-10-22,2686,-0.37091988130564246,2705.5714285714284,2662.733333333333,0.7907721299069159,False,2015,10,1482,-41.0,2696.0,2727.0,2620.0,23.26666666666688,2616.3333333333335
2015-10-23,2681,-0.18615040953090523,2700.8571428571427,2663.866666666667,0.7716263353987213,False,2015,10,1482,-33.0,2686.0,2714.0,2647.0,17.133333333333212,2618.5777777777776
2015-10-24,2682,0.0372995151062927,2696.1428571428573,2663.366666666667,0.6886781095273262,False,2015,10,1482,-33.0,2681.0,2715.0,2697.0,18.633333333333212,2620.8333333333335
2015-10-25,2682,0.0,2691.4285714285716,2663.633333333333,0.670315079250893,False,2015,10,1482,-33.0,2682.0,2715.0,2674.0,18.366666666666788,2622.9777777777776
2015-10-26,2689,0.26099925428784143,2689.714285714286,2664.1666666666665,0.671767250441499,False,2015,10,1482,-12.0,2682.0,2701.0,2673.0,24.833333333333485,2625.3555555555554
2015-10-27,2682,-0.2603198214949809,2685.4285714285716,2664.4666666666667,0.6737405566009039,False,2015,10,1482,-30.0,2689.0,2712.0,2673.0,17.533333333333303,2627.688888888889
2015-10-28,2714,1.1931394481730084,2688.0,2666.6,0.6861054566884626,True,2015,10,1482,18.0,2682.0,2696.0,2650.0,47.40000000000009,2630.3444444444444
2015-10-29,2672,-1.547531319086215,2686.0,2668.133333333333,0.7267653405562271,True,2015,10,1482,-14.0,2714.0,2686.0,2626.0,3.866666666666788,2632.511111111111
2015-10-30,2652,-0.7485029940119792,2681.8571428571427,2670.3,0.6839260436217475,False,2015,10,1482,-29.0,2672.0,2681.0,2587.0,-18.300000000000182,2634.366666666667
2015-10-31,2649,-0.11312217194570096,2677.1428571428573,2672.6666666666665,0.6801345326078919,False,2015,10,1482,-33.0,2652.0,2682.0,2578.0,-23.666666666666515,2636.188888888889
2015-11-01,2649,0.0,2672.4285714285716,2674.9666666666667,0.6803419718786132,False,2015,11,1482,-33.0,2649.0,2682.0,2580.0,-25.966666666666697,2638.1444444444446
2015-11-02,2648,-0.03775009437523291,2666.5714285714284,2677.233333333333,0.6805495193049964,False,2015,11,1482,-41.0,2649.0,2689.0,2580.0,-29.23333333333312,2640.1444444444446
2015-11-03,2619,-1.0951661631419918,2657.5714285714284,2678.5333333333333,0.7140366101013812,False,2015,11,1482,-63.0,2648.0,2682.0,2580.0,-59.5333333333333,2641.788888888889
2015-11-04,2593,-0.99274532264223,2640.285714285714,2677.1666666666665,0.6268939201167371,False,2015,11,1482,-121.0,2619.0,2714.0,2634.0,-84.16666666666652,2643.0222222222224
2015-11-05,2584,-0.34708831469340007,2627.714285714286,2674.5666666666666,0.5924519315197186,False,2015,11,1482,-88.0,2593.0,2672.0,2662.0,-90.5666666666666,2644.0777777777776
2015-11-06,2552,-1.2383900928792602,2613.4285714285716,2671.4,0.6227979843955479,True,2015,11,1482,-100.0,2584.0,2652.0,2647.0,-119.40000000000009,2644.777777777778
2015-11-07,2553,0.03918495297805524,2599.714285714286,2668.4,0.6234376631337222,False,2015,11,1482,-96.0,2552.0,2649.0,2643.0,-115.40000000000009,2645.488888888889
2015-11-08,2553,0.0,2586.0,2664.766666666667,0.6038471289128013,False,2015,11,1482,-96.0,2553.0,2649.0,2662.0,-111.76666666666688,2645.9444444444443
2015-11-09,2565,0.4700352526439522,2574.1428571428573,2661.5333333333333,0.6135576318565704,False,2015,11,1482,-83.0,2553.0,2648.0,2662.0,-96.5333333333333,2646.2
2015-11-10,2564,-0.03898635477582735,2566.285714285714,2658.266666666667,0.6133319370148428,False,2015,11,1482,-55.0,2565.0,2619.0,2662.0,-94.26666666666688,2645.811111111111
2015-11-11,2547,-0.6630265210608388,2559.714285714286,2653.6666666666665,0.5915618323960863,False,2015,11,1482,-46.0,2564.0,2593.0,2685.0,-106.66666666666652,2645.311111111111
2015-11-12,2541,-0.2355712603062443,2553.5714285714284,2648.4333333333334,0.5783956867513228,False,2015,11,1482,-43.0,2547.0,2584.0,2698.0,-107.4333333333334,2644.8888888888887
2015-11-13,2540,-0.0393545848091259,2551.8571428571427,2642.5666666666666,0.5558993880665234,False,2015,11,1482,-12.0,2541.0,2552.0,2716.0,-102.5666666666666,2644.4777777777776
2015-11-14,2537,-0.11811023622047001,2549.5714285714284,2636.233333333333,0.5436365235532832,False,2015,11,1482,-16.0,2540.0,2553.0,2727.0,-99.23333333333312,2644.0333333333333
2015-11-15,2537,0.0,2547.285714285714,2630.3333333333335,0.5434159850172465,False,2015,11,1482,-16.0,2537.0,2553.0,2714.0,-93.33333333333348,2643.3
2015-11-16,2556,0.7489160425699692,2546.0,2625.0333333333333,0.5700604109464703,False,2015,11,1482,-9.0,2537.0,2565.0,2715.0,-69.0333333333333,2642.822222222222
2015-11-17,2531,-0.9780907668231587,2541.285714285714,2618.9,0.5860104227058106,False,2015,11,1482,-33.0,2556.0,2564.0,2715.0,-87.90000000000009,2641.866666666667
2015-11-18,2506,-0.9877518767285709,2535.4285714285716,2612.4,0.6000609865111677,False,2015,11,1482,-41.0,2531.0,2547.0,2701.0,-106.40000000000009,2639.8777777777777
2015-11-19,2512,0.23942537909018569,2531.285714285714,2605.733333333333,0.5945006169411838,False,2015,11,1482,-29.0,2506.0,2541.0,2712.0,-93.73333333333312,2637.4777777777776
2015-11-20,2537,0.9952229299363013,2530.8571428571427,2600.4333333333334,0.6327623547580857,False,2015,11,1482,-3.0,2512.0,2540.0,2696.0,-63.433333333333394,2635.4222222222224
2015-11-21,2525,-0.4729996058336572,2529.1428571428573,2595.0666666666666,0.6339837883791122,False,2015,11,1482,-12.0,2537.0,2537.0,2686.0,-70.0666666666666,2633.233333333333
2015-11-22,2525,0.0,2527.4285714285716,2589.866666666667,0.6350733316365192,False,2015,11,1482,-12.0,2525.0,2537.0,2681.0,-64.86666666666679,2630.766666666667
2015-11-23,2524,-0.03960396039603964,2522.8571428571427,2584.6,0.6342468266063085,False,2015,11,1482,-32.0,2525.0,2556.0,2682.0,-60.59999999999991,2629.1111111111113
2015-11-24,2530,0.23771790808240212,2522.714285714286,2579.5333333333333,0.6383067390204641,False,2015,11,1482,-1.0,2524.0,2531.0,2682.0,-49.5333333333333,2627.9222222222224
2015-11-25,2519,-0.43478260869564966,2524.5714285714284,2573.866666666667,0.633892953164185,False,2015,11,1482,13.0,2530.0,2506.0,2689.0,-54.86666666666679,2626.6666666666665
2015-11-26,2528,0.35728463676061306,2526.8571428571427,2568.733333333333,0.6423598009676408,False,2015,11,1482,16.0,2519.0,2512.0,2682.0,-40.73333333333312,2625.1666666666665
2015-11-27,2521,-0.2768987341772111,2524.5714285714284,2562.3,0.586460169086038,False,2015,11,1482,-16.0,2528.0,2537.0,2714.0,-41.30000000000018,2623.588888888889
2015-11-28,2507,-0.5553351844506116,2522.0,2556.8,0.5362352124382307,False,2015,11,1482,-18.0,2521.0,2525.0,2672.0,-49.80000000000018,2621.8555555555554
2015-11-29,2507,0.0,2519.4285714285716,2551.9666666666667,0.5277018859672592,False,2015,11,1482,-18.0,2507.0,2525.0,2652.0,-44.9666666666667,2620.0444444444443
2015-11-30,2498,-0.35899481451934223,2515.714285714286,2546.9333333333334,0.5284414116542656,False,2015,11,1482,-26.0,2507.0,2524.0,2649.0,-48.933333333333394,2617.9777777777776
2015-12-01,2509,0.4403522818254624,2512.714285714286,2542.266666666667,0.5400078712739075,False,2015,12,1482,-21.0,2498.0,2530.0,2649.0,-33.26666666666688,2616.2444444444445
2015-12-02,2493,-0.6377042646472653,2509.0,2537.1,0.545660188038266,False,2015,12,1482,-26.0,2509.0,2519.0,2648.0,-44.09999999999991,2614.6444444444446
2015-12-03,2495,0.08022462896108973,2504.285714285714,2532.9666666666667,0.5207548828699569,False,2015,12,1482,-33.0,2493.0,2528.0,2619.0,-37.9666666666667,2612.866666666667
2015-12-04,2537,1.68336673346694,2506.5714285714284,2531.1,0.5968729481792042,True,2015,12,1482,16.0,2495.0,2521.0,2593.0,5.900000000000091,2611.5666666666666
2015-12-05,2572,1.3795821836815048,2515.8571428571427,2530.7,0.6502030640970929,True,2015,12,1482,65.0,2537.0,2507.0,2584.0,41.30000000000018,2610.6555555555556
2015-12-06,2572,0.0,2525.1428571428573,2531.366666666667,0.6076751656380722,False,2015,12,1482,65.0,2572.0,2507.0,2552.0,40.63333333333321,2609.777777777778
2015-12-07,2564,-0.3110419906687367,2534.5714285714284,2531.733333333333,0.6108050688921828,False,2015,12,1482,66.0,2572.0,2498.0,2553.0,32.26666666666688,2608.8777777777777
2015-12-08,2560,-0.15600624024960652,2541.8571428571427,2531.9666666666667,0.6116106863751004,False,2015,12,1482,51.0,2564.0,2509.0,2553.0,28.033333333333303,2608.4222222222224
2015-12-09,2564,0.15624999999999112,2552.0,2531.9333333333334,0.6061472138190996,False,2015,12,1482,71.0,2560.0,2493.0,2565.0,32.066666666666606,2607.8555555555554
2015-12-10,2547,-0.6630265210608388,2559.4285714285716,2531.366666666667,0.6181370281369205,False,2015,12,1482,52.0,2564.0,2495.0,2564.0,15.633333333333212,2607.266666666667
2015-12-11,2533,-0.5496662740478997,2558.8571428571427,2530.9,0.6144079945423135,False,2015,12,1482,-4.0,2547.0,2537.0,2547.0,2.099999999999909,2606.5666666666666
2015-12-12,2567,1.342281879194629,2558.1428571428573,2531.766666666667,0.6607961462650385,True,2015,12,1482,-5.0,2533.0,2572.0,2541.0,35.23333333333312,2606.2444444444445
2015-12-13,2567,0.0,2557.4285714285716,2532.6666666666665,0.66068036048853,False,2015,12,1482,-5.0,2567.0,2572.0,2540.0,34.333333333333485,2605.8
2015-12-14,2552,-0.5843396961433545,2555.714285714286,2533.1666666666665,0.6698827900394916,False,2015,12,1482,-12.0,2567.0,2564.0,2537.0,18.833333333333485,2605.288888888889
2015-12-15,2530,-0.8620689655172376,2551.4285714285716,2532.9333333333334,0.6890659492135585,False,2015,12,1482,-30.0,2552.0,2560.0,2537.0,-2.933333333333394,2604.1222222222223
2015-12-16,2540,0.39525691699604515,2548.0,2532.4,0.6786353327236536,False,2015,12,1482,-24.0,2530.0,2564.0,2556.0,7.599999999999909,2603.2555555555555
2015-12-17,2488,-2.0472440944881876,2539.5714285714284,2530.9666666666667,0.7545783112098763,True,2015,12,1482,-59.0,2540.0,2547.0,2531.0,-42.9666666666667,2601.488888888889
2015-12-18,2498,0.4019292604501512,2534.5714285714284,2530.7,0.7377702253292233,False,2015,12,1482,-35.0,2488.0,2533.0,2506.0,-32.69999999999982,2599.8333333333335
2015-12-19,2509,0.4403522818254624,2526.285714285714,2530.6,0.7409990447647576,False,2015,12,1482,-58.0,2498.0,2567.0,2512.0,-21.59999999999991,2598.3
2015-12-20,2509,0.0,2518.0,2529.6666666666665,0.7167257188628648,False,2015,12,1482,-58.0,2509.0,2567.0,2537.0,-20.666666666666515,2596.8777777777777
2015-12-21,2526,0.6775607811877249,2514.285714285714,2529.7,0.7232066532116077,False,2015,12,1482,-26.0,2509.0,2552.0,2525.0,-3.699999999999818,2595.8333333333335
2015-12-22,2532,0.23752969121140222,2514.5714285714284,2529.9333333333334,0.7244622163390598,False,2015,12,1482,2.0,2526.0,2530.0,2525.0,2.066666666666606,2594.5555555555557
2015-12-23,2516,-0.6319115323854652,2511.1428571428573,2529.6666666666665,0.7339197324626283,False,2015,12,1482,-24.0,2532.0,2540.0,2524.0,-13.666666666666515,2592.5444444444443
2015-12-24,2515,-0.03974562798092496,2515.0,2529.1666666666665,0.7324635731217448,False,2015,12,1482,27.0,2516.0,2488.0,2530.0,-14.166666666666515,2590.777777777778
2015-12-25,2522,0.2783300198807126,2518.4285714285716,2529.266666666667,0.7300125948541762,False,2015,12,1482,24.0,2515.0,2498.0,2519.0,-7.266666666666879,2589.1
2015-12-26,2522,0.0,2520.285714285714,2529.0666666666666,0.7270014457210087,False,2015,12,1482,13.0,2522.0,2509.0,2528.0,-7.066666666666606,2587.4222222222224
2015-12-27,2522,0.0,2522.1428571428573,2529.1,0.7251906938308301,False,2015,12,1482,13.0,2522.0,2509.0,2521.0,-7.099999999999909,2586.0
2015-12-28,2515,-0.2775574940523384,2520.5714285714284,2529.366666666667,0.7195560612374821,False,2015,12,1482,-11.0,2522.0,2526.0,2507.0,-14.366666666666788,2584.766666666667
2015-12-29,2521,0.23856858846917905,2519.0,2529.8333333333335,0.7207233641830856,False,2015,12,1482,-11.0,2515.0,2532.0,2507.0,-8.833333333333485,2584.0333333333333
2015-12-30,2502,-0.7536691788972649,2517.0,2529.9666666666667,0.7314229591360775,False,2015,12,1482,-14.0,2521.0,2516.0,2498.0,-27.966666666666697,2583.188888888889
2015-12-31,2495,-0.27977617905675656,2514.1428571428573,2529.5,0.7285529402921538,False,2015,12,1482,-20.0,2502.0,2515.0,2509.0,-34.5,2582.2444444444445
2016-01-01,2497,0.08016032064128709,2510.5714285714284,2529.633333333333,0.7191605744862027,False,2016,1,1482,-25.0,2495.0,2522.0,2493.0,-32.63333333333321,2581.322222222222
2016-01-02,2497,0.0,2507.0,2529.7,0.719031296836029,False,2016,1,1482,-25.0,2497.0,2522.0,2495.0,-32.69999999999982,2580.4
2016-01-03,2497,0.0,2503.4285714285716,2528.366666666667,0.6454723167144034,False,2016,1,1482,-25.0,2497.0,2522.0,2537.0,-31.366666666666788,2578.8777777777777
2016-01-04,2540,1.7220664797757301,2507.0,2527.3,0.6740421155260375,True,2016,1,1482,25.0,2497.0,2515.0,2572.0,12.699999999999818,2577.5222222222224
2016-01-05,2537,-0.11811023622047001,2509.285714285714,2526.133333333333,0.6741482162314499,False,2016,1,1482,16.0,2540.0,2521.0,2572.0,10.866666666666788,2576.3
2016-01-06,2570,1.3007489160425711,2519.0,2526.3333333333335,0.7150719493825335,True,2016,1,1482,68.0,2537.0,2502.0,2564.0,43.666666666666515,2575.488888888889
2016-01-07,2607,1.4396887159533023,2535.0,2527.9,0.7602006111105469,True,2016,1,1482,112.0,2570.0,2495.0,2560.0,79.09999999999991,2574.8777777777777
2016-01-08,2590,-0.6520905255082421,2548.285714285714,2528.766666666667,0.7710462182838874,False,2016,1,1482,93.0,2607.0,2497.0,2564.0,61.23333333333312,2574.0777777777776
2016-01-09,2598,0.3088803088802994,2562.714285714286,2530.4666666666667,0.760993122295596,False,2016,1,1482,101.0,2590.0,2497.0,2547.0,67.5333333333333,2573.366666666667
2016-01-10,2598,0.0,2577.1428571428573,2532.633333333333,0.7521521058168257,False,2016,1,1482,101.0,2598.0,2497.0,2533.0,65.36666666666679,2572.4
2016-01-11,2594,-0.15396458814472824,2584.8571428571427,2533.5333333333333,0.7147374605924682,False,2016,1,1482,54.0,2598.0,2540.0,2567.0,60.4666666666667,2571.2444444444445
2016-01-12,2570,-0.9252120277563614,2589.5714285714284,2533.633333333333,0.7360482092203229,False,2016,1,1482,33.0,2594.0,2537.0,2567.0,36.36666666666679,2569.6222222222223
2016-01-13,2556,-0.5447470817120603,2587.5714285714284,2533.766666666667,0.7349869940205506,False,2016,1,1482,-14.0,2570.0,2570.0,2552.0,22.23333333333312,2567.722222222222
2016-01-14,2587,1.2128325508607096,2584.714285714286,2535.6666666666665,0.7478188962810635,True,2016,1,1482,-20.0,2556.0,2607.0,2530.0,51.333333333333485,2566.311111111111
2016-01-15,2609,0.8504058755315125,2587.4285714285716,2537.9666666666667,0.7590313139812516,False,2016,1,1482,19.0,2587.0,2590.0,2540.0,71.0333333333333,2565.133333333333
2016-01-16,2612,0.1149865848984355,2589.4285714285716,2542.1,0.6426058173015959,False,2016,1,1482,14.0,2609.0,2598.0,2488.0,69.90000000000009,2563.988888888889
2016-01-17,2612,0.0,2591.4285714285716,2545.9,0.6416686233387572,False,2016,1,1482,14.0,2612.0,2598.0,2498.0,66.09999999999991,2563.0
2016-01-18,2604,-0.3062787136294043,2592.8571428571427,2549.0666666666666,0.6445256094477069,False,2016,1,1482,10.0,2612.0,2594.0,2509.0,54.933333333333394,2561.8
2016-01-19,2597,-0.26881720430107503,2596.714285714286,2552.0,0.6481952948791693,False,2016,1,1482,27.0,2604.0,2570.0,2509.0,45.0,2560.7
2016-01-20,2637,1.5402387370042403,2608.285714285714,2555.7,0.6916032614031301,True,2016,1,1482,81.0,2597.0,2556.0,2526.0,81.30000000000018,2560.1555555555556
2016-01-21,2626,-0.4171406901782304,2613.8571428571427,2558.8333333333335,0.6988975431699419,False,2016,1,1482,39.0,2637.0,2587.0,2532.0,67.16666666666652,2559.5444444444443
2016-01-22,2611,-0.5712109672505683,2614.1428571428573,2562.0,0.6967183490664867,False,2016,1,1482,2.0,2626.0,2609.0,2516.0,49.0,2558.7555555555555
2016-01-23,2615,0.15319800842588105,2614.5714285714284,2565.3333333333335,0.6960262249999573,False,2016,1,1482,3.0,2611.0,2612.0,2515.0,49.666666666666515,2558.011111111111
2016-01-24,2615,0.0,2615.0,2568.4333333333334,0.695868742324321,False,2016,1,1482,3.0,2615.0,2612.0,2522.0,46.566666666666606,2557.188888888889
2016-01-25,2636,0.8030592734225683,2619.5714285714284,2572.233333333333,0.7063370634424725,False,2016,1,1482,32.0,2615.0,2604.0,2522.0,63.76666666666688,2556.677777777778
2016-01-26,2637,0.03793626707131459,2625.285714285714,2576.0666666666666,0.7060934083200497,False,2016,1,1482,40.0,2636.0,2597.0,2522.0,60.933333333333394,2555.822222222222
2016-01-27,2673,1.3651877133105783,2630.4285714285716,2581.3333333333335,0.7348151582026049,True,2016,1,1482,36.0,2637.0,2637.0,2515.0,91.66666666666652,2555.8333333333335
2016-01-28,2668,-0.18705574261129732,2636.4285714285716,2586.233333333333,0.7382634085723405,False,2016,1,1482,42.0,2673.0,2626.0,2521.0,81.76666666666688,2556.011111111111
2016-01-29,2657,-0.41229385307346433,2643.0,2591.4,0.7257136052072057,False,2016,1,1482,46.0,2668.0,2611.0,2502.0,65.59999999999991,2556.1
2016-01-30,2665,0.30109145652992275,2650.1428571428573,2597.0666666666666,0.7201136119734167,False,2016,1,1482,50.0,2657.0,2615.0,2495.0,67.9333333333334,2556.277777777778
2016-01-31,2665,0.0,2657.285714285714,2602.6666666666665,0.720808181216081,False,2016,1,1482,50.0,2665.0,2615.0,2497.0,62.333333333333485,2556.4666666666667
2016-02-01,2669,0.15009380863040267,2662.0,2608.4,0.7197502099040883,False,2016,2,1482,33.0,2665.0,2636.0,2497.0,60.59999999999991,2557.0222222222224
2016-02-02,2684,0.5620082427875595,2668.714285714286,2614.633333333333,0.7210106767897237,False,2016,2,1482,47.0,2669.0,2637.0,2497.0,69.36666666666679,2558.0333333333333
2016-02-03,2691,0.2608047690014992,2671.285714285714,2619.6666666666665,0.6648528161858525,False,2016,2,1482,18.0,2684.0,2673.0,2540.0,71.33333333333348,2559.222222222222
2016-02-04,2734,1.5979189892233459,2680.714285714286,2626.233333333333,0.7093341432496528,True,2016,2,1482,66.0,2691.0,2668.0,2537.0,107.76666666666688,2561.2444444444445
2016-02-05,2729,-0.1828822238478467,2691.0,2631.5333333333333,0.6849967450213923,False,2016,2,1482,72.0,2734.0,2657.0,2570.0,97.4666666666667,2563.2
2016-02-06,2754,0.9160864785635825,2703.714285714286,2636.4333333333334,0.6585481404757348,False,2016,2,1482,89.0,2729.0,2665.0,2607.0,117.5666666666666,2565.4333333333334
2016-02-07,2754,0.0,2716.4285714285716,2641.9,0.6404761798313402,False,2016,2,1482,89.0,2754.0,2665.0,2590.0,112.09999999999991,2567.5333333333333
2016-02-08,2803,1.7792302106027558,2735.5714285714284,2648.733333333333,0.7018700165255244,True,2016,2,1482,134.0,2754.0,2669.0,2598.0,154.26666666666688,2570.188888888889
2016-02-09,2827,0.8562254727078056,2756.0,2656.366666666667,0.7084850166021718,False,2016,2,1482,143.0,2803.0,2684.0,2598.0,170.6333333333332,2573.3
2016-02-10,2812,-0.5305978068623984,2773.285714285714,2663.633333333333,0.7197677196809641,False,2016,2,1482,121.0,2827.0,2691.0,2594.0,148.3666666666668,2576.311111111111
2016-02-11,2951,4.9431009957325855,2804.285714285714,2676.3333333333335,1.0869729496510836,True,2016,2,1482,217.0,2812.0,2734.0,2570.0,274.6666666666665,2580.8777777777777
2016-02-12,2954,0.10166045408335211,2836.4285714285716,2689.6,1.0725273358173129,False,2016,2,1482,225.0,2951.0,2729.0,2556.0,264.4000000000001,2585.511111111111
2016-02-13,2940,-0.4739336492891044,2863.0,2701.366666666667,1.0774743175521868,False,2016,2,1482,186.0,2954.0,2754.0,2587.0,238.6333333333332,2589.988888888889
2016-02-14,2940,0.0,2889.5714285714284,2712.4,1.0772944345066822,False,2016,2,1482,186.0,2940.0,2754.0,2609.0,227.5999999999999,2594.2555555555555
2016-02-15,2876,-2.17687074829932,2900.0,2721.2,1.17532888166551,True,2016,2,1482,73.0,2940.0,2803.0,2612.0,154.80000000000018,2598.088888888889
2016-02-16,2898,0.7649513212795611,2910.1428571428573,2730.733333333333,1.1762643988086874,False,2016,2,1482,71.0,2876.0,2827.0,2612.0,167.26666666666688,2602.4444444444443
2016-02-17,2883,-0.5175983436852993,2920.285714285714,2740.0333333333333,1.18097513759173,False,2016,2,1482,71.0,2898.0,2812.0,2604.0,142.9666666666667,2606.5666666666666
2016-02-18,2884,0.03468609087755592,2910.714285714286,2749.6,1.1768151129587157,False,2016,2,1482,-67.0,2883.0,2951.0,2597.0,134.4000000000001,2610.4222222222224
2016-02-19,2946,2.1497919556171974,2909.5714285714284,2759.9,1.2029285579211255,True,2016,2,1482,-8.0,2884.0,2954.0,2637.0,186.0999999999999,2615.1
2016-02-20,2950,0.13577732518670338,2911.0,2770.7,1.1945495294251367,False,2016,2,1482,10.0,2946.0,2940.0,2626.0,179.30000000000018,2619.822222222222
2016-02-21,2950,0.0,2912.4285714285716,2782.0,1.1831095694241183,False,2016,2,1482,10.0,2950.0,2940.0,2611.0,168.0,2624.5555555555557
2016-02-22,2893,-1.9322033898305113,2914.8571428571427,2791.266666666667,1.2578854472132166,True,2016,2,1482,17.0,2950.0,2876.0,2615.0,101.73333333333312,2628.588888888889
2016-02-23,2928,1.2098167991704045,2919.1428571428573,2801.7,1.2658158223707237,True,2016,2,1482,30.0,2893.0,2898.0,2615.0,126.30000000000018,2633.133333333333
2016-02-24,2969,1.4002732240437243,2931.4285714285716,2812.8,1.2772583781708342,True,2016,2,1482,86.0,2928.0,2883.0,2636.0,156.19999999999982,2638.0333333333333
2016-02-25,2966,-0.10104412260020235,2943.1428571428573,2823.766666666667,1.2788870524530391,False,2016,2,1482,82.0,2969.0,2884.0,2637.0,142.23333333333312,2642.9777777777776
2016-02-26,2945,-0.7080242751180021,2943.0,2832.8333333333335,1.2809726062933111,False,2016,2,1482,-1.0,2966.0,2946.0,2673.0,112.16666666666652,2647.8444444444444
2016-02-27,2933,-0.4074702886247894,2940.5714285714284,2841.6666666666665,1.284675361576499,False,2016,2,1482,-17.0,2945.0,2950.0,2668.0,91.33333333333348,2652.5777777777776
2016-02-28,2933,0.0,2938.1428571428573,2850.866666666667,1.2787183433616616,False,2016,2,1482,-17.0,2933.0,2950.0,2657.0,82.13333333333321,2657.411111111111
2016-02-29,2950,0.5796113194681318,2946.285714285714,2860.366666666667,1.2794537819905365,False,2016,2,1482,57.0,2933.0,2893.0,2665.0,89.63333333333321,2662.311111111111
2016-03-01,2954,0.1355932203389809,2950.0,2870.0,1.2784246182741763,False,2016,3,1482,26.0,2950.0,2928.0,2665.0,84.0,2667.4333333333334
2016-03-02,2920,-1.1509817197021044,2943.0,2878.366666666667,1.3072391266855834,True,2016,3,1482,-49.0,2954.0,2969.0,2669.0,41.63333333333321,2672.1555555555556
2016-03-03,2930,0.3424657534246478,2937.8571428571427,2886.5666666666666,1.3063835018498728,False,2016,3,1482,-36.0,2920.0,2966.0,2684.0,43.433333333333394,2676.5222222222224
2016-03-04,2968,1.2969283276450527,2941.1428571428573,2895.8,1.318923539448399,True,2016,3,1482,23.0,2930.0,2945.0,2691.0,72.19999999999982,2680.9222222222224
2016-03-05,2975,0.2358490566037652,2947.1428571428573,2903.8333333333335,1.2972302225863042,False,2016,3,1482,42.0,2968.0,2933.0,2734.0,71.16666666666652,2685.4
2016-03-06,2975,0.0,2953.1428571428573,2912.0333333333333,1.2953596680412764,False,2016,3,1482,42.0,2975.0,2933.0,2729.0,62.9666666666667,2689.9666666666667
2016-03-07,2980,0.1680672268907557,2957.4285714285716,2919.5666666666666,1.2902033737361662,False,2016,3,1482,30.0,2975.0,2950.0,2754.0,60.433333333333394,2694.633333333333
2016-03-08,3000,0.6711409395973256,2964.0,2927.766666666667,1.291157429455263,False,2016,3,1482,46.0,2980.0,2954.0,2754.0,72.23333333333312,2699.4777777777776
2016-03-09,2954,-1.533333333333331,2968.8571428571427,2932.8,1.3013257621377508,True,2016,3,1482,34.0,3000.0,2920.0,2803.0,21.199999999999818,2704.0
2016-03-10,2925,-0.9817197020988488,2968.1428571428573,2936.0666666666666,1.3117667357960638,False,2016,3,1482,-5.0,2954.0,2930.0,2827.0,-11.066666666666606,2708.3555555555554
2016-03-11,2973,1.6410256410256396,2968.8571428571427,2941.4333333333334,1.3342461658254632,True,2016,3,1482,5.0,2925.0,2968.0,2812.0,31.566666666666606,2712.866666666667
2016-03-12,2949,-0.8072653884964698,2965.1428571428573,2941.366666666667,0.9995760935953,False,2016,3,1482,-26.0,2973.0,2975.0,2951.0,7.633333333333212,2717.1111111111113
2016-03-13,2949,0.0,2961.4285714285716,2941.2,0.9994008975486124,False,2016,3,1482,-26.0,2949.0,2975.0,2954.0,7.800000000000182,2721.5222222222224
2016-03-14,2950,0.03390979993218579,2957.1428571428573,2941.5333333333333,0.9954037606914793,False,2016,3,1482,-30.0,2949.0,2980.0,2940.0,8.466666666666697,2726.188888888889
2016-03-15,2903,-1.593220338983048,2943.285714285714,2940.3,1.0378876394064476,True,2016,3,1482,-97.0,2950.0,3000.0,2940.0,-37.30000000000018,2730.222222222222
2016-03-16,2895,-0.2755769893213911,2934.8571428571427,2940.9333333333334,0.9576635880104397,False,2016,3,1482,-59.0,2903.0,2954.0,2876.0,-45.933333333333394,2734.7444444444445
2016-03-17,2950,1.899827288428324,2938.4285714285716,2942.6666666666665,1.008888920994347,True,2016,3,1482,25.0,2895.0,2925.0,2898.0,7.333333333333485,2739.766666666667
2016-03-18,2905,-1.5254237288135575,2928.714285714286,2943.4,1.045061092429466,True,2016,3,1482,-68.0,2950.0,2973.0,2883.0,-38.40000000000009,2744.1666666666665
2016-03-19,2914,0.3098106712564608,2923.714285714286,2944.4,1.0463044576008573,False,2016,3,1482,-35.0,2905.0,2949.0,2884.0,-30.40000000000009,2748.6666666666665
2016-03-20,2914,0.0,2918.714285714286,2943.3333333333335,0.9674575333842971,False,2016,3,1482,-35.0,2914.0,2949.0,2946.0,-29.333333333333485,2752.9777777777776
2016-03-21,2895,-0.6520247083047326,2910.8571428571427,2941.5,0.9734234519556788,False,2016,3,1482,-55.0,2914.0,2950.0,2950.0,-46.5,2757.011111111111
2016-03-22,2905,0.3454231433505983,2911.1428571428573,2940.0,0.9761738057949101,False,2016,3,1482,2.0,2895.0,2903.0,2950.0,-35.0,2761.3333333333335
2016-03-23,2853,-1.7900172117039537,2905.1428571428573,2938.6666666666665,0.9670053021887407,True,2016,3,1482,-42.0,2905.0,2895.0,2893.0,-85.66666666666652,2765.088888888889
2016-03-24,2859,0.2103049421661396,2892.1428571428573,2936.366666666667,0.9392115669003362,False,2016,3,1482,-91.0,2853.0,2950.0,2928.0,-77.36666666666679,2768.8333333333335
2016-03-25,2859,0.0,2885.5714285714284,2932.7,0.8972125347279986,False,2016,3,1482,-46.0,2859.0,2905.0,2969.0,-73.69999999999982,2772.5777777777776
2016-03-26,2860,0.034977264777902306,2877.8571428571427,2929.1666666666665,0.8976649913674978,False,2016,3,1482,-54.0,2859.0,2914.0,2966.0,-69.16666666666652,2776.3333333333335
2016-03-27,2860,0.0,2870.1428571428573,2926.3333333333335,0.8908813507382872,False,2016,3,1482,-54.0,2860.0,2914.0,2945.0,-66.33333333333348,2780.1666666666665
2016-03-28,2845,-0.5244755244755206,2863.0,2923.4,0.892556744031967,False,2016,3,1482,-50.0,2860.0,2895.0,2933.0,-78.40000000000009,2783.766666666667
2016-03-29,2870,0.8787346221441172,2858.0,2921.3,0.910117418707325,False,2016,3,1482,-35.0,2845.0,2905.0,2933.0,-51.30000000000018,2787.8555555555554
2016-03-30,2859,-0.3832752613240453,2858.8571428571427,2918.266666666667,0.9034326334196795,False,2016,3,1482,6.0,2870.0,2853.0,2950.0,-59.26666666666688,2791.9
2016-03-31,2855,-0.13990905911157592,2858.285714285714,2914.9666666666667,0.9023501923104477,False,2016,3,1482,-4.0,2859.0,2859.0,2954.0,-59.9666666666667,2795.8777777777777
2016-04-01,2800,-1.9264448336252182,2849.8571428571427,2910.9666666666667,0.9433835931511634,True,2016,4,1482,-59.0,2855.0,2859.0,2920.0,-110.9666666666667,2799.2444444444445
2016-04-02,2804,0.14285714285713347,2841.8571428571427,2906.766666666667,0.9405962743732917,False,2016,4,1482,-56.0,2800.0,2860.0,2930.0,-102.76666666666688,2802.6555555555556
2016-04-03,2804,0.0,2833.8571428571427,2901.3,0.9011519423167924,False,2016,4,1482,-56.0,2804.0,2860.0,2968.0,-97.30000000000018,2805.588888888889
2016-04-04,2820,0.5706134094151105,2830.285714285714,2896.133333333333,0.9085895111871419,False,2016,4,1482,-25.0,2804.0,2845.0,2975.0,-76.13333333333321,2808.733333333333
2016-04-05,2866,1.6312056737588732,2829.714285714286,2892.5,0.9663468544495014,True,2016,4,1482,-4.0,2820.0,2870.0,2975.0,-26.5,2812.0222222222224
2016-04-06,2866,0.0,2830.714285714286,2888.7,0.965106661319405,False,2016,4,1482,7.0,2866.0,2859.0,2980.0,-22.699999999999818,2814.9
2016-04-07,2905,1.3607815771109477,2837.8571428571427,2885.5333333333333,0.9925574635742684,True,2016,4,1482,50.0,2866.0,2855.0,3000.0,19.466666666666697,2818.4
2016-04-08,2897,-0.2753872633390664,2851.714285714286,2883.633333333333,0.9559189097817767,False,2016,4,1482,97.0,2905.0,2800.0,2954.0,13.366666666666788,2821.722222222222
2016-04-09,2913,0.5522954780807776,2867.285714285714,2883.233333333333,0.9459187809760253,False,2016,4,1482,109.0,2897.0,2804.0,2925.0,29.76666666666688,2825.222222222222
2016-04-10,2913,0.0,2882.8571428571427,2881.233333333333,0.8931657678285715,False,2016,4,1482,109.0,2913.0,2804.0,2973.0,31.76666666666688,2828.766666666667
2016-04-11,2935,0.7552351527634782,2899.285714285714,2880.766666666667,0.8938905189354653,False,2016,4,1482,115.0,2913.0,2820.0,2949.0,54.23333333333312,2832.822222222222
2016-04-12,2928,-0.2385008517887588,2908.1428571428573,2880.0666666666666,0.8948402593065157,False,2016,4,1482,62.0,2935.0,2866.0,2949.0,47.933333333333394,2836.9555555555557
2016-04-13,2922,-0.2049180327868827,2916.1428571428573,2879.133333333333,0.8954068255437506,False,2016,4,1482,56.0,2928.0,2866.0,2950.0,42.86666666666679,2840.677777777778
2016-04-14,2920,-0.0684462696783017,2918.285714285714,2879.7,0.8453682610270989,False,2016,4,1482,15.0,2922.0,2905.0,2903.0,40.30000000000018,2844.133333333333
2016-04-15,2888,-1.0958904109588996,2917.0,2879.4666666666667,0.8683116170030732,True,2016,4,1482,-9.0,2920.0,2897.0,2895.0,8.533333333333303,2847.2
2016-04-16,2896,0.27700831024930483,2914.5714285714284,2877.6666666666665,0.7928612794297927,False,2016,4,1482,-17.0,2888.0,2913.0,2950.0,18.333333333333485,2850.3555555555554
2016-04-17,2896,0.0,2912.1428571428573,2877.366666666667,0.7428807328932668,False,2016,4,1482,-17.0,2896.0,2913.0,2905.0,18.633333333333212,2853.6
2016-04-18,2906,0.34530386740332375,2908.0,2877.1,0.7434318409238934,False,2016,4,1482,-29.0,2896.0,2935.0,2914.0,28.90000000000009,2857.0333333333333
2016-04-19,2931,0.8602890571231869,2908.4285714285716,2877.6666666666665,0.7600957606793586,False,2016,4,1482,3.0,2906.0,2928.0,2914.0,53.333333333333485,2860.3
2016-04-20,2937,0.20470829068577334,2910.5714285714284,2879.0666666666666,0.7499172407745773,False,2016,4,1482,15.0,2931.0,2922.0,2895.0,57.933333333333394,2863.7555555555555
2016-04-21,2938,0.03404834865508022,2913.1428571428573,2880.1666666666665,0.747850125388241,False,2016,4,1482,18.0,2937.0,2920.0,2905.0,57.833333333333485,2867.3888888888887
2016-04-22,2931,-0.23825731790333426,2919.285714285714,2882.766666666667,0.6660787258046386,False,2016,4,1482,43.0,2938.0,2888.0,2853.0,48.23333333333312,2870.9
2016-04-23,2902,-0.9894234049812378,2920.1428571428573,2884.2,0.694160273269858,False,2016,4,1482,6.0,2931.0,2896.0,2859.0,17.800000000000182,2874.088888888889
2016-04-24,2902,0.0,2921.0,2885.633333333333,0.694160273269858,False,2016,4,1482,6.0,2902.0,2896.0,2859.0,16.366666666666788,2877.0444444444443
2016-04-25,2923,0.7236388697450025,2923.4285714285716,2887.733333333333,0.7048783918051035,False,2016,4,1482,17.0,2902.0,2906.0,2860.0,35.26666666666688,2880.222222222222
2016-04-26,2919,-0.13684570646596006,2921.714285714286,2889.7,0.7058230361585915,False,2016,4,1482,-12.0,2923.0,2931.0,2860.0,29.300000000000182,2882.9555555555557
2016-04-27,2932,0.44535799931484377,2921.0,2892.6,0.6998170245868062,False,2016,4,1482,-5.0,2919.0,2937.0,2845.0,39.40000000000009,2885.8888888888887
2016-04-28,2954,0.7503410641200636,2923.285714285714,2895.4,0.6952862034216697,False,2016,4,1482,16.0,2932.0,2938.0,2870.0,58.59999999999991,2889.188888888889
2016-04-29,3022,2.3019634394042088,2936.285714285714,2900.8333333333335,0.7965834295531949,True,2016,4,1482,91.0,2954.0,2931.0,2859.0,121.16666666666652,2893.1555555555556
2016-04-30,3027,0.16545334215751772,2954.1428571428573,2906.5666666666666,0.7941955889073933,False,2016,4,1482,125.0,3022.0,2902.0,2855.0,120.4333333333334,2897.177777777778
2016-05-01,3027,0.0,2972.0,2914.133333333333,0.6871476994826853,False,2016,5,1482,125.0,3027.0,2902.0,2800.0,112.86666666666679,2901.1555555555556
2016-05-02,3030,0.09910802775023875,2987.285714285714,2921.6666666666665,0.6874566071855156,False,2016,5,1482,107.0,3027.0,2923.0,2804.0,108.33333333333348,2905.0
2016-05-03,3021,-0.2970297029702973,3001.8571428571427,2928.9,0.693457852266074,False,2016,5,1482,102.0,3030.0,2919.0,2804.0,92.09999999999991,2908.6666666666665
2016-05-04,3001,-0.6620324395895438,3011.714285714286,2934.9333333333334,0.7101888120509244,False,2016,5,1482,69.0,3021.0,2932.0,2820.0,66.0666666666666,2911.633333333333
2016-05-05,2991,-0.3332222592469125,3017.0,2939.1,0.6636708139488998,False,2016,5,1482,37.0,3001.0,2954.0,2866.0,51.90000000000009,2914.5444444444443
2016-05-06,3039,1.6048144433299827,3019.4285714285716,2944.866666666667,0.7143610104112937,True,2016,5,1482,17.0,2991.0,3022.0,2866.0,94.13333333333321,2917.711111111111
2016-05-07,3038,-0.0329055610398199,3021.0,2949.3,0.6806585410224975,False,2016,5,1482,11.0,3039.0,3027.0,2905.0,88.69999999999982,2920.866666666667
2016-05-08,3038,0.0,3022.5714285714284,2954.0,0.6765466490386434,False,2016,5,1482,11.0,3038.0,3027.0,2897.0,84.0,2923.4777777777776
2016-05-09,2986,-1.7116524028966462,3016.285714285714,2956.4333333333334,0.7532783199916541,True,2016,5,1482,-44.0,3038.0,3030.0,2913.0,29.566666666666606,2925.2444444444445
2016-05-10,2967,-0.6363027461486981,3008.5714285714284,2958.233333333333,0.7646347055355509,False,2016,5,1482,-54.0,2986.0,3021.0,2913.0,8.766666666666879,2926.9666666666667
2016-05-11,3000,1.1122345803842304,3008.4285714285716,2960.4,0.7784161262203138,True,2016,5,1482,-1.0,2967.0,3001.0,2935.0,39.59999999999991,2927.511111111111
2016-05-12,2995,-0.16666666666667052,3009.0,2962.633333333333,0.7775254328827996,False,2016,5,1482,4.0,3000.0,2991.0,2928.0,32.36666666666679,2927.9666666666667
2016-05-13,2994,-0.03338898163606219,3002.5714285714284,2965.0333333333333,0.7759996939406557,False,2016,5,1482,-45.0,2995.0,3039.0,2922.0,28.966666666666697,2928.5666666666666
2016-05-14,3003,0.30060120240480437,2997.5714285714284,2967.8,0.7764235491777063,False,2016,5,1482,-35.0,2994.0,3038.0,2920.0,35.19999999999982,2929.266666666667
2016-05-15,3003,0.0,2992.5714285714284,2971.633333333333,0.7434757809975359,False,2016,5,1482,-35.0,3003.0,3038.0,2888.0,31.366666666666788,2930.677777777778
2016-05-16,3000,-0.09990009990009652,2994.5714285714284,2975.1,0.7441409727016882,False,2016,5,1482,14.0,3003.0,2986.0,2896.0,24.90000000000009,2931.811111111111
2016-05-17,3010,0.33333333333334103,3000.714285714286,2978.9,0.7447704526693804,False,2016,5,1482,43.0,3000.0,2967.0,2896.0,31.09999999999991,2933.222222222222
2016-05-18,2997,-0.4318936877076407,3000.285714285714,2981.9333333333334,0.7505698855626238,False,2016,5,1482,-3.0,3010.0,3000.0,2906.0,15.066666666666606,2934.4777777777776
2016-05-19,2969,-0.9342676009342687,2996.5714285714284,2983.2,0.7597986534983616,False,2016,5,1482,-26.0,2997.0,2995.0,2931.0,-14.199999999999818,2934.733333333333
2016-05-20,2973,0.1347254968002698,2993.5714285714284,2984.4,0.7594010405402076,False,2016,5,1482,-21.0,2969.0,2994.0,2937.0,-11.400000000000091,2934.988888888889
2016-05-21,2969,-0.1345442314160783,2988.714285714286,2985.4333333333334,0.7600960834286786,False,2016,5,1482,-34.0,2973.0,3003.0,2938.0,-16.433333333333394,2935.2
2016-05-22,2969,0.0,2983.8571428571427,2986.7,0.7583552231966119,False,2016,5,1482,-34.0,2969.0,3003.0,2931.0,-17.699999999999818,2936.0444444444443
2016-05-23,2965,-0.1347254968002698,2978.8571428571427,2988.8,0.7337826189653407,False,2016,5,1482,-35.0,2969.0,3000.0,2902.0,-23.800000000000182,2936.4555555555557
2016-05-24,2941,-0.8094435075885364,2969.0,2990.1,0.7512784908629602,False,2016,5,1482,-69.0,2965.0,3010.0,2902.0,-49.09999999999991,2936.1444444444446
2016-05-25,2891,-1.700102006120363,2953.8571428571427,2989.0333333333333,0.8044694221462363,True,2016,5,1482,-106.0,2941.0,2997.0,2923.0,-98.0333333333333,2935.311111111111
2016-05-26,2886,-0.17295053614666545,2942.0,2987.9333333333334,0.804656241843591,False,2016,5,1482,-83.0,2891.0,2969.0,2919.0,-101.9333333333334,2934.6555555555556
2016-05-27,2858,-0.970200970200974,2925.5714285714284,2985.4666666666667,0.8169411716830765,False,2016,5,1482,-115.0,2886.0,2973.0,2932.0,-127.4666666666667,2933.822222222222
2016-05-28,2860,0.06997900629810427,2910.0,2982.3333333333335,0.8023528060243231,False,2016,5,1482,-109.0,2858.0,2969.0,2954.0,-122.33333333333348,2933.011111111111
2016-05-29,2860,0.0,2894.4285714285716,2976.9333333333334,0.6620744270272351,False,2016,5,1482,-109.0,2860.0,2969.0,3022.0,-116.9333333333334,2932.011111111111
2016-05-30,2849,-0.38461538461538325,2877.8571428571427,2971.0,0.6597511203475322,False,2016,5,1482,-116.0,2860.0,2965.0,3027.0,-122.0,2930.8444444444444
2016-05-31,2865,0.5616005616005726,2867.0,2965.6,0.6734384688772134,False,2016,5,1482,-76.0,2849.0,2941.0,3027.0,-100.59999999999991,2930.233333333333
2016-06-01,2867,0.06980802792320162,2863.5714285714284,2960.1666666666665,0.6730393848146233,False,2016,6,1482,-24.0,2865.0,2891.0,3030.0,-93.16666666666652,2929.5333333333333
2016-06-02,2859,-0.2790373212417152,2859.714285714286,2954.766666666667,0.6729413180318176,False,2016,6,1482,-27.0,2867.0,2886.0,3021.0,-95.76666666666688,2928.322222222222
2016-06-03,2908,1.7138859741168133,2866.8571428571427,2951.6666666666665,0.7498364982858975,True,2016,6,1482,50.0,2859.0,2858.0,3001.0,-43.666666666666515,2927.5777777777776
2016-06-04,2939,1.0660247592847227,2878.1428571428573,2949.9333333333334,0.7779591930815831,False,2016,6,1482,79.0,2908.0,2860.0,2991.0,-10.933333333333394,2927.177777777778
2016-06-05,2939,0.0,2889.4285714285716,2946.6,0.7122552846929721,False,2016,6,1482,79.0,2939.0,2860.0,3039.0,-7.599999999999909,2926.722222222222
2016-06-06,2944,0.17012589316094395,2903.0,2943.4666666666667,0.7139659134136975,False,2016,6,1482,95.0,2939.0,2849.0,3038.0,0.533333333333303,2926.1
2016-06-07,2929,-0.5095108695652217,2912.1428571428573,2939.8333333333335,0.7175011651153328,False,2016,6,1482,64.0,2944.0,2865.0,3038.0,-10.833333333333485,2925.822222222222
2016-06-08,2967,1.2973711164219859,2926.4285714285716,2939.2,0.6972499837948515,True,2016,6,1482,100.0,2929.0,2867.0,2986.0,27.800000000000182,2926.288888888889
2016-06-09,2983,0.5392652510953777,2944.1428571428573,2939.733333333333,0.6943846948273953,False,2016,6,1482,124.0,2967.0,2859.0,2967.0,43.26666666666688,2926.4
2016-06-10,3007,0.8045591686221876,2958.285714285714,2939.9666666666667,0.6798197623032662,False,2016,6,1482,99.0,2983.0,2908.0,3000.0,67.0333333333333,2927.0444444444443
2016-06-11,3008,0.03325573661456804,2968.1428571428573,2940.4,0.6790076266482469,False,2016,6,1482,69.0,3007.0,2939.0,2995.0,67.59999999999991,2927.7
2016-06-12,3008,0.0,2978.0,2940.866666666667,0.6789501150720099,False,2016,6,1482,69.0,3008.0,2939.0,2994.0,67.13333333333321,2928.3444444444444
2016-06-13,3037,0.9640957446808596,2991.285714285714,2942.0,0.6989913540564077,False,2016,6,1482,93.0,3008.0,2944.0,3003.0,95.0,2929.8333333333335
2016-06-14,3054,0.5597629239380897,3009.1428571428573,2943.7,0.7053320439811328,False,2016,6,1482,125.0,3037.0,2929.0,3003.0,110.30000000000018,2931.6
2016-06-15,3036,-0.5893909626719096,3019.0,2944.9,0.7147230746003632,False,2016,6,1482,69.0,3054.0,2967.0,3000.0,91.09999999999991,2932.5555555555557
2016-06-16,3121,2.7997364953886716,3038.714285714286,2948.6,0.8735645953510213,True,2016,6,1482,138.0,3036.0,2983.0,3010.0,172.4000000000001,2934.9555555555557
2016-06-17,3049,-2.306952899711634,3044.714285714286,2950.3333333333335,0.9758346829182808,True,2016,6,1482,42.0,3121.0,3007.0,2997.0,98.66666666666652,2936.4555555555557
2016-06-18,3060,0.3607740242702606,3052.1428571428573,2953.366666666667,0.9587400554687285,False,2016,6,1482,52.0,3049.0,3008.0,2969.0,106.63333333333321,2938.0777777777776
2016-06-19,3060,0.0,3059.5714285714284,2956.266666666667,0.9589121006725688,False,2016,6,1482,52.0,3060.0,3008.0,2973.0,103.73333333333312,2939.911111111111
2016-06-20,3057,-0.09803921568627416,3062.4285714285716,2959.2,0.9586265052494902,False,2016,6,1482,20.0,3060.0,3037.0,2969.0,97.80000000000018,2941.6
2016-06-21,3031,-0.8505070330389275,3059.1428571428573,2961.266666666667,0.9741922244295013,False,2016,6,1482,-23.0,3057.0,3054.0,2969.0,69.73333333333312,2943.5777777777776
2016-06-22,3011,-0.6598482349059687,3055.5714285714284,2962.8,0.9827425749282358,False,2016,6,1482,-25.0,3031.0,3036.0,2965.0,48.19999999999982,2945.266666666667
2016-06-23,2996,-0.4981733643307895,3037.714285714286,2964.633333333333,0.974902284338106,False,2016,6,1482,-125.0,3011.0,3121.0,2941.0,31.366666666666788,2946.788888888889
2016-06-24,3129,4.439252336448596,3049.1428571428573,2972.5666666666666,1.207847363251956,True,2016,6,1482,80.0,2996.0,3049.0,2891.0,156.4333333333334,2949.777777777778
2016-06-25,3140,0.3515500159795515,3060.5714285714284,2981.0333333333333,1.2049921889064734,False,2016,6,1482,80.0,3129.0,3060.0,2886.0,158.9666666666667,2952.8888888888887
2016-06-26,3140,0.0,3072.0,2990.4333333333334,1.1828621293910417,False,2016,6,1482,80.0,3140.0,3060.0,2858.0,149.5666666666666,2956.1666666666665
2016-06-27,3159,0.6050955414012682,3086.5714285714284,3000.4,1.1829835866820766,False,2016,6,1482,102.0,3140.0,3057.0,2860.0,158.5999999999999,2959.3777777777777
2016-06-28,3129,-0.9496676163342821,3100.5714285714284,3009.366666666667,1.2048623936517273,False,2016,6,1482,98.0,3159.0,3031.0,2860.0,119.63333333333321,2962.3777777777777
2016-06-29,3133,0.12783636944710963,3118.0,3018.8333333333335,1.19833372929503,False,2016,6,1482,122.0,3129.0,3011.0,2849.0,114.16666666666652,2965.4666666666667
2016-06-30,3122,-0.3511011809766984,3136.0,3027.4,1.2036700050295974,False,2016,6,1482,126.0,3133.0,2996.0,2865.0,94.59999999999991,2969.0444444444443
2016-07-01,3149,0.8648302370275474,3138.8571428571427,3036.8,1.2073176361154803,False,2016,7,1482,20.0,3122.0,3129.0,2867.0,112.19999999999982,2972.8777777777777
2016-07-02,3146,-0.09526833915528554,3139.714285714286,3046.366666666667,1.2046357744047096,False,2016,7,1482,6.0,3149.0,3140.0,2859.0,99.63333333333321,2976.677777777778
2016-07-03,3146,0.0,3140.5714285714284,3054.3,1.1768812103327526,False,2016,7,1482,6.0,3146.0,3140.0,2908.0,91.69999999999982,2980.3
2016-07-04,3181,1.1125238397965642,3143.714285714286,3062.366666666667,1.17799696018673,True,2016,7,1482,22.0,3146.0,3159.0,2939.0,118.63333333333321,2983.8
2016-07-05,3169,-0.37723986167871315,3149.4285714285716,3070.0333333333333,1.1829892977472245,False,2016,7,1482,40.0,3181.0,3129.0,2939.0,98.9666666666667,2987.1666666666665
2016-07-06,3225,1.767118964973169,3162.5714285714284,3079.4,1.2144062041498471,True,2016,7,1482,92.0,3169.0,3133.0,2944.0,145.5999999999999,2990.722222222222
2016-07-07,3176,-1.519379844961244,3170.285714285714,3087.633333333333,1.2513787000268477,True,2016,7,1482,54.0,3225.0,3122.0,2929.0,88.36666666666679,2993.822222222222
2016-07-08,3160,-0.5037783375314908,3171.8571428571427,3094.0666666666666,1.2439565249652293,False,2016,7,1482,11.0,3176.0,3149.0,2967.0,65.9333333333334,2996.5666666666666
2016-07-09,3172,0.37974683544304,3175.5714285714284,3100.366666666667,1.242874957864183,False,2016,7,1482,26.0,3160.0,3146.0,2983.0,71.63333333333321,2999.4444444444443
2016-07-10,3172,0.0,3179.285714285714,3105.866666666667,1.238327931802401,False,2016,7,1482,26.0,3172.0,3146.0,3007.0,66.13333333333321,3002.0777777777776
2016-07-11,3166,-0.1891551071878994,3177.1428571428573,3111.133333333333,1.239935808282889,False,2016,7,1482,-15.0,3172.0,3181.0,3008.0,54.86666666666679,3004.722222222222
2016-07-12,3134,-1.0107391029690493,3172.1428571428573,3115.3333333333335,1.2585350608125614,False,2016,7,1482,-35.0,3166.0,3169.0,3008.0,18.666666666666515,3007.0777777777776
2016-07-13,3115,-0.6062539885130835,3156.4285714285716,3117.9333333333334,1.255922495573485,False,2016,7,1482,-110.0,3134.0,3225.0,3037.0,-2.933333333333394,3009.2444444444445
2016-07-14,3087,-0.8988764044943864,3143.714285714286,3119.0333333333333,1.2653918131971984,False,2016,7,1482,-89.0,3115.0,3176.0,3054.0,-32.0333333333333,3011.4555555555557
2016-07-15,3087,0.0,3133.285714285714,3120.733333333333,1.259790271371286,False,2016,7,1482,-73.0,3087.0,3160.0,3036.0,-33.73333333333312,3013.5777777777776
2016-07-16,3098,0.3563330093942385,3122.714285714286,3119.9666666666667,1.1510557688275886,False,2016,7,1482,-74.0,3087.0,3172.0,3121.0,-21.966666666666697,3015.822222222222
2016-07-17,3098,0.0,3112.1428571428573,3121.6,1.0668693362525683,False,2016,7,1482,-74.0,3098.0,3172.0,3049.0,-23.59999999999991,3017.9555555555557
2016-07-18,3103,0.16139444803098257,3103.1428571428573,3123.0333333333333,1.065542032635421,False,2016,7,1482,-63.0,3098.0,3166.0,3060.0,-20.033333333333303,3019.866666666667
2016-07-19,3108,0.1611343860779879,3099.4285714285716,3124.633333333333,1.0656773936980333,False,2016,7,1482,-26.0,3103.0,3134.0,3060.0,-16.633333333333212,3021.766666666667
2016-07-20,3080,-0.9009009009009028,3094.4285714285716,3125.4,1.0797014602148465,False,2016,7,1482,-35.0,3108.0,3115.0,3057.0,-45.40000000000009,3023.3444444444444
2016-07-21,3082,0.06493506493505663,3093.714285714286,3127.1,1.0668019142867813,False,2016,7,1482,-5.0,3080.0,3087.0,3031.0,-45.09999999999991,3025.0222222222224
2016-07-22,3086,0.12978585334197934,3093.5714285714284,3129.6,1.0581078851186911,False,2016,7,1482,-1.0,3082.0,3087.0,3011.0,-43.59999999999991,3027.0666666666666
2016-07-23,3087,0.03240440699934233,3092.0,3132.633333333333,1.0524021203086562,False,2016,7,1482,-11.0,3086.0,3098.0,2996.0,-45.63333333333321,3029.1222222222223
2016-07-24,3087,0.0,3090.4285714285716,3131.233333333333,0.6614458359230121,False,2016,7,1482,-11.0,3087.0,3098.0,3129.0,-44.23333333333312,3030.9444444444443
2016-07-25,3074,-0.421120829284094,3086.285714285714,3129.0333333333333,0.6605987912550095,False,2016,7,1482,-29.0,3087.0,3103.0,3140.0,-55.0333333333333,3032.6666666666665
2016-07-26,3087,0.42290175666883645,3083.285714285714,3127.266666666667,0.6665998297830416,False,2016,7,1482,-21.0,3074.0,3108.0,3140.0,-40.26666666666688,3034.3888888888887
2016-07-27,3096,0.291545189504383,3085.5714285714284,3125.1666666666665,0.6583065396836479,False,2016,7,1482,16.0,3087.0,3080.0,3159.0,-29.166666666666515,3035.9666666666667
2016-07-28,3108,0.3875968992248069,3089.285714285714,3124.4666666666667,0.6413978220204994,False,2016,7,1482,26.0,3096.0,3082.0,3129.0,-16.466666666666697,3036.9222222222224
2016-07-29,3126,0.5791505791505891,3095.0,3124.233333333333,0.6502278952993698,False,2016,7,1482,40.0,3108.0,3086.0,3133.0,1.7666666666668789,3038.0222222222224
2016-07-30,3155,0.9277031349967935,3104.714285714286,3125.3333333333335,0.668446194274645,False,2016,7,1482,68.0,3126.0,3087.0,3122.0,29.666666666666515,3039.4444444444443
2016-07-31,3155,0.0,3114.4285714285716,3125.5333333333333,0.6499149202989004,False,2016,7,1482,68.0,3155.0,3087.0,3149.0,29.466666666666697,3040.8333333333335
2016-08-01,3145,-0.31695721077654726,3124.5714285714284,3125.5,0.6523897242858899,False,2016,8,1482,71.0,3155.0,3074.0,3146.0,19.5,3042.211111111111
2016-08-02,3180,1.11287758346581,3137.8571428571427,3126.633333333333,0.6832416445443346,True,2016,8,1482,93.0,3145.0,3087.0,3146.0,53.36666666666679,3044.2
2016-08-03,3165,-0.4716981132075526,3147.714285714286,3126.1,0.6580948921171743,False,2016,8,1482,69.0,3180.0,3096.0,3181.0,38.90000000000009,3046.133333333333
2016-08-04,3166,0.03159557661926993,3156.0,3126.0,0.6545524177346705,False,2016,8,1482,58.0,3165.0,3108.0,3169.0,40.0,3047.5444444444443
2016-08-05,3114,-1.6424510423246996,3154.285714285714,3122.3,0.6325847145697112,True,2016,8,1482,-12.0,3166.0,3126.0,3225.0,-8.300000000000182,3048.3888888888887
2016-08-06,3105,-0.28901734104046506,3147.1428571428573,3119.9333333333334,0.5757046502446125,False,2016,8,1482,-50.0,3114.0,3155.0,3176.0,-14.933333333333394,3049.133333333333
2016-08-07,3105,0.0,3140.0,3118.1,0.5700475593955576,False,2016,8,1482,-50.0,3105.0,3155.0,3160.0,-13.099999999999909,3050.4555555555557
2016-08-08,3117,0.38647342995168366,3136.0,3116.266666666667,0.5702265396220666,False,2016,8,1482,-28.0,3105.0,3145.0,3172.0,0.7333333333331211,3052.1222222222223
2016-08-09,3125,0.2566570420275971,3128.1428571428573,3114.7,0.5730252046101636,False,2016,8,1482,-55.0,3117.0,3180.0,3172.0,10.300000000000182,3053.511111111111
2016-08-10,3133,0.25599999999998957,3123.5714285714284,3113.6,0.5750083479682864,False,2016,8,1482,-32.0,3125.0,3165.0,3166.0,19.40000000000009,3055.0444444444443
2016-08-11,3144,0.3511011809766984,3120.4285714285716,3113.9333333333334,0.5483205701955208,False,2016,8,1482,-22.0,3133.0,3166.0,3134.0,30.066666666666606,3056.711111111111
2016-08-12,3152,0.2544529262086481,3125.8571428571427,3115.1666666666665,0.5372576203737249,False,2016,8,1482,38.0,3144.0,3114.0,3115.0,36.833333333333485,3058.366666666667
2016-08-13,3122,-0.9517766497461944,3128.285714285714,3116.3333333333335,0.5405248628737487,False,2016,8,1482,17.0,3152.0,3105.0,3087.0,5.666666666666515,3059.688888888889
2016-08-14,3122,0.0,3130.714285714286,3117.5,0.5405248628737487,False,2016,8,1482,17.0,3122.0,3105.0,3087.0,4.5,3061.0444444444443
2016-08-15,3122,0.0,3131.4285714285716,3118.3,0.5372162562869504,False,2016,8,1482,5.0,3122.0,3117.0,3098.0,3.699999999999818,3062.288888888889
2016-08-16,3139,0.5445227418321652,3133.4285714285716,3119.6666666666665,0.5454045532671604,False,2016,8,1482,14.0,3122.0,3125.0,3098.0,19.333333333333485,3063.866666666667
2016-08-17,3139,0.0,3134.285714285714,3120.866666666667,0.5450155375499466,False,2016,8,1482,6.0,3139.0,3133.0,3103.0,18.133333333333212,3065.7555555555555
2016-08-18,3144,0.15928639694169355,3134.285714285714,3122.0666666666666,0.5450014666268265,False,2016,8,1482,0.0,3139.0,3144.0,3108.0,21.933333333333394,3067.6555555555556
2016-08-19,3145,0.031806615776086566,3133.285714285714,3124.233333333333,0.5152787183644982,False,2016,8,1482,-7.0,3144.0,3152.0,3080.0,20.76666666666688,3069.6111111111113
2016-08-20,3140,-0.15898251192368873,3135.8571428571427,3126.1666666666665,0.5169874015825248,False,2016,8,1482,18.0,3145.0,3122.0,3082.0,13.833333333333485,3071.511111111111
2016-08-21,3140,0.0,3138.4285714285716,3127.9666666666667,0.5169562877812801,False,2016,8,1482,18.0,3140.0,3122.0,3086.0,12.033333333333303,3073.4555555555557
2016-08-22,3133,-0.22292993630573799,3140.0,3129.5,0.5195071798445084,False,2016,8,1482,11.0,3140.0,3122.0,3087.0,3.5,3075.588888888889
2016-08-23,3139,0.19150973507819913,3140.0,3131.233333333333,0.5200400128289491,False,2016,8,1482,0.0,3133.0,3139.0,3087.0,7.766666666666879,3078.3444444444444
2016-08-24,3109,-0.9557183816502057,3135.714285714286,3132.4,0.5455237328584548,False,2016,8,1482,-30.0,3139.0,3139.0,3074.0,-23.40000000000009,3080.822222222222
2016-08-25,3093,-0.5146349308459364,3128.4285714285716,3132.6,0.549622854203341,False,2016,8,1482,-51.0,3109.0,3144.0,3087.0,-39.59999999999991,3083.4333333333334
2016-08-26,3117,0.7759456838021261,3124.4285714285716,3133.3,0.5651382300196067,False,2016,8,1482,-28.0,3093.0,3145.0,3096.0,-16.300000000000182,3086.288888888889
2016-08-27,3099,-0.5774783445620768,3118.5714285714284,3133.0,0.5711677354950004,False,2016,8,1482,-41.0,3117.0,3140.0,3108.0,-34.0,3088.9444444444443
2016-08-28,3099,0.0,3112.714285714286,3132.1,0.5603196025104474,False,2016,8,1482,-41.0,3099.0,3140.0,3126.0,-33.09999999999991,3091.722222222222
2016-08-29,3100,0.03226847370119135,3108.0,3130.266666666667,0.5307578307836667,False,2016,8,1482,-33.0,3099.0,3133.0,3155.0,-30.26666666666688,3094.3333333333335
2016-08-30,3094,-0.1935483870967758,3101.5714285714284,3128.233333333333,0.5312142212087761,False,2016,8,1482,-45.0,3100.0,3139.0,3155.0,-34.23333333333312,3096.8555555555554
2016-08-31,3074,-0.6464124111182912,3096.5714285714284,3125.866666666667,0.5399639553528935,False,2016,8,1482,-35.0,3094.0,3109.0,3145.0,-51.86666666666679,3099.2444444444445
2016-09-01,3084,0.3253090435914041,3095.285714285714,3122.6666666666665,0.49772956783033534,False,2016,9,1482,-9.0,3074.0,3093.0,3180.0,-38.666666666666515,3101.2
2016-09-02,3084,0.0,3090.5714285714284,3119.9666666666667,0.49304131836307036,False,2016,9,1482,-33.0,3084.0,3117.0,3165.0,-35.9666666666667,3102.811111111111
2016-09-03,3092,0.25940337224383825,3089.5714285714284,3117.5,0.4966433267030367,False,2016,9,1482,-7.0,3084.0,3099.0,3166.0,-25.5,3104.511111111111
2016-09-04,3092,0.0,3088.5714285714284,3116.766666666667,0.3991520339925657,False,2016,9,1482,-7.0,3092.0,3099.0,3114.0,-24.76666666666688,3106.1555555555556
2016-09-05,3092,0.0,3087.4285714285716,3116.3333333333335,0.3959817914490081,False,2016,9,1482,-8.0,3092.0,3100.0,3105.0,-24.333333333333485,3107.9666666666667
2016-09-06,3114,0.7115135834411479,3090.285714285714,3116.633333333333,0.41752314060521606,False,2016,9,1482,20.0,3092.0,3094.0,3105.0,-2.633333333333212,3109.6
2016-09-07,3130,0.5138086062941527,3098.285714285714,3117.0666666666666,0.42209929528257994,False,2016,9,1482,56.0,3114.0,3074.0,3117.0,12.933333333333394,3111.233333333333
2016-09-08,3130,0.0,3104.8571428571427,3117.233333333333,0.4196206268230157,False,2016,9,1482,46.0,3130.0,3084.0,3125.0,12.766666666666879,3112.6
2016-09-09,3126,-0.12779552715654896,3110.8571428571427,3117.0,0.4175872109369454,False,2016,9,1482,42.0,3130.0,3084.0,3133.0,9.0,3113.911111111111
2016-09-10,3122,-0.1279590531030106,3115.1428571428573,3116.266666666667,0.41256598528305083,False,2016,9,1482,30.0,3126.0,3092.0,3144.0,5.733333333333121,3115.177777777778
2016-09-11,3122,0.0,3119.4285714285716,3115.266666666667,0.40927666752107283,False,2016,9,1482,30.0,3122.0,3092.0,3152.0,6.733333333333121,3116.1222222222223
2016-09-12,3108,-0.4484304932735439,3121.714285714286,3114.8,0.37946196654914155,False,2016,9,1482,16.0,3122.0,3092.0,3122.0,-6.800000000000182,3116.722222222222
2016-09-13,3115,0.22522522522523403,3121.8571428571427,3114.5666666666666,0.3819739939561897,False,2016,9,1482,1.0,3108.0,3114.0,3122.0,0.43333333333339397,3117.6
2016-09-14,3105,-0.32102728731941976,3118.285714285714,3114.0,0.38625042253916797,False,2016,9,1482,-25.0,3115.0,3130.0,3122.0,-9.0,3117.4222222222224
2016-09-15,3097,-0.25764895330112614,3113.5714285714284,3112.6,0.37356075096045516,False,2016,9,1482,-33.0,3105.0,3130.0,3139.0,-15.599999999999909,3117.9555555555557
2016-09-16,3090,-0.22602518566354757,3108.4285714285716,3110.9666666666667,0.3749150650817238,False,2016,9,1482,-36.0,3097.0,3126.0,3139.0,-20.966666666666697,3118.288888888889
2016-09-17,3081,-0.2912621359223322,3102.5714285714284,3108.866666666667,0.37519377387043656,False,2016,9,1482,-41.0,3090.0,3122.0,3144.0,-27.866666666666788,3118.5222222222224
2016-09-18,3081,0.0,3096.714285714286,3106.733333333333,0.37495047536470555,False,2016,9,1482,-41.0,3081.0,3122.0,3145.0,-25.73333333333312,3118.788888888889
2016-09-19,3089,0.25965595585848433,3094.0,3105.0333333333333,0.37920713109195076,False,2016,9,1482,-19.0,3081.0,3108.0,3140.0,-16.033333333333303,3119.4333333333334
2016-09-20,3092,0.09711880867595557,3090.714285714286,3103.4333333333334,0.3800964256800934,False,2016,9,1482,-23.0,3089.0,3115.0,3140.0,-11.433333333333394,3120.3333333333335
2016-09-21,3117,0.8085381630013044,3092.4285714285716,3102.9,0.40948910795182963,False,2016,9,1482,12.0,3092.0,3105.0,3133.0,14.099999999999909,3121.677777777778
2016-09-22,3123,0.19249278152069227,3096.1428571428573,3102.366666666667,0.4095063459983636,False,2016,9,1482,26.0,3117.0,3097.0,3139.0,20.633333333333212,3121.6111111111113
2016-09-23,3133,0.32020493115594295,3102.285714285714,3103.1666666666665,0.37321675833633733,False,2016,9,1482,43.0,3123.0,3090.0,3109.0,29.833333333333485,3121.5333333333333
2016-09-24,3128,-0.15959144589849927,3109.0,3104.3333333333335,0.36089776375348676,False,2016,9,1482,47.0,3133.0,3081.0,3093.0,23.666666666666515,3121.4
2016-09-25,3128,0.0,3115.714285714286,3104.7,0.332918227620895,False,2016,9,1482,47.0,3128.0,3081.0,3117.0,23.300000000000182,3121.0555555555557
2016-09-26,3132,0.12787723785165905,3121.8571428571427,3105.8,0.31421315717508935,False,2016,9,1482,43.0,3128.0,3089.0,3099.0,26.199999999999818,3121.088888888889
2016-09-27,3103,-0.92592592592593,3123.4285714285716,3105.9333333333334,0.35999075266526553,False,2016,9,1482,11.0,3132.0,3092.0,3099.0,-2.933333333333394,3120.7555555555555
2016-09-28,3094,-0.2900418949403849,3120.1428571428573,3105.733333333333,0.3639345701267013,False,2016,9,1482,-23.0,3103.0,3117.0,3100.0,-11.733333333333121,3120.4444444444443
2016-09-29,3102,0.25856496444731647,3117.1428571428573,3106.0,0.36525117951484554,False,2016,9,1482,-21.0,3094.0,3123.0,3094.0,-4.0,3119.9222222222224
2016-09-30,3108,0.19342359767891004,3113.5714285714284,3107.133333333333,0.3448815402914089,False,2016,9,1482,-25.0,3102.0,3133.0,3074.0,0.8666666666667879,3119.5
2016-10-01,3074,-1.0939510939510955,3105.8571428571427,3106.8,0.3973551716941132,False,2016,10,1482,-54.0,3108.0,3128.0,3084.0,-32.80000000000018,3118.7
2016-10-02,3074,0.0,3098.1428571428573,3106.4666666666667,0.3973551716941132,False,2016,10,1482,-54.0,3074.0,3128.0,3084.0,-32.4666666666667,3117.511111111111
2016-10-03,3068,-0.19518542615484247,3089.0,3105.6666666666665,0.3953878247769131,False,2016,10,1482,-64.0,3074.0,3132.0,3092.0,-37.666666666666515,3116.3888888888887
2016-10-04,3018,-1.629726205997395,3076.8571428571427,3103.2,0.4919666534699879,True,2016,10,1482,-85.0,3068.0,3103.0,3092.0,-85.19999999999982,3114.088888888889
2016-10-05,2990,-0.9277667329357198,3062.0,3099.8,0.5153966675578971,False,2016,10,1482,-104.0,3018.0,3094.0,3092.0,-109.80000000000018,3112.0222222222224
2016-10-06,2961,-0.9698996655518433,3041.8571428571427,3094.7,0.5143500389993193,False,2016,10,1482,-141.0,2990.0,3102.0,3114.0,-133.69999999999982,3109.811111111111
2016-10-07,2965,0.1350894967916183,3021.4285714285716,3089.2,0.5015654855315761,False,2016,10,1482,-143.0,2961.0,3108.0,3130.0,-124.19999999999982,3107.511111111111
2016-10-08,2958,-0.23608768971332683,3004.8571428571427,3083.4666666666667,0.5005089328667149,False,2016,10,1482,-116.0,2965.0,3074.0,3130.0,-125.4666666666667,3105.133333333333
2016-10-09,2958,0.0,2988.285714285714,3077.866666666667,0.5015729445643844,False,2016,10,1482,-116.0,2958.0,3074.0,3126.0,-119.86666666666679,3102.822222222222
2016-10-10,2968,0.33806626098715764,2974.0,3072.733333333333,0.5104659913254912,False,2016,10,1482,-100.0,2958.0,3068.0,3122.0,-104.73333333333312,3100.9777777777776
2016-10-11,2968,0.0,2966.8571428571427,3067.6,0.5104659913254912,False,2016,10,1482,-50.0,2968.0,3018.0,3122.0,-99.59999999999991,3099.3444444444444
2016-10-12,2965,-0.10107816711589779,2963.285714285714,3062.8333333333335,0.507799759633538,False,2016,10,1482,-25.0,2968.0,2990.0,3108.0,-97.83333333333348,3097.988888888889
2016-10-13,2978,0.43844856661046094,2965.714285714286,3058.266666666667,0.5147587753315411,False,2016,10,1482,17.0,2965.0,2961.0,3115.0,-80.26666666666688,3096.777777777778
2016-10-14,2959,-0.6380120886500973,2964.8571428571427,3053.4,0.5216291733127812,False,2016,10,1482,-6.0,2978.0,2965.0,3105.0,-94.40000000000009,3095.233333333333
2016-10-15,2966,0.2365664075701268,2966.0,3049.0333333333333,0.5261932926949016,False,2016,10,1482,8.0,2959.0,2958.0,3097.0,-83.0333333333333,3093.766666666667
2016-10-16,2966,0.0,2967.1428571428573,3044.9,0.5265758541331202,False,2016,10,1482,8.0,2966.0,2958.0,3090.0,-78.90000000000009,3092.2444444444445
2016-10-17,2968,0.06743088334457692,2967.1428571428573,3041.133333333333,0.5269794482528283,False,2016,10,1482,0.0,2966.0,2968.0,3081.0,-73.13333333333321,3090.688888888889
2016-10-18,2975,0.2358490566037652,2968.1428571428573,3037.6,0.5306262363339551,False,2016,10,1482,7.0,2968.0,2968.0,3081.0,-62.59999999999991,3089.5222222222224
2016-10-19,2991,0.5378151260504227,2971.8571428571427,3034.3333333333335,0.5397550696714355,False,2016,10,1482,26.0,2975.0,2965.0,3089.0,-43.333333333333485,3088.511111111111
2016-10-20,2993,0.06686726847209279,2974.0,3031.0333333333333,0.5393906620311381,False,2016,10,1482,15.0,2991.0,2978.0,3092.0,-38.0333333333333,3087.4777777777776
2016-10-21,2992,-0.03341129301703827,2978.714285714286,3026.866666666667,0.511283051458761,False,2016,10,1482,33.0,2993.0,2959.0,3117.0,-34.86666666666679,3086.4222222222224
2016-10-22,2995,0.10026737967914201,2982.8571428571427,3022.6,0.5095198525064748,False,2016,10,1482,29.0,2992.0,2966.0,3123.0,-27.59999999999991,3085.4
2016-10-23,2995,0.0,2987.0,3018.0,0.5028981065710727,False,2016,10,1482,29.0,2995.0,2966.0,3133.0,-23.0,3084.5222222222224
2016-10-24,2978,-0.5676126878130239,2988.4285714285716,3013.0,0.5086837546921307,False,2016,10,1482,10.0,2995.0,2968.0,3128.0,-35.0,3083.311111111111
2016-10-25,2986,0.2686366689053088,2990.0,3008.266666666667,0.5139782895666267,False,2016,10,1482,11.0,2978.0,2975.0,3128.0,-22.26666666666688,3082.088888888889
2016-10-26,2989,0.10046885465506694,2989.714285714286,3003.5,0.5134850825752677,False,2016,10,1482,-2.0,2986.0,2991.0,3132.0,-14.5,3080.766666666667
2016-10-27,2991,0.06691201070592179,2989.4285714285716,2999.766666666667,0.4936548244758932,False,2016,10,1482,-2.0,2989.0,2993.0,3103.0,-8.766666666666879,3079.266666666667
2016-10-28,2993,0.06686726847209279,2989.5714285714284,2996.4,0.493748133678174,False,2016,10,1482,1.0,2991.0,2992.0,3094.0,-3.400000000000091,3077.4666666666667
2016-10-29,3008,0.5011693952555962,2991.4285714285716,2993.266666666667,0.5019017441202304,False,2016,10,1482,13.0,2993.0,2995.0,3102.0,14.733333333333121,3075.8333333333335
2016-10-30,3006,-0.06648936170212671,2993.0,2989.866666666667,0.4988730737910976,False,2016,10,1482,11.0,3008.0,2995.0,3108.0,16.133333333333212,3074.288888888889
2016-10-31,3006,0.0,2997.0,2987.6,0.4631717948371272,False,2016,10,1482,28.0,3006.0,2978.0,3074.0,18.40000000000009,3072.3555555555554
2016-11-01,3024,0.5988023952095745,3002.4285714285716,2985.9333333333334,0.4790775602462207,False,2016,11,1482,38.0,3006.0,2986.0,3074.0,38.066666666666606,3070.788888888889
2016-11-02,3053,0.9589947089946982,3011.5714285714284,2985.4333333333334,0.5124884599655516,False,2016,11,1482,64.0,3024.0,2989.0,3068.0,67.5666666666666,3069.5333333333333
2016-11-03,3045,-0.26203734032099746,3019.285714285714,2986.3333333333335,0.41556731390858953,False,2016,11,1482,54.0,3053.0,2991.0,3018.0,58.666666666666515,3068.766666666667
2016-11-04,3056,0.3612479474548458,3028.285714285714,2988.5333333333333,0.3780097488221999,False,2016,11,1482,63.0,3045.0,2993.0,2990.0,67.4666666666667,3068.222222222222
2016-11-05,3056,0.0,3035.1428571428573,2991.7,0.3231963529175769,False,2016,11,1482,48.0,3056.0,3008.0,2961.0,64.30000000000018,3067.677777777778
2016-11-06,3056,0.0,3042.285714285714,2994.733333333333,0.3237152323221676,False,2016,11,1482,50.0,3056.0,3006.0,2965.0,61.26666666666688,3067.0
2016-11-07,3017,-1.2761780104712073,3043.8571428571427,2996.7,0.4062680394920989,True,2016,11,1482,11.0,3056.0,3006.0,2958.0,20.300000000000182,3065.8
2016-11-08,3002,-0.49718263175340116,3040.714285714286,2998.1666666666665,0.4190212829126706,False,2016,11,1482,-22.0,3017.0,3024.0,2958.0,3.833333333333485,3064.3444444444444
2016-11-09,3015,0.4330446369087193,3035.285714285714,2999.733333333333,0.4216229442375809,False,2016,11,1482,-38.0,3002.0,3053.0,2968.0,15.266666666666879,3062.911111111111
2016-11-10,2995,-0.6633499170812573,3028.1428571428573,3000.633333333333,0.4414403703576964,False,2016,11,1482,-50.0,3015.0,3045.0,2968.0,-5.633333333333212,3061.1666666666665
2016-11-11,2968,-0.9015025041736235,3015.5714285714284,3000.733333333333,0.4727831809416529,False,2016,11,1482,-88.0,2995.0,3056.0,2965.0,-32.73333333333312,3059.4555555555557
2016-11-12,2940,-0.9433962264150941,2999.0,2999.4666666666667,0.49579655219566204,False,2016,11,1482,-116.0,2968.0,3056.0,2978.0,-59.4666666666667,3057.4333333333334
2016-11-13,2940,0.0,2982.4285714285716,2998.8333333333335,0.48284633155854734,False,2016,11,1482,-116.0,2940.0,3056.0,2959.0,-58.833333333333485,3055.411111111111
2016-11-14,2935,-0.170068027210879,2970.714285714286,2997.8,0.48109007461746794,False,2016,11,1482,-82.0,2940.0,3017.0,2966.0,-62.80000000000018,3053.1444444444446
2016-11-15,2933,-0.06814310051107553,2960.8571428571427,2996.7,0.48108538906589915,False,2016,11,1482,-69.0,2935.0,3002.0,2966.0,-63.69999999999982,3050.8555555555554
2016-11-16,2938,0.17047391749063223,2949.8571428571427,2995.7,0.4822170540108709,False,2016,11,1482,-77.0,2933.0,3015.0,2968.0,-57.69999999999982,3048.5666666666666
2016-11-17,2929,-0.30633083730429167,2940.4285714285716,2994.1666666666665,0.4819639217238761,False,2016,11,1482,-66.0,2938.0,2995.0,2975.0,-65.16666666666652,3046.1666666666665
2016-11-18,2894,-1.1949470809149876,2929.8571428571427,2990.9333333333334,0.5118894858685998,True,2016,11,1482,-74.0,2929.0,2968.0,2991.0,-96.9333333333334,3043.4333333333334
2016-11-19,2894,0.0,2923.285714285714,2987.633333333333,0.5112444452809877,False,2016,11,1482,-46.0,2894.0,2940.0,2993.0,-93.63333333333321,3040.7
2016-11-20,2894,0.0,2916.714285714286,2984.366666666667,0.5114551752900665,False,2016,11,1482,-46.0,2894.0,2940.0,2992.0,-90.36666666666679,3038.0444444444443
2016-11-21,2907,0.44920525224603214,2912.714285714286,2981.4333333333334,0.5202857512143837,False,2016,11,1482,-28.0,2894.0,2935.0,2995.0,-74.4333333333334,3035.4666666666667
2016-11-22,2917,0.3439972480220099,2910.4285714285716,2978.8333333333335,0.5262773021649649,False,2016,11,1482,-16.0,2907.0,2933.0,2995.0,-61.833333333333485,3033.3333333333335
2016-11-23,2887,-1.0284538909838825,2903.1428571428573,2975.8,0.5471153334620592,False,2016,11,1482,-51.0,2917.0,2938.0,2978.0,-88.80000000000018,3031.0444444444443
2016-11-24,2872,-0.5195704883962593,2895.0,2972.0,0.5476311530675351,False,2016,11,1482,-57.0,2887.0,2929.0,2986.0,-100.0,3028.322222222222
2016-11-25,2859,-0.4526462395543218,2890.0,2967.6666666666665,0.5489757666736282,False,2016,11,1482,-35.0,2872.0,2894.0,2989.0,-108.66666666666652,3025.6555555555556
2016-11-26,2860,0.034977264777902306,2885.1428571428573,2963.3,0.5485781918269514,False,2016,11,1482,-34.0,2859.0,2894.0,2991.0,-103.30000000000018,3023.0
2016-11-27,2860,0.0,2880.285714285714,2958.866666666667,0.5478115640529555,False,2016,11,1482,-34.0,2860.0,2894.0,2993.0,-98.86666666666679,3020.3333333333335
2016-11-28,2868,0.2797202797202747,2874.714285714286,2954.2,0.540174139734077,False,2016,11,1482,-39.0,2860.0,2907.0,3008.0,-86.19999999999982,3017.822222222222
2016-11-29,2876,0.2789400278939924,2868.8571428571427,2949.866666666667,0.5458291858499399,False,2016,11,1482,-41.0,2868.0,2917.0,3006.0,-73.86666666666679,3015.6222222222223
2016-11-30,2849,-0.9388038942976351,2863.4285714285716,2944.633333333333,0.5637971454841951,False,2016,11,1482,-38.0,2876.0,2887.0,3006.0,-95.63333333333321,3013.011111111111
2016-12-01,2800,-1.7199017199017175,2853.1428571428573,2937.1666666666665,0.6107405667084356,True,2016,12,1482,-72.0,2849.0,2872.0,3024.0,-137.16666666666652,3009.8555555555554
2016-12-02,2841,1.464285714285718,2850.5714285714284,2930.1,0.6509981030628168,True,2016,12,1482,-18.0,2800.0,2859.0,3053.0,-89.09999999999991,3007.0666666666666
2016-12-03,2843,0.07039774727208847,2848.1428571428573,2923.366666666667,0.6533919044243721,False,2016,12,1482,-17.0,2841.0,2860.0,3045.0,-80.36666666666679,3004.3
2016-12-04,2843,0.0,2845.714285714286,2916.266666666667,0.6454678249658355,False,2016,12,1482,-17.0,2843.0,2860.0,3056.0,-73.26666666666688,3001.5333333333333
2016-12-05,2812,-1.0903974674639438,2837.714285714286,2908.133333333333,0.6620609427201339,False,2016,12,1482,-56.0,2843.0,2868.0,3056.0,-96.13333333333321,2998.177777777778
2016-12-06,2792,-0.7112375533428139,2825.714285714286,2899.3333333333335,0.6646085192502398,False,2016,12,1482,-84.0,2812.0,2876.0,3056.0,-107.33333333333348,2994.4222222222224
2016-12-07,2800,0.2865329512893977,2818.714285714286,2892.1,0.6463332252195044,False,2016,12,1482,-49.0,2792.0,2849.0,3017.0,-92.09999999999991,2990.7555555555555
2016-12-08,2780,-0.7142857142857117,2815.8571428571427,2884.7,0.650439437226535,False,2016,12,1482,-20.0,2800.0,2800.0,3002.0,-104.69999999999982,2986.911111111111
2016-12-09,2768,-0.4316546762589968,2805.4285714285716,2876.4666666666667,0.637997191150886,False,2016,12,1482,-73.0,2780.0,2841.0,3015.0,-108.4666666666667,2982.9777777777776
2016-12-10,2758,-0.36127167630057855,2793.285714285714,2868.5666666666666,0.6341519455067314,False,2016,12,1482,-85.0,2768.0,2843.0,2995.0,-110.5666666666666,2978.9333333333334
2016-12-11,2758,0.0,2781.1428571428573,2861.5666666666666,0.6246041127848984,False,2016,12,1482,-85.0,2758.0,2843.0,2968.0,-103.5666666666666,2975.0444444444443
2016-12-12,2751,-0.25380710659898,2772.4285714285716,2855.266666666667,0.6104460924526093,False,2016,12,1482,-61.0,2758.0,2812.0,2940.0,-104.26666666666688,2971.0
2016-12-13,2755,0.1454016721192275,2767.1428571428573,2849.1,0.6128209866270763,False,2016,12,1482,-37.0,2751.0,2792.0,2940.0,-94.09999999999991,2967.1111111111113
2016-12-14,2764,0.32667876588021727,2762.0,2843.4,0.6207253261131472,False,2016,12,1482,-36.0,2755.0,2800.0,2935.0,-79.40000000000009,2963.411111111111
2016-12-15,2703,-2.206946454413894,2751.0,2835.733333333333,0.7201555987855248,True,2016,12,1482,-77.0,2764.0,2780.0,2933.0,-132.73333333333312,2959.1111111111113
2016-12-16,2706,0.11098779134295356,2742.1428571428573,2828.0,0.7189838544554168,False,2016,12,1482,-62.0,2703.0,2768.0,2938.0,-122.0,2954.9444444444443
2016-12-17,2716,0.3695491500369519,2736.1428571428573,2820.9,0.7283764400889167,False,2016,12,1482,-42.0,2706.0,2758.0,2929.0,-104.90000000000009,2950.8888888888887
2016-12-18,2716,0.0,2730.1428571428573,2814.9666666666667,0.7072161475180311,False,2016,12,1482,-42.0,2716.0,2758.0,2894.0,-98.9666666666667,2946.7444444444445
2016-12-19,2719,0.11045655375552244,2725.5714285714284,2809.133333333333,0.7086275711980321,False,2016,12,1482,-32.0,2716.0,2751.0,2894.0,-90.13333333333321,2942.6
2016-12-20,2706,-0.47811695476277505,2718.5714285714284,2802.866666666667,0.7092282331356593,False,2016,12,1482,-49.0,2719.0,2755.0,2894.0,-96.86666666666679,2938.0333333333333
2016-12-21,2708,0.07390983000739038,2710.5714285714284,2796.233333333333,0.7002484423639365,False,2016,12,1482,-56.0,2706.0,2764.0,2907.0,-88.23333333333312,2933.4222222222224
2016-12-22,2703,-0.18463810930575697,2710.5714285714284,2789.1,0.6918101495735303,False,2016,12,1482,0.0,2708.0,2703.0,2917.0,-86.09999999999991,2928.6444444444446
2016-12-23,2700,-0.11098779134295356,2709.714285714286,2782.866666666667,0.6763786205664373,False,2016,12,1482,-6.0,2703.0,2706.0,2887.0,-82.86666666666679,2923.8888888888887
2016-12-24,2699,-0.037037037037035425,2707.285714285714,2777.1,0.6747629541242033,False,2016,12,1482,-17.0,2700.0,2716.0,2872.0,-78.09999999999991,2919.1222222222223
2016-12-25,2699,0.0,2704.8571428571427,2771.766666666667,0.6740870725392504,False,2016,12,1482,-17.0,2699.0,2716.0,2859.0,-72.76666666666688,2914.311111111111
2016-12-26,2697,-0.07410151908113782,2701.714285714286,2766.3333333333335,0.6731275912843174,False,2016,12,1482,-22.0,2699.0,2719.0,2860.0,-69.33333333333348,2909.8
2016-12-27,2723,0.9640341119762752,2704.1428571428573,2761.766666666667,0.7049291654996878,False,2016,12,1482,17.0,2697.0,2706.0,2860.0,-38.76666666666688,2905.677777777778
2016-12-28,2726,0.11017260374586169,2706.714285714286,2757.0333333333333,0.7019466726469327,False,2016,12,1482,18.0,2723.0,2708.0,2868.0,-31.033333333333303,2901.5
2016-12-29,2735,0.33015407190022383,2711.285714285714,2752.3333333333335,0.7031291925619583,False,2016,12,1482,32.0,2726.0,2703.0,2876.0,-17.333333333333485,2897.3555555555554
2016-12-30,2757,0.8043875685557644,2719.4285714285716,2749.266666666667,0.70898303212465,False,2016,12,1482,57.0,2735.0,2700.0,2849.0,7.733333333333121,2893.8333333333335
2016-12-31,2745,-0.43525571273123065,2726.0,2747.4333333333334,0.6440208002878718,False,2016,12,1482,46.0,2757.0,2699.0,2800.0,-2.433333333333394,2890.177777777778
2017-01-01,2745,0.0,2732.5714285714284,2744.233333333333,0.57609913984421,False,2017,1,1482,46.0,2745.0,2699.0,2841.0,0.7666666666668789,2886.588888888889
2017-01-02,2754,0.3278688524590123,2740.714285714286,2741.266666666667,0.5808224561163324,False,2017,1,1482,57.0,2745.0,2697.0,2843.0,12.733333333333121,2883.6555555555556
2017-01-03,2763,0.32679738562091387,2746.4285714285716,2738.6,0.5858888554603283,False,2017,1,1482,40.0,2754.0,2723.0,2843.0,24.40000000000009,2881.133333333333
2017-01-04,2775,0.43431053203040193,2753.4285714285716,2737.366666666667,0.5620704354709977,False,2017,1,1482,49.0,2763.0,2726.0,2812.0,37.63333333333321,2879.0666666666666
2017-01-05,2788,0.4684684684684637,2761.0,2737.233333333333,0.5548999410966193,False,2017,1,1482,53.0,2775.0,2735.0,2792.0,50.76666666666688,2877.1
2017-01-06,2791,0.10760401721663371,2765.8571428571427,2736.9333333333334,0.5526344747404485,False,2017,1,1482,34.0,2788.0,2757.0,2800.0,54.066666666666606,2875.2444444444445
2017-01-07,2789,-0.07165890361877647,2772.1428571428573,2737.233333333333,0.5365852195449525,False,2017,1,1482,44.0,2791.0,2745.0,2780.0,51.76666666666688,2873.366666666667
2017-01-08,2789,0.0,2778.4285714285716,2737.9333333333334,0.5300207618712011,False,2017,1,1482,44.0,2789.0,2745.0,2768.0,51.066666666666606,2871.3777777777777
2017-01-09,2793,0.1434205808533484,2784.0,2739.1,0.5252744883667528,False,2017,1,1482,39.0,2789.0,2754.0,2758.0,53.90000000000009,2869.4333333333334
2017-01-10,2818,0.8950948800572789,2791.8571428571427,2741.1,0.547669048502518,False,2017,1,1482,55.0,2793.0,2763.0,2758.0,76.90000000000009,2867.8
2017-01-11,2817,-0.035486160397446564,2797.8571428571427,2743.3,0.5446156370186779,False,2017,1,1482,42.0,2818.0,2775.0,2751.0,73.69999999999982,2866.011111111111
2017-01-12,2847,1.0649627263045858,2806.285714285714,2746.366666666667,0.5735053619277616,False,2017,1,1482,59.0,2817.0,2788.0,2755.0,100.63333333333321,2864.766666666667
2017-01-13,2828,-0.6673691605198484,2811.5714285714284,2748.5,0.5891271712982435,False,2017,1,1482,37.0,2847.0,2791.0,2764.0,79.5,2863.233333333333
2017-01-14,2838,0.35360678925036026,2818.5714285714284,2753.0,0.4026372415526961,False,2017,1,1482,49.0,2828.0,2789.0,2703.0,85.0,2861.811111111111
2017-01-15,2838,0.0,2825.5714285714284,2757.4,0.4036438002734393,False,2017,1,1482,49.0,2838.0,2789.0,2706.0,80.59999999999991,2860.366666666667
2017-01-16,2855,0.5990133897110672,2834.4285714285716,2762.0333333333333,0.4098838658275815,False,2017,1,1482,62.0,2838.0,2793.0,2716.0,92.9666666666667,2859.0333333333333
2017-01-17,2873,0.6304728546409732,2842.285714285714,2767.266666666667,0.4171083946866099,False,2017,1,1482,55.0,2855.0,2818.0,2716.0,105.73333333333312,2857.722222222222
2017-01-18,2880,0.2436477549599747,2851.285714285714,2772.633333333333,0.41695967689354424,False,2017,1,1482,63.0,2873.0,2817.0,2719.0,107.36666666666679,2856.4666666666667
2017-01-19,2849,-1.0763888888888906,2851.5714285714284,2777.4,0.46202540523367946,False,2017,1,1482,2.0,2880.0,2847.0,2706.0,71.59999999999991,2854.8777777777777
2017-01-20,2859,0.3510003510003523,2856.0,2782.4333333333334,0.4627487230890841,False,2017,1,1482,31.0,2849.0,2828.0,2708.0,76.5666666666666,2853.366666666667
2017-01-21,2863,0.13990905911158702,2859.5714285714284,2787.766666666667,0.4576456563630368,False,2017,1,1482,25.0,2859.0,2838.0,2703.0,75.23333333333312,2851.9
2017-01-22,2863,0.0,2863.1428571428573,2793.2,0.45554823072829537,False,2017,1,1482,25.0,2863.0,2838.0,2700.0,69.80000000000018,2850.6222222222223
2017-01-23,2876,0.454069158225634,2866.1428571428573,2799.1,0.45568736548728506,False,2017,1,1482,21.0,2863.0,2855.0,2699.0,76.90000000000009,2849.4
2017-01-24,2877,0.03477051460361036,2866.714285714286,2805.0333333333333,0.4551709667227055,False,2017,1,1482,4.0,2876.0,2873.0,2699.0,71.9666666666667,2848.1555555555556
2017-01-25,2843,-1.1817865832464358,2861.4285714285716,2809.9,0.519708649808121,True,2017,1,1482,-37.0,2877.0,2880.0,2697.0,33.09999999999991,2846.511111111111
2017-01-26,2839,-0.140696447414701,2860.0,2813.766666666667,0.5008293586091461,False,2017,1,1482,-10.0,2843.0,2849.0,2723.0,25.23333333333312,2844.8
2017-01-27,2820,-0.6692497358224747,2854.4285714285716,2816.9,0.5222099284872153,False,2017,1,1482,-39.0,2839.0,2859.0,2726.0,3.099999999999909,2842.711111111111
2017-01-28,2835,0.5319148936170137,2850.4285714285716,2820.233333333333,0.526367168942286,False,2017,1,1482,-28.0,2820.0,2863.0,2735.0,14.766666666666879,2840.811111111111
2017-01-29,2835,0.0,2846.4285714285716,2822.8333333333335,0.5106131470197538,False,2017,1,1482,-28.0,2835.0,2863.0,2757.0,12.166666666666515,2838.911111111111
2017-01-30,2843,0.2821869488536244,2841.714285714286,2826.1,0.5016785835868607,False,2017,1,1482,-33.0,2835.0,2876.0,2745.0,16.90000000000009,2836.9
2017-01-31,2883,1.4069644741470322,2842.5714285714284,2830.7,0.5533494551996612,True,2017,1,1482,6.0,2843.0,2877.0,2745.0,52.30000000000018,2835.011111111111
2017-02-01,2882,-0.03468609087755592,2848.1428571428573,2834.9666666666667,0.5536313673457237,False,2017,2,1482,39.0,2883.0,2843.0,2754.0,47.0333333333333,2833.2
2017-02-02,2922,1.3879250520471897,2860.0,2840.266666666667,0.5972916219028197,True,2017,2,1482,83.0,2882.0,2839.0,2763.0,81.73333333333312,2831.711111111111
2017-02-03,2890,-1.0951403148528382,2870.0,2844.1,0.6393691127426057,False,2017,2,1482,70.0,2922.0,2820.0,2775.0,45.90000000000009,2829.866666666667
2017-02-04,2891,0.0346020761245569,2878.0,2847.5333333333333,0.6365233126218253,False,2017,2,1482,56.0,2890.0,2835.0,2788.0,43.4666666666667,2828.0333333333333
2017-02-05,2891,0.0,2886.0,2850.866666666667,0.6369158609756959,False,2017,2,1482,56.0,2891.0,2835.0,2791.0,40.13333333333321,2826.633333333333
2017-02-06,2908,0.5880318228986603,2895.285714285714,2854.8333333333335,0.6414648673793276,False,2017,2,1482,65.0,2891.0,2843.0,2789.0,53.166666666666515,2825.588888888889
2017-02-07,2927,0.6533700137551612,2901.5714285714284,2859.4333333333334,0.6475625493190281,False,2017,2,1482,44.0,2908.0,2883.0,2789.0,67.5666666666666,2824.6111111111113
2017-02-08,2939,0.40997608472839175,2909.714285714286,2864.3,0.6491095204698246,False,2017,2,1482,57.0,2927.0,2882.0,2793.0,74.69999999999982,2823.988888888889
2017-02-09,2922,-0.5784280367471917,2909.714285714286,2867.766666666667,0.648258212015236,False,2017,2,1482,0.0,2939.0,2922.0,2818.0,54.23333333333312,2823.4777777777776
2017-02-10,2903,-0.6502395619438772,2911.5714285714284,2870.633333333333,0.6629867549528841,False,2017,2,1482,13.0,2922.0,2890.0,2817.0,32.36666666666679,2823.0666666666666
2017-02-11,2917,0.48225973131243993,2915.285714285714,2872.9666666666667,0.6420188272060454,False,2017,2,1482,26.0,2903.0,2891.0,2847.0,44.0333333333333,2822.811111111111
2017-02-12,2917,0.0,2919.0,2875.9333333333334,0.6264970448490521,False,2017,2,1482,26.0,2917.0,2891.0,2828.0,41.066666666666606,2822.6111111111113
2017-02-13,2902,-0.5142269454919468,2918.1428571428573,2878.0666666666666,0.6346163954557862,False,2017,2,1482,-6.0,2917.0,2908.0,2838.0,23.933333333333394,2822.266666666667
2017-02-14,2912,0.344589937973816,2916.0,2880.5333333333333,0.6363038365518878,False,2017,2,1482,-15.0,2902.0,2927.0,2838.0,31.466666666666697,2821.9777777777776
2017-02-15,2900,-0.4120879120879106,2910.4285714285716,2882.0333333333333,0.6350687318669964,False,2017,2,1482,-39.0,2912.0,2939.0,2855.0,17.966666666666697,2821.6555555555556
2017-02-16,2934,1.172413793103444,2912.1428571428573,2884.0666666666666,0.6592758636675639,True,2017,2,1482,12.0,2900.0,2922.0,2873.0,49.933333333333394,2822.1
2017-02-17,2942,0.27266530334015826,2917.714285714286,2886.133333333333,0.6595573677317291,False,2017,2,1482,39.0,2934.0,2903.0,2880.0,55.86666666666679,2822.633333333333
2017-02-18,2936,-0.20394289598911763,2920.4285714285716,2889.0333333333333,0.6254784626634738,False,2017,2,1482,19.0,2942.0,2917.0,2849.0,46.9666666666667,2823.1
2017-02-19,2936,0.0,2923.1428571428573,2891.6,0.623945076089322,False,2017,2,1482,19.0,2936.0,2917.0,2859.0,44.40000000000009,2823.4222222222224
2017-02-20,2926,-0.34059945504086864,2926.5714285714284,2893.7,0.6287818203281436,False,2017,2,1482,24.0,2936.0,2902.0,2863.0,32.30000000000018,2823.5222222222224
2017-02-21,2919,-0.23923444976076125,2927.5714285714284,2895.5666666666666,0.6312712009327162,False,2017,2,1482,7.0,2926.0,2912.0,2863.0,23.433333333333394,2823.8777777777777
2017-02-22,2930,0.37684138403561995,2931.8571428571427,2897.366666666667,0.6297920245680748,False,2017,2,1482,30.0,2919.0,2900.0,2876.0,32.63333333333321,2824.5222222222224
2017-02-23,2941,0.3754266211604129,2932.8571428571427,2899.5,0.6323139446740222,False,2017,2,1482,7.0,2930.0,2934.0,2877.0,41.5,2825.4333333333334
2017-02-24,2955,0.4760285617136928,2934.714285714286,2903.233333333333,0.5896675985103813,False,2017,2,1482,13.0,2941.0,2942.0,2843.0,51.76666666666688,2826.488888888889
2017-02-25,2962,0.23688663282572797,2938.4285714285716,2907.3333333333335,0.5877046179366667,False,2017,2,1482,26.0,2955.0,2936.0,2839.0,54.666666666666515,2827.6222222222223
2017-02-26,2962,0.0,2942.1428571428573,2912.0666666666666,0.5681817587466682,False,2017,2,1482,26.0,2962.0,2936.0,2820.0,49.933333333333394,2828.6666666666665
2017-02-27,2965,0.10128291694799785,2947.714285714286,2916.4,0.5640287405326712,False,2017,2,1482,39.0,2962.0,2926.0,2835.0,48.59999999999991,2829.6555555555556
2017-02-28,2960,-0.1686340640809414,2953.5714285714284,2920.5666666666666,0.566421721199426,False,2017,2,1482,41.0,2965.0,2919.0,2835.0,39.433333333333394,2830.8888888888887
2017-03-01,2935,-0.8445945945945943,2954.285714285714,2923.633333333333,0.5937431949432274,False,2017,3,1482,5.0,2960.0,2930.0,2843.0,11.366666666666788,2832.3888888888887
2017-03-02,2929,-0.20442930153321548,2952.5714285714284,2925.1666666666665,0.5428810406155712,False,2017,3,1482,-12.0,2935.0,2941.0,2883.0,3.833333333333485,2833.366666666667
2017-03-03,2904,-0.8535336292249895,2945.285714285714,2925.9,0.5675296500089345,False,2017,3,1482,-51.0,2929.0,2955.0,2882.0,-21.90000000000009,2834.0444444444443
2017-03-04,2902,-0.06887052341597588,2936.714285714286,2925.233333333333,0.5060553501090318,False,2017,3,1482,-60.0,2904.0,2962.0,2922.0,-23.23333333333312,2834.7
2017-03-05,2902,0.0,2928.1428571428573,2925.633333333333,0.46367290656488436,False,2017,3,1482,-60.0,2902.0,2962.0,2890.0,-23.633333333333212,2835.7
2017-03-06,2908,0.2067539627842896,2920.0,2926.2,0.4649891678660213,False,2017,3,1482,-57.0,2902.0,2965.0,2891.0,-18.199999999999818,2836.988888888889
2017-03-07,2880,-0.9628610729023435,2908.5714285714284,2925.8333333333335,0.4984832819918122,False,2017,3,1482,-80.0,2908.0,2960.0,2891.0,-45.833333333333485,2837.8777777777777
2017-03-08,2864,-0.5555555555555536,2898.4285714285716,2924.366666666667,0.494766925024001,False,2017,3,1482,-71.0,2880.0,2935.0,2908.0,-60.36666666666679,2838.811111111111
2017-03-09,2852,-0.41899441340782495,2887.4285714285716,2921.866666666667,0.4807657355325437,False,2017,3,1482,-77.0,2864.0,2929.0,2927.0,-69.86666666666679,2839.7444444444445
2017-03-10,2834,-0.6311360448807868,2877.4285714285716,2918.366666666667,0.48135215125372144,False,2017,3,1482,-70.0,2852.0,2904.0,2939.0,-84.36666666666679,2840.588888888889
2017-03-11,2837,0.10585744530697827,2868.1428571428573,2915.5333333333333,0.4750551789559744,False,2017,3,1482,-65.0,2834.0,2902.0,2922.0,-78.5333333333333,2841.4666666666667
2017-03-12,2837,0.0,2858.8571428571427,2913.3333333333335,0.463652310218543,False,2017,3,1482,-65.0,2837.0,2902.0,2903.0,-76.33333333333348,2842.4222222222224
2017-03-13,2825,-0.4229820232640069,2847.0,2910.266666666667,0.4554800529403804,False,2017,3,1482,-83.0,2837.0,2908.0,2917.0,-85.26666666666688,2843.2
2017-03-14,2812,-0.46017699115044053,2837.285714285714,2906.766666666667,0.45952612630425127,False,2017,3,1482,-68.0,2825.0,2880.0,2917.0,-94.76666666666688,2843.733333333333
2017-03-15,2796,-0.5689900426742556,2827.5714285714284,2903.233333333333,0.4612471802261977,False,2017,3,1482,-68.0,2812.0,2864.0,2902.0,-107.23333333333312,2844.766666666667
2017-03-16,2845,1.7525035765379116,2826.5714285714284,2901.0,0.5694013747990642,True,2017,3,1482,-7.0,2796.0,2852.0,2912.0,-56.0,2846.311111111111
2017-03-17,2848,0.10544815465729496,2828.5714285714284,2899.266666666667,0.5667012467033122,False,2017,3,1482,14.0,2845.0,2834.0,2900.0,-51.26666666666688,2847.777777777778
2017-03-18,2851,0.1053370786516794,2830.5714285714284,2896.5,0.5181721586823768,False,2017,3,1482,14.0,2848.0,2837.0,2934.0,-45.5,2849.277777777778
2017-03-19,2851,0.0,2832.5714285714284,2893.4666666666667,0.5138868380684734,False,2017,3,1482,14.0,2851.0,2837.0,2942.0,-42.4666666666667,2850.7444444444445
2017-03-20,2854,0.10522623640827344,2836.714285714286,2890.733333333333,0.5149001949811347,False,2017,3,1482,29.0,2851.0,2825.0,2936.0,-36.73333333333312,2852.3888888888887
2017-03-21,2865,0.3854239663630077,2844.285714285714,2888.366666666667,0.5220618921456129,False,2017,3,1482,53.0,2854.0,2812.0,2936.0,-23.366666666666788,2854.133333333333
2017-03-22,2888,0.8027923211169297,2857.4285714285716,2887.1,0.543688534882071,False,2017,3,1482,92.0,2865.0,2796.0,2926.0,0.900000000000091,2856.188888888889
2017-03-23,2886,-0.06925207756233176,2863.285714285714,2886.0,0.5424479950261158,False,2017,3,1482,41.0,2888.0,2845.0,2919.0,0.0,2858.2555555555555
2017-03-24,2880,-0.20790020790020236,2867.8571428571427,2884.3333333333335,0.5375681393158634,False,2017,3,1482,32.0,2886.0,2848.0,2930.0,-4.333333333333485,2860.266666666667
2017-03-25,2879,-0.03472222222222765,2871.8571428571427,2882.266666666667,0.531398640535072,False,2017,3,1482,28.0,2880.0,2851.0,2941.0,-3.266666666666879,2862.266666666667
2017-03-26,2879,0.0,2875.8571428571427,2879.733333333333,0.5215592167450591,False,2017,3,1482,28.0,2879.0,2851.0,2955.0,-0.7333333333331211,2864.288888888889
2017-03-27,2884,0.1736714136853168,2880.1428571428573,2877.133333333333,0.5203380680914214,False,2017,3,1482,30.0,2879.0,2854.0,2962.0,6.866666666666788,2866.0777777777776
2017-03-28,2888,0.1386962552011095,2883.4285714285716,2874.6666666666665,0.5217575591510574,False,2017,3,1482,23.0,2884.0,2865.0,2962.0,13.333333333333485,2867.8777777777777
2017-03-29,2865,-0.7963988919667542,2880.1428571428573,2871.3333333333335,0.5363618130802935,False,2017,3,1482,-23.0,2888.0,2888.0,2965.0,-6.333333333333485,2869.322222222222
2017-03-30,2864,-0.03490401396160081,2877.0,2868.133333333333,0.5364384358781492,False,2017,3,1482,-22.0,2865.0,2886.0,2960.0,-4.133333333333212,2870.511111111111
2017-03-31,2851,-0.4539106145251437,2872.8571428571427,2865.3333333333335,0.5225127755355191,False,2017,3,1482,-29.0,2864.0,2880.0,2935.0,-14.333333333333485,2871.688888888889
2017-04-01,2846,-0.17537706068045944,2868.1428571428573,2862.5666666666666,0.5223306847154997,False,2017,4,1482,-33.0,2851.0,2879.0,2929.0,-16.566666666666606,2872.811111111111
2017-04-02,2846,0.0,2863.4285714285716,2860.633333333333,0.5024251544300283,False,2017,4,1482,-33.0,2846.0,2879.0,2904.0,-14.633333333333212,2873.8333333333335
2017-04-03,2869,0.8081517919887649,2861.285714285714,2859.5333333333333,0.5271593688316415,False,2017,4,1482,-15.0,2846.0,2884.0,2902.0,9.466666666666697,2875.011111111111
2017-04-04,2889,0.6971070059254014,2861.4285714285716,2859.1,0.5439335366011276,False,2017,4,1482,1.0,2869.0,2888.0,2902.0,29.90000000000009,2876.277777777778
2017-04-05,2868,-0.7268951194184803,2861.8571428571427,2857.766666666667,0.5574367748530431,False,2017,4,1482,3.0,2889.0,2865.0,2908.0,10.233333333333121,2877.1666666666665
2017-04-06,2875,0.24407252440725724,2863.4285714285716,2857.6,0.5318496435956583,False,2017,4,1482,11.0,2868.0,2864.0,2880.0,17.40000000000009,2878.1
2017-04-07,2889,0.48695652173913473,2868.8571428571427,2858.4333333333334,0.5286466586597574,False,2017,4,1482,38.0,2875.0,2851.0,2864.0,30.566666666666606,2879.211111111111
2017-04-08,2868,-0.7268951194184803,2872.0,2858.9666666666667,0.5405260112271194,False,2017,4,1482,22.0,2889.0,2846.0,2852.0,9.033333333333303,2880.088888888889
2017-04-09,2868,0.0,2875.1428571428573,2860.1,0.5264046921781634,False,2017,4,1482,22.0,2868.0,2846.0,2834.0,7.900000000000091,2880.9222222222224
2017-04-10,2869,0.03486750348675738,2875.1428571428573,2861.1666666666665,0.5262630675702655,False,2017,4,1482,0.0,2868.0,2869.0,2837.0,7.833333333333485,2881.488888888889
2017-04-11,2909,1.394214011850825,2878.0,2863.5666666666666,0.5813978041293884,True,2017,4,1482,20.0,2869.0,2889.0,2837.0,45.433333333333394,2882.511111111111
2017-04-12,2926,0.584393262289451,2886.285714285714,2866.9333333333334,0.5801246182498866,False,2017,4,1482,58.0,2909.0,2868.0,2825.0,59.066666666666606,2883.3888888888887
2017-04-13,2933,0.23923444976077235,2894.5714285714284,2870.9666666666667,0.5700212632343395,False,2017,4,1482,58.0,2926.0,2875.0,2812.0,62.0333333333333,2884.5555555555557
2017-04-14,2941,0.27275826798500713,2902.0,2875.8,0.5543127425656725,False,2017,4,1482,52.0,2933.0,2889.0,2796.0,65.19999999999982,2885.7
2017-04-15,2941,0.0,2912.4285714285716,2879.0,0.46732400352618986,False,2017,4,1482,73.0,2941.0,2868.0,2845.0,62.0,2886.8444444444444
2017-04-16,2941,0.0,2922.8571428571427,2882.1,0.4677692794576853,False,2017,4,1482,73.0,2941.0,2868.0,2848.0,58.90000000000009,2887.8
2017-04-17,2946,0.1700102006120474,2933.8571428571427,2885.266666666667,0.46790453486595746,False,2017,4,1482,77.0,2941.0,2869.0,2851.0,60.73333333333312,2888.6111111111113
2017-04-18,2941,-0.16972165648336812,2938.4285714285716,2888.266666666667,0.4703050026608424,False,2017,4,1482,32.0,2946.0,2909.0,2851.0,52.73333333333312,2889.288888888889
2017-04-19,2928,-0.44202652159129885,2938.714285714286,2890.733333333333,0.4807811773578494,False,2017,4,1482,2.0,2941.0,2926.0,2854.0,37.26666666666688,2890.1666666666665
2017-04-20,2931,0.10245901639345245,2938.4285714285716,2892.9333333333334,0.477478416827248,False,2017,4,1482,-2.0,2928.0,2933.0,2865.0,38.066666666666606,2890.9666666666667
2017-04-21,2938,0.23882633913339113,2938.0,2894.6,0.45865044879524874,False,2017,4,1482,-3.0,2931.0,2941.0,2888.0,43.40000000000009,2891.8
2017-04-22,2942,0.1361470388019148,2938.1428571428573,2896.4666666666667,0.45821440659723794,False,2017,4,1482,1.0,2938.0,2941.0,2886.0,45.5333333333333,2892.677777777778
2017-04-23,2942,0.0,2938.285714285714,2898.5333333333333,0.4555074302783673,False,2017,4,1482,1.0,2942.0,2941.0,2880.0,43.4666666666667,2893.411111111111
2017-04-24,2908,-1.1556764106050332,2932.8571428571427,2899.5,0.5075666107078222,True,2017,4,1482,-38.0,2942.0,2946.0,2879.0,8.5,2893.7555555555555
2017-04-25,2891,-0.5845942228335677,2925.714285714286,2899.9,0.5200123775132381,False,2017,4,1482,-50.0,2908.0,2941.0,2879.0,-8.900000000000091,2894.288888888889
2017-04-26,2873,-0.6226219301279867,2917.8571428571427,2899.5333333333333,0.5318314666110018,False,2017,4,1482,-55.0,2891.0,2928.0,2884.0,-26.533333333333303,2894.6666666666665
2017-04-27,2881,0.2784545770971203,2910.714285714286,2899.3,0.5337997860945639,False,2017,4,1482,-50.0,2873.0,2931.0,2888.0,-18.300000000000182,2895.3444444444444
2017-04-28,2886,0.1735508503991623,2903.285714285714,2900.0,0.5133008107466421,False,2017,4,1482,-52.0,2881.0,2938.0,2865.0,-14.0,2895.911111111111
2017-04-29,2887,0.03465003465004113,2895.4285714285716,2900.766666666667,0.5131750781103848,False,2017,4,1482,-55.0,2886.0,2942.0,2864.0,-13.766666666666879,2896.488888888889
2017-04-30,2887,0.0,2887.5714285714284,2901.9666666666667,0.5051065417993106,False,2017,4,1482,-55.0,2887.0,2942.0,2851.0,-14.966666666666697,2896.9777777777776
2017-05-01,2883,-0.13855213023900026,2884.0,2903.2,0.5046018693499864,False,2017,5,1482,-25.0,2887.0,2908.0,2846.0,-20.199999999999818,2896.9777777777776
2017-05-02,2857,-0.9018383628165094,2879.1428571428573,2903.5666666666666,0.5333745998249968,False,2017,5,1482,-34.0,2883.0,2891.0,2846.0,-46.566666666666606,2896.7
2017-05-03,2849,-0.2800140007000351,2875.714285714286,2902.9,0.5141773670596446,False,2017,5,1482,-24.0,2857.0,2873.0,2869.0,-53.90000000000009,2895.8888888888887
2017-05-04,2809,-1.4040014040014093,2865.4285714285716,2900.233333333333,0.554370457798117,True,2017,5,1482,-72.0,2849.0,2881.0,2889.0,-91.23333333333312,2894.988888888889
2017-05-05,2810,0.03559985760057671,2854.5714285714284,2898.3,0.5415939269541669,False,2017,5,1482,-76.0,2809.0,2886.0,2868.0,-88.30000000000018,2894.088888888889
2017-05-06,2807,-0.1067615658362997,2843.1428571428573,2896.0333333333333,0.5384315445702316,False,2017,5,1482,-80.0,2810.0,2887.0,2875.0,-89.0333333333333,2893.1555555555556
2017-05-07,2807,0.0,2831.714285714286,2893.3,0.5280415250232862,False,2017,5,1482,-80.0,2807.0,2887.0,2889.0,-86.30000000000018,2892.0333333333333
2017-05-08,2810,0.10687566797291659,2821.285714285714,2891.366666666667,0.5154042570256755,False,2017,5,1482,-73.0,2807.0,2883.0,2868.0,-81.36666666666679,2890.733333333333
2017-05-09,2800,-0.3558718861209953,2813.1428571428573,2889.1,0.5179032409809566,False,2017,5,1482,-57.0,2810.0,2857.0,2868.0,-89.09999999999991,2889.188888888889
2017-05-10,2805,0.17857142857142794,2806.8571428571427,2886.9666666666667,0.519651038560674,False,2017,5,1482,-44.0,2800.0,2849.0,2869.0,-81.9666666666667,2887.8888888888887
2017-05-11,2806,0.035650623885907784,2806.4285714285716,2883.5333333333333,0.44046584831972135,False,2017,5,1482,-3.0,2805.0,2809.0,2909.0,-77.5333333333333,2886.811111111111
2017-05-12,2807,0.03563791874554578,2806.0,2879.5666666666666,0.4212151235372386,False,2017,5,1482,-3.0,2806.0,2810.0,2926.0,-72.5666666666666,2885.588888888889
2017-05-13,2801,-0.21375133594584428,2805.1428571428573,2875.1666666666665,0.4153246138595147,False,2017,5,1482,-6.0,2807.0,2807.0,2933.0,-74.16666666666652,2884.3
2017-05-14,2801,0.0,2804.285714285714,2870.5,0.40862472133478234,False,2017,5,1482,-6.0,2801.0,2807.0,2941.0,-69.5,2883.177777777778
2017-05-15,2808,0.2499107461620742,2804.0,2866.0666666666666,0.4145380493808635,False,2017,5,1482,-2.0,2801.0,2810.0,2941.0,-58.066666666666606,2882.0222222222224
2017-05-16,2812,0.14245014245013454,2805.714285714286,2861.766666666667,0.4171621581629903,False,2017,5,1482,12.0,2808.0,2800.0,2941.0,-49.76666666666688,2881.0444444444443
2017-05-17,2858,1.6358463726884764,2813.285714285714,2858.8333333333335,0.5271159133484936,True,2017,5,1482,53.0,2812.0,2805.0,2946.0,-0.8333333333334849,2880.2
2017-05-18,2875,0.5948215535339418,2823.1428571428573,2856.633333333333,0.541888370927511,False,2017,5,1482,69.0,2858.0,2806.0,2941.0,18.366666666666788,2879.4555555555557
2017-05-19,2861,-0.48695652173913473,2830.8571428571427,2854.4,0.5430009438084795,False,2017,5,1482,54.0,2875.0,2807.0,2928.0,6.599999999999909,2878.6222222222223
2017-05-20,2864,0.10485844110450504,2839.8571428571427,2852.1666666666665,0.5430282674411252,False,2017,5,1482,63.0,2861.0,2801.0,2931.0,11.833333333333485,2877.822222222222
2017-05-21,2864,0.0,2848.8571428571427,2849.7,0.5400015612589116,False,2017,5,1482,63.0,2864.0,2801.0,2938.0,14.300000000000182,2877.133333333333
2017-05-22,2874,0.34916201117318746,2858.285714285714,2847.4333333333334,0.5443732590248268,False,2017,5,1482,66.0,2864.0,2808.0,2942.0,26.566666666666606,2876.633333333333
2017-05-23,2890,0.5567153792623625,2869.4285714285716,2845.7,0.5564260537630236,False,2017,5,1482,78.0,2874.0,2812.0,2942.0,44.30000000000018,2876.188888888889
2017-05-24,2869,-0.726643598615917,2871.0,2844.4,0.5322263988549378,False,2017,5,1482,11.0,2890.0,2858.0,2908.0,24.59999999999991,2875.3888888888887
2017-05-25,2864,-0.17427675148135036,2869.4285714285716,2843.5,0.5230380808926642,False,2017,5,1482,-11.0,2869.0,2875.0,2891.0,20.5,2874.3777777777777
2017-05-26,2885,0.7332402234636826,2872.8571428571427,2843.9,0.5286097514859269,False,2017,5,1482,24.0,2864.0,2861.0,2873.0,41.09999999999991,2873.5222222222224
2017-05-27,2889,0.1386481802426287,2876.4285714285716,2844.1666666666665,0.5268225227849543,False,2017,5,1482,25.0,2885.0,2864.0,2881.0,44.833333333333485,2872.711111111111
2017-05-28,2889,0.0,2880.0,2844.266666666667,0.5259233914553321,False,2017,5,1482,25.0,2889.0,2864.0,2886.0,44.73333333333312,2871.866666666667
2017-05-29,2889,0.0,2882.1428571428573,2844.3333333333335,0.5258936212208709,False,2017,5,1482,15.0,2889.0,2874.0,2887.0,44.666666666666515,2871.0777777777776
2017-05-30,2879,-0.346140533056416,2880.5714285714284,2844.0666666666666,0.5297592528173537,False,2017,5,1482,-11.0,2889.0,2890.0,2887.0,34.933333333333394,2870.4555555555557
2017-05-31,2871,-0.27787426189649356,2880.8571428571427,2843.6666666666665,0.5315517910212094,False,2017,5,1482,2.0,2879.0,2869.0,2883.0,27.333333333333485,2869.811111111111
2017-06-01,2862,-0.31347962382445305,2880.5714285714284,2843.8333333333335,0.5079384911886125,False,2017,6,1482,-2.0,2871.0,2864.0,2857.0,18.166666666666515,2869.3444444444444
2017-06-02,2888,0.9084556254367548,2881.0,2845.133333333333,0.5306154968536811,False,2017,6,1482,3.0,2862.0,2885.0,2849.0,42.86666666666679,2869.188888888889
2017-06-03,2887,-0.03462603878116033,2880.714285714286,2847.733333333333,0.45503440668723955,False,2017,6,1482,-2.0,2888.0,2889.0,2809.0,39.26666666666688,2869.0222222222224
2017-06-04,2887,0.0,2880.4285714285716,2850.3,0.45523384238266207,False,2017,6,1482,-2.0,2887.0,2889.0,2810.0,36.69999999999982,2868.788888888889
2017-06-05,2899,0.4156563907170119,2881.8571428571427,2853.366666666667,0.4573890316471111,False,2017,6,1482,10.0,2887.0,2889.0,2807.0,45.63333333333321,2869.0
2017-06-06,2953,1.8627112797516387,2892.4285714285716,2858.233333333333,0.5575974355310794,True,2017,6,1482,74.0,2899.0,2879.0,2807.0,94.76666666666688,2869.988888888889
2017-06-07,2952,-0.033863867253636215,2904.0,2862.9666666666667,0.5587434012164342,False,2017,6,1482,81.0,2953.0,2871.0,2810.0,89.0333333333333,2871.1
2017-06-08,2910,-1.4227642276422814,2910.8571428571427,2866.633333333333,0.623323387964841,True,2017,6,1482,48.0,2952.0,2862.0,2800.0,43.36666666666679,2871.9444444444443
2017-06-09,2895,-0.5154639175257714,2911.8571428571427,2869.633333333333,0.6342573992605194,False,2017,6,1482,7.0,2910.0,2888.0,2805.0,25.366666666666788,2872.588888888889
2017-06-10,2902,0.24179620034541216,2914.0,2872.8333333333335,0.6345713963014828,False,2017,6,1482,15.0,2895.0,2887.0,2806.0,29.166666666666515,2873.311111111111
2017-06-11,2902,0.0,2916.1428571428573,2876.0,0.6347567432845969,False,2017,6,1482,15.0,2902.0,2887.0,2807.0,26.0,2874.1666666666665
2017-06-12,2899,-0.1033769813921448,2916.1428571428573,2879.266666666667,0.6331156017239365,False,2017,6,1482,0.0,2902.0,2899.0,2801.0,19.73333333333312,2875.133333333333
2017-06-13,2890,-0.31045187995860646,2907.1428571428573,2882.233333333333,0.6376088776438631,False,2017,6,1482,-63.0,2899.0,2953.0,2801.0,7.766666666666879,2876.177777777778
2017-06-14,2903,0.44982698961937295,2900.1428571428573,2885.4,0.6402012205005332,False,2017,6,1482,-49.0,2890.0,2952.0,2808.0,17.59999999999991,2876.822222222222
2017-06-15,2879,-0.8267309679641732,2895.714285714286,2887.633333333333,0.6627184173104091,False,2017,6,1482,-31.0,2903.0,2910.0,2812.0,-8.633333333333212,2877.1666666666665
2017-06-16,2874,-0.1736714136853057,2892.714285714286,2888.1666666666665,0.5951969904317616,False,2017,6,1482,-21.0,2879.0,2895.0,2858.0,-14.166666666666515,2877.4222222222224
2017-06-17,2869,-0.17397355601947995,2888.0,2887.9666666666667,0.5860892963147235,False,2017,6,1482,-33.0,2874.0,2902.0,2875.0,-18.966666666666697,2877.6222222222223
2017-06-18,2869,0.0,2883.285714285714,2888.233333333333,0.5789901241101624,False,2017,6,1482,-33.0,2869.0,2902.0,2861.0,-19.23333333333312,2877.788888888889
2017-06-19,2859,-0.3485535029627007,2877.5714285714284,2888.0666666666666,0.5823615832666399,False,2017,6,1482,-40.0,2869.0,2899.0,2864.0,-29.066666666666606,2877.722222222222
2017-06-20,2853,-0.20986358866736943,2872.285714285714,2887.7,0.5835687375053076,False,2017,6,1482,-37.0,2859.0,2890.0,2864.0,-34.69999999999982,2877.3333333333335
2017-06-21,2854,0.0350508236943492,2865.285714285714,2887.0333333333333,0.5796854304671407,False,2017,6,1482,-49.0,2853.0,2903.0,2874.0,-33.0333333333333,2876.9777777777776
2017-06-22,2868,0.4905395935529189,2863.714285714286,2886.3,0.5775305863280288,False,2017,6,1482,-11.0,2854.0,2879.0,2890.0,-18.300000000000182,2876.8444444444444
2017-06-23,2874,0.20920502092049986,2863.714285714286,2886.4666666666667,0.5633620861603262,False,2017,6,1482,0.0,2868.0,2874.0,2869.0,-12.466666666666697,2876.788888888889
2017-06-24,2873,-0.03479471120390043,2864.285714285714,2886.766666666667,0.5623863019536193,False,2017,6,1482,4.0,2874.0,2869.0,2864.0,-13.766666666666879,2876.722222222222
2017-06-25,2873,0.0,2864.8571428571427,2886.366666666667,0.5456436569922264,False,2017,6,1482,4.0,2873.0,2869.0,2885.0,-13.366666666666788,2876.6
2017-06-26,2847,-0.9049773755656076,2863.1428571428573,2884.9666666666667,0.5684684717726616,False,2017,6,1482,-12.0,2873.0,2859.0,2889.0,-37.9666666666667,2876.1444444444446
2017-06-27,2856,0.31612223393044925,2863.5714285714284,2883.866666666667,0.572291478436512,False,2017,6,1482,3.0,2847.0,2853.0,2889.0,-27.866666666666788,2876.0444444444443
2017-06-28,2860,0.1400560224089631,2864.4285714285716,2882.9,0.5731718391865239,False,2017,6,1482,6.0,2856.0,2854.0,2889.0,-22.90000000000009,2876.0
2017-06-29,2851,-0.3146853146853146,2862.0,2881.9666666666667,0.5726059299402967,False,2017,6,1482,-17.0,2860.0,2868.0,2879.0,-30.966666666666697,2876.0
2017-06-30,2847,-0.140301648544372,2858.1428571428573,2881.1666666666665,0.5711094945276054,False,2017,6,1482,-27.0,2851.0,2874.0,2871.0,-34.166666666666515,2876.011111111111
2017-07-01,2844,-0.10537407797681642,2854.0,2880.5666666666666,0.568761400274842,False,2017,7,1482,-29.0,2847.0,2873.0,2862.0,-36.566666666666606,2875.988888888889
2017-07-02,2844,0.0,2849.8571428571427,2879.1,0.5411680416502401,False,2017,7,1482,-29.0,2844.0,2873.0,2888.0,-35.09999999999991,2875.711111111111
2017-07-03,2815,-1.0196905766525988,2845.285714285714,2876.7,0.569368464032204,False,2017,7,1482,-32.0,2844.0,2847.0,2887.0,-61.69999999999982,2874.8888888888887
2017-07-04,2813,-0.0710479573712286,2839.1428571428573,2874.233333333333,0.5691608293015811,False,2017,7,1482,-43.0,2815.0,2856.0,2887.0,-61.23333333333312,2874.277777777778
2017-07-05,2809,-0.14219694276572659,2831.8571428571427,2871.233333333333,0.5612999090055556,False,2017,7,1482,-51.0,2813.0,2860.0,2899.0,-62.23333333333312,2873.5444444444443
2017-07-06,2811,0.07119971520113122,2826.1428571428573,2866.5,0.4232079200854682,False,2017,7,1482,-40.0,2809.0,2851.0,2953.0,-55.5,2872.677777777778
2017-07-07,2786,-0.8893632159373888,2817.4285714285716,2860.9666666666667,0.4425677159156495,False,2017,7,1482,-61.0,2811.0,2847.0,2952.0,-74.9666666666667,2871.766666666667
2017-07-08,2778,-0.2871500358937573,2808.0,2856.5666666666666,0.37741917252242085,False,2017,7,1482,-66.0,2786.0,2844.0,2910.0,-78.5666666666666,2870.766666666667
2017-07-09,2778,0.0,2798.5714285714284,2852.6666666666665,0.37208831128938347,False,2017,7,1482,-66.0,2778.0,2844.0,2895.0,-74.66666666666652,2869.7555555555555
2017-07-10,2772,-0.2159827213822907,2792.4285714285716,2848.3333333333335,0.36535479581420327,False,2017,7,1482,-43.0,2778.0,2815.0,2902.0,-76.33333333333348,2868.233333333333
2017-07-11,2769,-0.10822510822511289,2786.1428571428573,2843.9,0.36433501796252815,False,2017,7,1482,-44.0,2772.0,2813.0,2902.0,-74.90000000000009,2866.488888888889
2017-07-12,2793,0.8667388949079147,2783.8571428571427,2840.366666666667,0.40939675941684317,False,2017,7,1482,-16.0,2769.0,2809.0,2899.0,-47.36666666666679,2864.9333333333334
2017-07-13,2786,-0.25062656641604564,2780.285714285714,2836.9,0.40859851331834685,False,2017,7,1482,-25.0,2793.0,2811.0,2890.0,-50.90000000000009,2863.211111111111
2017-07-14,2798,0.4307250538406304,2782.0,2833.4,0.40769172521443703,False,2017,7,1482,12.0,2786.0,2786.0,2903.0,-35.40000000000009,2861.6222222222223
2017-07-15,2800,0.07147962830593713,2785.1428571428573,2830.766666666667,0.386581580512573,False,2017,7,1482,22.0,2798.0,2778.0,2879.0,-30.76666666666688,2860.0555555555557
2017-07-16,2800,0.0,2788.285714285714,2828.3,0.3866164109353467,False,2017,7,1482,22.0,2800.0,2778.0,2874.0,-28.300000000000182,2858.4333333333334
2017-07-17,2810,0.3571428571428559,2793.714285714286,2826.3333333333335,0.39453727230195507,False,2017,7,1482,38.0,2800.0,2772.0,2869.0,-16.333333333333485,2856.9777777777776
2017-07-18,2824,0.4982206405693912,2801.5714285714284,2824.8333333333335,0.40778298231577903,False,2017,7,1482,55.0,2810.0,2769.0,2869.0,-0.8333333333334849,2855.822222222222
2017-07-19,2822,-0.07082152974504652,2805.714285714286,2823.6,0.4039500409700599,False,2017,7,1482,29.0,2824.0,2793.0,2859.0,-1.599999999999909,2854.6111111111113
2017-07-20,2830,0.28348688873138794,2812.0,2822.8333333333335,0.4069379452746934,False,2017,7,1482,44.0,2822.0,2786.0,2853.0,7.166666666666515,2853.411111111111
2017-07-21,2848,0.6360424028268641,2819.1428571428573,2822.633333333333,0.42447130022485924,False,2017,7,1482,50.0,2830.0,2798.0,2854.0,25.366666666666788,2852.366666666667
2017-07-22,2854,0.21067415730338102,2826.8571428571427,2822.1666666666665,0.416173294641551,False,2017,7,1482,54.0,2848.0,2800.0,2868.0,31.833333333333485,2851.3888888888887
2017-07-23,2854,0.0,2834.5714285714284,2821.5,0.41402594751039695,False,2017,7,1482,54.0,2854.0,2800.0,2874.0,32.5,2850.788888888889
2017-07-24,2855,0.03503854239663706,2841.0,2820.9,0.41415041220657683,False,2017,7,1482,45.0,2854.0,2810.0,2873.0,34.09999999999991,2850.3888888888887
2017-07-25,2846,-0.3152364273204866,2844.1428571428573,2820.0,0.41760708075690484,False,2017,7,1482,22.0,2855.0,2824.0,2873.0,26.0,2850.088888888889
2017-07-26,2836,-0.35137034434293835,2846.1428571428573,2819.633333333333,0.38888186790187373,False,2017,7,1482,14.0,2846.0,2822.0,2847.0,16.366666666666788,2849.588888888889
2017-07-27,2842,0.21156558533146352,2847.8571428571427,2819.1666666666665,0.3862981343662235,False,2017,7,1482,12.0,2836.0,2830.0,2856.0,22.833333333333485,2849.1
2017-07-28,2853,0.38705137227303954,2848.5714285714284,2818.9333333333334,0.39231650709236743,False,2017,7,1482,5.0,2842.0,2848.0,2860.0,34.066666666666606,2848.722222222222
2017-07-29,2858,0.1752541184717904,2849.1428571428573,2819.1666666666665,0.3892705380235243,False,2017,7,1482,4.0,2853.0,2854.0,2851.0,38.833333333333485,2848.4
2017-07-30,2858,0.0,2849.714285714286,2819.5333333333333,0.388257590957564,False,2017,7,1482,4.0,2858.0,2854.0,2847.0,38.4666666666667,2848.1222222222223
2017-07-31,2859,0.03498950314906324,2850.285714285714,2820.0333333333333,0.3876198393966542,False,2017,7,1482,4.0,2858.0,2855.0,2844.0,38.9666666666667,2848.1444444444446
2017-08-01,2848,-0.38474991255683655,2850.5714285714284,2820.1666666666665,0.3945480484900325,False,2017,8,1482,2.0,2859.0,2846.0,2844.0,27.833333333333485,2848.133333333333
2017-08-02,2847,-0.0351123595505598,2852.1428571428573,2821.233333333333,0.34405386400232285,False,2017,8,1482,11.0,2848.0,2836.0,2815.0,25.76666666666688,2848.5555555555557
2017-08-03,2847,0.0,2852.8571428571427,2822.366666666667,0.3435196358254346,False,2017,8,1482,5.0,2847.0,2842.0,2813.0,24.633333333333212,2848.9666666666667
2017-08-04,2844,-0.10537407797681642,2851.5714285714284,2823.5333333333333,0.3429091101504366,False,2017,8,1482,-9.0,2847.0,2853.0,2809.0,20.466666666666697,2849.3777777777777
2017-08-05,2841,-0.10548523206751481,2849.1428571428573,2824.5333333333333,0.34390354999735895,False,2017,8,1482,-17.0,2844.0,2858.0,2811.0,16.466666666666697,2849.7555555555555
2017-08-06,2841,0.0,2846.714285714286,2826.366666666667,0.29644547997398835,False,2017,8,1482,-17.0,2841.0,2858.0,2786.0,14.633333333333212,2850.1
2017-08-07,2845,0.14079549454417695,2844.714285714286,2828.6,0.2890905535008553,False,2017,8,1482,-14.0,2841.0,2859.0,2778.0,16.40000000000009,2850.6
2017-08-08,2833,-0.4217926186291687,2842.5714285714284,2830.4333333333334,0.30302989267029573,False,2017,8,1482,-15.0,2845.0,2848.0,2778.0,2.566666666666606,2850.911111111111
2017-08-09,2877,1.553123896929054,2846.8571428571427,2833.9333333333334,0.4022069341058404,True,2017,8,1482,30.0,2833.0,2847.0,2772.0,43.066666666666606,2851.7
2017-08-10,2919,1.4598540145985384,2857.1428571428573,2838.9333333333334,0.4674766030973249,True,2017,8,1482,72.0,2877.0,2847.0,2769.0,80.0666666666666,2852.9444444444443
2017-08-11,2917,-0.06851661527920161,2867.5714285714284,2843.0666666666666,0.4507839682227361,False,2017,8,1482,73.0,2919.0,2844.0,2793.0,73.9333333333334,2854.233333333333
2017-08-12,2920,0.1028453890983938,2878.8571428571427,2847.5333333333333,0.44464050360196183,False,2017,8,1482,79.0,2917.0,2841.0,2786.0,72.4666666666667,2855.5555555555557
2017-08-13,2920,0.0,2890.1428571428573,2851.6,0.44246796244192116,False,2017,8,1482,79.0,2920.0,2841.0,2798.0,68.40000000000009,2856.8
2017-08-14,2908,-0.4109589041095929,2899.1428571428573,2855.2,0.4537905091895661,False,2017,8,1482,63.0,2920.0,2845.0,2800.0,52.80000000000018,2857.866666666667
2017-08-15,2908,0.0,2909.8571428571427,2858.8,0.4537905091895661,False,2017,8,1482,75.0,2908.0,2833.0,2800.0,49.19999999999982,2858.4222222222224
2017-08-16,2890,-0.6189821182943644,2911.714285714286,2861.4666666666667,0.4713899376398763,False,2017,8,1482,13.0,2908.0,2877.0,2810.0,28.533333333333303,2858.588888888889
2017-08-17,2910,0.6920415224913601,2910.4285714285716,2864.3333333333335,0.47838764453894195,False,2017,8,1482,-9.0,2890.0,2919.0,2824.0,45.666666666666515,2859.133333333333
2017-08-18,2933,0.7903780068728494,2912.714285714286,2868.0333333333333,0.4933186065239411,False,2017,8,1482,16.0,2910.0,2917.0,2822.0,64.9666666666667,2859.9
2017-08-19,2916,-0.5796113194681207,2912.1428571428573,2870.9,0.5089691254421346,False,2017,8,1482,-4.0,2933.0,2920.0,2830.0,45.09999999999991,2860.4777777777776
2017-08-20,2916,0.0,2911.5714285714284,2873.1666666666665,0.4990676708313337,False,2017,8,1482,-4.0,2916.0,2920.0,2848.0,42.833333333333485,2860.9444444444443
2017-08-21,2924,0.274348422496562,2913.8571428571427,2875.5,0.49977799480652874,False,2017,8,1482,16.0,2916.0,2908.0,2854.0,48.5,2861.322222222222
2017-08-22,2910,-0.4787961696306464,2914.1428571428573,2877.366666666667,0.5100268133309681,False,2017,8,1482,2.0,2924.0,2908.0,2854.0,32.63333333333321,2861.777777777778
2017-08-23,2915,0.1718213058419238,2917.714285714286,2879.366666666667,0.5103513729699394,False,2017,8,1482,25.0,2910.0,2890.0,2855.0,35.63333333333321,2862.3444444444444
2017-08-24,2907,-0.2744425385934779,2917.285714285714,2881.4,0.5093412277345488,False,2017,8,1482,-3.0,2915.0,2910.0,2846.0,25.59999999999991,2862.588888888889
2017-08-25,2911,0.13759889920881285,2914.1428571428573,2883.9,0.5031128548903993,False,2017,8,1482,-22.0,2907.0,2933.0,2836.0,27.09999999999991,2862.8333333333335
2017-08-26,2917,0.20611473720371087,2914.285714285714,2886.4,0.5030677713936157,False,2017,8,1482,1.0,2911.0,2916.0,2842.0,30.59999999999991,2863.1444444444446
2017-08-27,2917,0.0,2914.4285714285716,2888.5333333333333,0.5000902932803387,False,2017,8,1482,1.0,2917.0,2916.0,2853.0,28.466666666666697,2863.4555555555557
2017-08-28,2926,0.3085361672951592,2914.714285714286,2890.8,0.5015997641646878,False,2017,8,1482,2.0,2917.0,2924.0,2858.0,35.19999999999982,2863.9777777777776
2017-08-29,2978,1.7771701982228327,2924.4285714285716,2894.8,0.5891701906344695,True,2017,8,1482,68.0,2926.0,2910.0,2858.0,83.19999999999982,2865.1666666666665
2017-08-30,2955,-0.7723304231027517,2930.1428571428573,2898.0,0.6120704560569806,False,2017,8,1482,40.0,2978.0,2915.0,2859.0,57.0,2866.2
2017-08-31,2971,0.5414551607445084,2939.285714285714,2902.1,0.6095065056918453,False,2017,8,1482,64.0,2955.0,2907.0,2848.0,68.90000000000009,2867.1222222222223
2017-09-01,2978,0.23561090541905916,2948.8571428571427,2906.4666666666667,0.6087849109522058,False,2017,9,1482,67.0,2971.0,2911.0,2847.0,71.5333333333333,2868.133333333333
2017-09-02,2982,0.1343183344526544,2958.1428571428573,2910.9666666666667,0.6081232118035884,False,2017,9,1482,65.0,2978.0,2917.0,2847.0,71.0333333333333,2869.188888888889
2017-09-03,2982,0.0,2967.4285714285716,2915.5666666666666,0.6068625518959221,False,2017,9,1482,65.0,2982.0,2917.0,2844.0,66.4333333333334,2870.1111111111113
2017-09-04,3011,0.9725016767270223,2979.5714285714284,2921.233333333333,0.6223281182559807,False,2017,9,1482,85.0,2982.0,2926.0,2841.0,89.76666666666688,2870.7555555555555
2017-09-05,3014,0.09963467286615568,2984.714285714286,2927.0,0.6215126606317222,False,2017,9,1482,36.0,3011.0,2978.0,2841.0,87.0,2871.4444444444443
2017-09-06,3020,0.1990710019907027,2994.0,2932.8333333333335,0.6214152399262347,False,2017,9,1482,65.0,3014.0,2955.0,2845.0,87.16666666666652,2872.6666666666665
2017-09-07,3026,0.1986754966887494,3001.8571428571427,2939.266666666667,0.610195307343814,False,2017,9,1482,55.0,3020.0,2971.0,2833.0,86.73333333333312,2874.1222222222223
2017-09-08,3026,0.0,3008.714285714286,2944.233333333333,0.5568976171211385,False,2017,9,1482,48.0,3026.0,2978.0,2877.0,81.76666666666688,2875.5
2017-09-09,3027,0.033046926635815765,3015.1428571428573,2947.8333333333335,0.5010653856027899,False,2017,9,1482,45.0,3026.0,2982.0,2919.0,79.16666666666652,2876.8888888888887
2017-09-10,3027,0.0,3021.5714285714284,2951.5,0.5003208406513914,False,2017,9,1482,45.0,3027.0,2982.0,2917.0,75.5,2878.311111111111
2017-09-11,3001,-0.8589362405021506,3020.1428571428573,2954.2,0.5316037797581092,False,2017,9,1482,-10.0,3027.0,3011.0,2920.0,46.80000000000018,2879.5444444444443
2017-09-12,2990,-0.3665444851716049,3016.714285714286,2956.5333333333333,0.5379796713609772,False,2017,9,1482,-24.0,3001.0,3014.0,2920.0,33.4666666666667,2880.511111111111
2017-09-13,2988,-0.06688963210702559,3012.1428571428573,2959.2,0.5307627111979605,False,2017,9,1482,-32.0,2990.0,3020.0,2908.0,28.800000000000182,2881.722222222222
2017-09-14,2992,0.1338688085676054,3007.285714285714,2962.0,0.5305264729175818,False,2017,9,1482,-34.0,2988.0,3026.0,2908.0,30.0,2883.0333333333333
2017-09-15,2987,-0.16711229946524409,3001.714285714286,2965.233333333333,0.5157259120182448,False,2017,9,1482,-39.0,2992.0,3026.0,2890.0,21.76666666666688,2884.3444444444444
2017-09-16,2986,-0.03347840642785593,2995.8571428571427,2967.766666666667,0.5044457423230421,False,2017,9,1482,-41.0,2987.0,3027.0,2910.0,18.23333333333312,2885.6444444444446
2017-09-17,2986,0.0,2990.0,2969.5333333333333,0.48678471736704154,False,2017,9,1482,-41.0,2986.0,3027.0,2933.0,16.466666666666697,2887.0555555555557
2017-09-18,2963,-0.7702612190221059,2984.5714285714284,2971.1,0.49658026109364656,False,2017,9,1482,-38.0,2986.0,3001.0,2916.0,-8.099999999999909,2888.277777777778
2017-09-19,2967,0.13499831252108407,2981.285714285714,2972.8,0.49668102326682395,False,2017,9,1482,-23.0,2963.0,2990.0,2916.0,-5.800000000000182,2889.5333333333333
2017-09-20,2978,0.3707448601280694,2979.8571428571427,2974.6,0.49843096677783133,False,2017,9,1482,-10.0,2967.0,2988.0,2924.0,3.400000000000091,2890.7555555555555
2017-09-21,2951,-0.9066487575554061,2974.0,2975.9666666666667,0.5200951268589249,False,2017,9,1482,-41.0,2978.0,2992.0,2910.0,-24.966666666666697,2891.6111111111113
2017-09-22,2963,0.40664181633345287,2970.5714285714284,2977.5666666666666,0.5237776119782291,False,2017,9,1482,-24.0,2951.0,2987.0,2915.0,-14.566666666666606,2892.6111111111113
2017-09-23,2959,-0.13499831252109518,2966.714285714286,2979.3,0.5213592454426789,False,2017,9,1482,-27.0,2963.0,2986.0,2907.0,-20.300000000000182,2893.5666666666666
2017-09-24,2959,0.0,2962.8571428571427,2980.9,0.5212621627301482,False,2017,9,1482,-27.0,2959.0,2986.0,2911.0,-21.90000000000009,2894.811111111111
2017-09-25,2979,0.6759040216289369,2965.1428571428573,2982.9666666666667,0.5328599972540188,False,2017,9,1482,16.0,2959.0,2963.0,2917.0,-3.966666666666697,2896.177777777778
2017-09-26,2992,0.43638804968109124,2968.714285714286,2985.4666666666667,0.5367827971351009,False,2017,9,1482,25.0,2979.0,2967.0,2917.0,6.533333333333303,2897.6444444444446
2017-09-27,2976,-0.5347593582887722,2968.4285714285716,2987.133333333333,0.5467183957459066,False,2017,9,1482,-2.0,2992.0,2978.0,2926.0,-11.133333333333212,2899.0333333333333
2017-09-28,2957,-0.6384408602150504,2969.285714285714,2986.4333333333334,0.4549648073357919,False,2017,9,1482,6.0,2976.0,2951.0,2978.0,-29.433333333333394,2900.2555555555555
2017-09-29,2961,0.1352722353736846,2969.0,2986.633333333333,0.4330381170816013,False,2017,9,1482,-2.0,2957.0,2963.0,2955.0,-25.633333333333212,2901.5555555555557
2017-09-30,2956,-0.16886187098953398,2968.5714285714284,2986.133333333333,0.4221274161865402,False,2017,9,1482,-3.0,2961.0,2959.0,2971.0,-30.133333333333212,2902.8
2017-10-01,2956,0.0,2968.1428571428573,2985.4,0.41946799846238286,False,2017,10,1482,-3.0,2956.0,2959.0,2978.0,-29.40000000000009,2904.366666666667
2017-10-02,2956,0.0,2964.8571428571427,2984.5333333333333,0.41843697666616536,False,2017,10,1482,-23.0,2956.0,2979.0,2982.0,-28.533333333333303,2905.9555555555557
2017-10-03,2939,-0.5751014884979755,2957.285714285714,2983.1,0.4301048980163113,False,2017,10,1482,-53.0,2956.0,2992.0,2982.0,-44.09999999999991,2907.4
2017-10-04,2931,-0.2722014290575059,2950.8571428571427,2980.4333333333334,0.3861006333428472,False,2017,10,1482,-45.0,2939.0,2976.0,3011.0,-49.433333333333394,2908.733333333333
2017-10-05,2935,0.13647219379051556,2947.714285714286,2977.8,0.3867792153249894,False,2017,10,1482,-22.0,2931.0,2957.0,3014.0,-42.80000000000018,2910.3888888888887
2017-10-06,2955,0.6814310051107331,2946.8571428571427,2975.633333333333,0.40852911217059384,False,2017,10,1482,-6.0,2935.0,2961.0,3020.0,-20.633333333333212,2912.3555555555554
2017-10-07,2957,0.06768189509305245,2947.0,2973.3333333333335,0.4062332981661711,False,2017,10,1482,1.0,2955.0,2956.0,3026.0,-16.333333333333485,2914.3444444444444
2017-10-08,2957,0.0,2947.1428571428573,2971.0333333333333,0.4062332981661711,False,2017,10,1482,1.0,2957.0,2956.0,3026.0,-14.033333333333303,2916.4
2017-10-09,2973,0.5410889414947606,2949.5714285714284,2969.233333333333,0.42125034279855816,False,2017,10,1482,17.0,2957.0,2956.0,3027.0,3.766666666666879,2918.6666666666665
2017-10-10,2985,0.4036326942482349,2956.1428571428573,2967.8333333333335,0.4295676154669043,False,2017,10,1482,46.0,2973.0,2939.0,3027.0,17.166666666666515,2920.8
2017-10-11,2977,-0.26800670016750017,2962.714285714286,2967.0333333333333,0.40376306781455856,False,2017,10,1482,46.0,2985.0,2931.0,3001.0,9.966666666666697,2922.9222222222224
2017-10-12,2980,0.10077258985556892,2969.1428571428573,2966.7,0.3991590090536685,False,2017,10,1482,45.0,2977.0,2935.0,2990.0,13.300000000000182,2924.9444444444443
2017-10-13,2979,-0.03355704697987072,2972.5714285714284,2966.4,0.3990427058223579,False,2017,10,1482,24.0,2980.0,2955.0,2988.0,12.599999999999909,2926.9333333333334
2017-10-14,2985,0.20140986908359082,2976.5714285714284,2966.1666666666665,0.40006743041829085,False,2017,10,1482,28.0,2979.0,2957.0,2992.0,18.833333333333485,2928.988888888889
2017-10-15,2985,0.0,2980.5714285714284,2966.1,0.39892345244133587,False,2017,10,1482,28.0,2985.0,2957.0,2987.0,18.90000000000009,2930.9333333333334
2017-10-16,2992,0.23450586264657236,2983.285714285714,2966.3,0.4011758552855973,False,2017,10,1482,19.0,2985.0,2973.0,2986.0,25.699999999999818,2932.8
2017-10-17,2964,-0.9358288770053513,2980.285714285714,2965.5666666666666,0.4365967460935707,False,2017,10,1482,-21.0,2992.0,2985.0,2986.0,-1.566666666666606,2934.3777777777777
2017-10-18,2957,-0.23616734143050433,2977.4285714285716,2965.366666666667,0.4154843749874191,False,2017,10,1482,-20.0,2964.0,2977.0,2963.0,-8.366666666666788,2935.788888888889
2017-10-19,2968,0.3719986472776382,2975.714285714286,2965.4,0.42047933957863626,False,2017,10,1482,-12.0,2957.0,2980.0,2967.0,2.599999999999909,2937.1222222222223
2017-10-20,2961,-0.2358490566037763,2973.1428571428573,2964.8333333333335,0.41670266423358887,False,2017,10,1482,-18.0,2968.0,2979.0,2978.0,-3.833333333333485,2938.311111111111
2017-10-21,2955,-0.20263424518743856,2968.8571428571427,2964.9666666666667,0.3834419032718949,False,2017,10,1482,-30.0,2961.0,2985.0,2951.0,-9.966666666666697,2939.4333333333334
2017-10-22,2955,0.0,2964.5714285714284,2964.7,0.37587526341279565,False,2017,10,1482,-30.0,2955.0,2985.0,2963.0,-9.699999999999818,2940.5444444444443
2017-10-23,2941,-0.47377326565143374,2957.285714285714,2964.1,0.38479516779176776,False,2017,10,1482,-51.0,2955.0,2992.0,2959.0,-23.09999999999991,2941.6
2017-10-24,2950,0.3060183611016676,2955.285714285714,2963.8,0.389362282186847,False,2017,10,1482,-14.0,2941.0,2964.0,2959.0,-13.800000000000182,2942.866666666667
2017-10-25,2935,-0.5084745762711895,2952.1428571428573,2962.3333333333335,0.377337050547731,False,2017,10,1482,-22.0,2950.0,2957.0,2979.0,-27.333333333333485,2943.9
2017-10-26,2932,-0.10221465076660774,2947.0,2960.3333333333335,0.36609698276984187,False,2017,10,1482,-36.0,2935.0,2968.0,2992.0,-28.333333333333485,2944.777777777778
2017-10-27,2929,-0.10231923601636828,2942.4285714285716,2958.766666666667,0.355395405491286,False,2017,10,1482,-32.0,2932.0,2961.0,2976.0,-29.76666666666688,2945.5666666666666
2017-10-28,2932,0.1024240355069983,2939.1428571428573,2957.9333333333334,0.338615747953969,False,2017,10,1482,-23.0,2929.0,2955.0,2957.0,-25.933333333333394,2946.3888888888887
2017-10-29,2932,0.0,2935.8571428571427,2956.9666666666667,0.3372681297841765,False,2017,10,1482,-23.0,2932.0,2955.0,2961.0,-24.966666666666697,2947.2
2017-10-30,2930,-0.06821282401091588,2934.285714285714,2956.1,0.33636172836685796,False,2017,10,1482,-11.0,2932.0,2941.0,2956.0,-26.09999999999991,2948.1111111111113
2017-10-31,2918,-0.4095563139931757,2929.714285714286,2954.8333333333335,0.3433864098445964,False,2017,10,1482,-32.0,2930.0,2950.0,2956.0,-36.833333333333485,2948.9
2017-11-01,2924,0.20562028786841324,2928.1428571428573,2953.766666666667,0.34630466445908464,False,2017,11,1482,-11.0,2918.0,2935.0,2956.0,-29.76666666666688,2949.7555555555555
2017-11-02,2928,0.1367989056087593,2927.5714285714284,2953.4,0.33217058544551625,False,2017,11,1482,-4.0,2924.0,2932.0,2939.0,-25.40000000000009,2950.688888888889
2017-11-03,2915,-0.44398907103825325,2925.5714285714284,2952.866666666667,0.3382367997145533,False,2017,11,1482,-14.0,2928.0,2929.0,2931.0,-37.86666666666679,2951.511111111111
2017-11-04,2909,-0.20583190394510842,2922.285714285714,2952.0,0.3386303481627202,False,2017,11,1482,-23.0,2915.0,2932.0,2935.0,-43.0,2952.266666666667
2017-11-05,2909,0.0,2919.0,2950.4666666666667,0.3110581296598037,False,2017,11,1482,-23.0,2909.0,2932.0,2955.0,-41.4666666666667,2952.9777777777776
2017-11-06,2917,0.2750085940185665,2917.1428571428573,2949.133333333333,0.31606738491554986,False,2017,11,1482,-13.0,2909.0,2930.0,2957.0,-32.13333333333321,2953.911111111111
2017-11-07,2940,0.7884813164209747,2920.285714285714,2948.5666666666666,0.3508045585408554,False,2017,11,1482,22.0,2917.0,2918.0,2957.0,-8.566666666666606,2954.6111111111113
2017-11-08,2953,0.4421768707483009,2924.4285714285716,2947.9,0.34579166962963853,False,2017,11,1482,29.0,2940.0,2924.0,2973.0,5.099999999999909,2954.988888888889
2017-11-09,2959,0.2031832035218395,2928.8571428571427,2947.0333333333333,0.339158286113265,False,2017,11,1482,31.0,2953.0,2928.0,2985.0,11.966666666666697,2955.4555555555557
2017-11-10,2966,0.2365664075701268,2936.1428571428573,2946.6666666666665,0.33938756675762266,False,2017,11,1482,51.0,2959.0,2915.0,2977.0,19.333333333333485,2955.9666666666667
2017-11-11,2949,-0.5731625084288594,2941.8571428571427,2945.633333333333,0.35368378430717634,False,2017,11,1482,40.0,2966.0,2909.0,2980.0,3.366666666666788,2956.288888888889
2017-11-12,2949,0.0,2947.5714285714284,2944.633333333333,0.35373909798997094,False,2017,11,1482,40.0,2949.0,2909.0,2979.0,4.366666666666788,2956.7444444444445
2017-11-13,2957,0.2712783994574419,2953.285714285714,2943.7,0.35556179788971487,False,2017,11,1482,40.0,2949.0,2917.0,2985.0,13.300000000000182,2957.288888888889
2017-11-14,2948,-0.304362529590807,2954.4285714285716,2942.4666666666667,0.3589785536845153,False,2017,11,1482,8.0,2957.0,2940.0,2985.0,5.533333333333303,2957.9333333333334
2017-11-15,2965,0.5766621438263231,2956.1428571428573,2941.5666666666666,0.3731859439333038,False,2017,11,1482,12.0,2948.0,2953.0,2992.0,23.433333333333394,2958.5444444444443
2017-11-16,2952,-0.43844856661044984,2955.1428571428573,2941.1666666666665,0.34121303942378844,False,2017,11,1482,-7.0,2965.0,2959.0,2964.0,10.833333333333485,2958.7555555555555
2017-11-17,2948,-0.13550135501354532,2952.5714285714284,2940.866666666667,0.3394326273515503,False,2017,11,1482,-18.0,2952.0,2966.0,2957.0,7.133333333333212,2959.1111111111113
2017-11-18,2969,0.7123473541384095,2955.4285714285716,2940.9,0.35781677657338373,False,2017,11,1482,20.0,2948.0,2949.0,2968.0,28.09999999999991,2959.7
2017-11-19,2969,0.0,2958.285714285714,2941.1666666666665,0.35499646760406894,False,2017,11,1482,20.0,2969.0,2949.0,2961.0,27.833333333333485,2960.2
2017-11-20,2962,-0.23576961940047214,2959.0,2941.4,0.35573036731097046,False,2017,11,1482,5.0,2969.0,2957.0,2955.0,20.59999999999991,2960.777777777778
2017-11-21,2940,-0.7427413909520619,2957.8571428571427,2940.9,0.3812718634401926,False,2017,11,1482,-8.0,2962.0,2948.0,2955.0,-0.900000000000091,2961.0555555555557
2017-11-22,2945,0.1700680272108901,2955.0,2941.0333333333333,0.37265406258672457,False,2017,11,1482,-20.0,2940.0,2965.0,2941.0,3.966666666666697,2961.4777777777776
2017-11-23,2945,0.0,2954.0,2940.866666666667,0.36829875647358773,False,2017,11,1482,-7.0,2945.0,2952.0,2950.0,4.133333333333212,2961.8555555555554
2017-11-24,2944,-0.03395585738540374,2953.4285714285716,2941.1666666666665,0.35591167337784313,False,2017,11,1482,-4.0,2945.0,2948.0,2935.0,2.833333333333485,2962.1555555555556
2017-11-25,2938,-0.20380434782608647,2949.0,2941.366666666667,0.35750393682273823,False,2017,11,1482,-31.0,2944.0,2969.0,2932.0,-3.366666666666788,2962.3888888888887
2017-11-26,2938,0.0,2944.5714285714284,2941.6666666666665,0.3569083629582175,False,2017,11,1482,-31.0,2938.0,2969.0,2929.0,-3.666666666666515,2962.5222222222224
2017-11-27,2945,0.23825731790334537,2942.1428571428573,2942.1,0.3589659030705011,False,2017,11,1482,-17.0,2938.0,2962.0,2932.0,2.900000000000091,2962.1555555555556
2017-11-28,2941,-0.13582342954159277,2942.285714285714,2942.4,0.36002142961927713,False,2017,11,1482,1.0,2945.0,2940.0,2932.0,-1.400000000000091,2962.0
2017-11-29,2925,-0.544032641958514,2939.4285714285716,2942.233333333333,0.373840173006126,False,2017,11,1482,-20.0,2941.0,2945.0,2930.0,-17.23333333333312,2961.488888888889
2017-11-30,2918,-0.23931623931623403,2935.5714285714284,2942.233333333333,0.3687451240840308,False,2017,11,1482,-27.0,2925.0,2945.0,2918.0,-24.23333333333312,2960.822222222222
2017-12-01,2908,-0.34270047978066653,2930.4285714285716,2941.7,0.37181189907323786,False,2017,12,1482,-36.0,2918.0,2944.0,2924.0,-33.69999999999982,2960.0
2017-12-02,2921,0.4470426409903805,2928.0,2941.4666666666667,0.38046870347004014,False,2017,12,1482,-17.0,2908.0,2938.0,2928.0,-20.466666666666697,2959.322222222222
2017-12-03,2921,0.0,2925.5714285714284,2941.6666666666665,0.3714233084323538,False,2017,12,1482,-17.0,2921.0,2938.0,2915.0,-20.666666666666515,2958.322222222222
2017-12-04,2903,-0.6162273194111556,2919.5714285714284,2941.4666666666667,0.3867918922771649,False,2017,12,1482,-42.0,2921.0,2945.0,2909.0,-38.4666666666667,2957.088888888889
2017-12-05,2911,0.2755769893213911,2915.285714285714,2941.5333333333333,0.3902005211956344,False,2017,12,1482,-30.0,2903.0,2941.0,2909.0,-30.533333333333303,2955.8777777777777
2017-12-06,2898,-0.4465819306080365,2911.4285714285716,2940.9,0.395066750854025,False,2017,12,1482,-27.0,2911.0,2925.0,2917.0,-42.90000000000009,2954.4555555555557
2017-12-07,2876,-0.7591442374051072,2905.4285714285716,2938.766666666667,0.3866715566114155,False,2017,12,1482,-42.0,2898.0,2918.0,2940.0,-62.76666666666688,2952.788888888889
2017-12-08,2857,-0.6606397774687078,2898.1428571428573,2935.5666666666666,0.3884610182304832,False,2017,12,1482,-51.0,2876.0,2908.0,2953.0,-78.5666666666666,2950.9
2017-12-09,2853,-0.14000700035001756,2888.4285714285716,2932.0333333333333,0.3839664625362331,False,2017,12,1482,-68.0,2857.0,2921.0,2959.0,-79.0333333333333,2948.9666666666667
2017-12-10,2853,0.0,2878.714285714286,2928.266666666667,0.3787678252720556,False,2017,12,1482,-68.0,2853.0,2921.0,2966.0,-75.26666666666688,2947.322222222222
2017-12-11,2840,-0.4556607080266395,2869.714285714286,2924.633333333333,0.37459785113959937,False,2017,12,1482,-63.0,2853.0,2903.0,2949.0,-84.63333333333321,2945.6555555555556
2017-12-12,2817,-0.8098591549295819,2856.285714285714,2920.233333333333,0.39397529206784027,False,2017,12,1482,-94.0,2840.0,2911.0,2949.0,-103.23333333333312,2943.7555555555555
2017-12-13,2816,-0.03549875754348397,2844.5714285714284,2915.5333333333333,0.3865268151948434,False,2017,12,1482,-82.0,2817.0,2898.0,2957.0,-99.5333333333333,2941.8
2017-12-14,2825,0.3196022727272707,2837.285714285714,2911.4333333333334,0.3952906978510396,False,2017,12,1482,-51.0,2816.0,2876.0,2948.0,-86.4333333333334,2940.0
2017-12-15,2831,0.212389380530964,2833.5714285714284,2906.9666666666667,0.37768166608299464,False,2017,12,1482,-26.0,2825.0,2857.0,2965.0,-75.9666666666667,2938.277777777778
2017-12-16,2825,-0.21193924408335896,2829.5714285714284,2902.733333333333,0.3740320842925597,False,2017,12,1482,-28.0,2831.0,2853.0,2952.0,-77.73333333333312,2936.488888888889
2017-12-17,2825,0.0,2825.5714285714284,2898.633333333333,0.3749776468072458,False,2017,12,1482,-28.0,2825.0,2853.0,2948.0,-73.63333333333321,2934.9555555555557
2017-12-18,2844,0.6725663716814267,2826.1428571428573,2894.4666666666667,0.371912683972289,False,2017,12,1482,4.0,2825.0,2840.0,2969.0,-50.4666666666667,2933.588888888889
2017-12-19,2843,-0.03516174402250494,2829.8571428571427,2890.266666666667,0.3715029507901108,False,2017,12,1482,26.0,2844.0,2817.0,2969.0,-47.26666666666688,2932.088888888889
2017-12-20,2845,0.0703482237073505,2834.0,2886.366666666667,0.37308976613349093,False,2017,12,1482,29.0,2843.0,2816.0,2962.0,-41.36666666666679,2930.911111111111
2017-12-21,2845,0.0,2836.8571428571427,2883.2,0.35550123198652694,False,2017,12,1482,20.0,2845.0,2825.0,2940.0,-38.19999999999982,2929.6
2017-12-22,2858,0.4569420035149374,2840.714285714286,2880.3,0.36693585184198196,False,2017,12,1482,27.0,2845.0,2831.0,2945.0,-22.300000000000182,2928.4777777777776
2017-12-23,2866,0.2799160251924393,2846.5714285714284,2877.6666666666665,0.3730546132806724,False,2017,12,1482,41.0,2858.0,2825.0,2945.0,-11.666666666666515,2927.4444444444443
2017-12-24,2866,0.0,2852.4285714285716,2875.0666666666666,0.3732817199372886,False,2017,12,1482,41.0,2866.0,2825.0,2944.0,-9.066666666666606,2926.188888888889
2017-12-25,2866,0.0,2855.5714285714284,2872.6666666666665,0.37297081388079056,False,2017,12,1482,22.0,2866.0,2844.0,2938.0,-6.666666666666515,2924.788888888889
2017-12-26,2880,0.488485694347518,2860.8571428571427,2870.733333333333,0.3870705190929144,False,2017,12,1482,37.0,2866.0,2843.0,2938.0,9.266666666666879,2923.722222222222
2017-12-27,2890,0.3472222222222321,2867.285714285714,2868.9,0.3905171783606257,False,2017,12,1482,45.0,2880.0,2845.0,2945.0,21.09999999999991,2922.9777777777776
2017-12-28,2903,0.44982698961937295,2875.5714285714284,2867.633333333333,0.40119597329090106,False,2017,12,1482,58.0,2890.0,2845.0,2941.0,35.36666666666679,2922.3333333333335
2017-12-29,2906,0.10334137099552443,2882.4285714285716,2867.0,0.39056249734547066,False,2017,12,1482,48.0,2903.0,2858.0,2925.0,39.0,2921.777777777778
2017-12-30,2917,0.37852718513420314,2889.714285714286,2866.9666666666667,0.39491801595877574,False,2017,12,1482,51.0,2906.0,2866.0,2918.0,50.0333333333333,2921.3444444444444
2017-12-31,2917,0.0,2897.0,2867.266666666667,0.3895954714417992,False,2017,12,1482,51.0,2917.0,2866.0,2908.0,49.73333333333312,2920.911111111111
2018-01-01,2912,-0.17140898183064524,2903.5714285714284,2866.9666666666667,0.38201772665511846,False,2018,1,1482,46.0,2917.0,2866.0,2921.0,45.0333333333333,2920.6111111111113
2018-01-02,2918,0.2060439560439553,2909.0,2866.866666666667,0.3840427113370764,False,2018,1,1482,38.0,2912.0,2880.0,2921.0,51.13333333333321,2920.4666666666667
2018-01-03,2924,0.20562028786841324,2913.8571428571427,2867.5666666666666,0.3677359003002158,False,2018,1,1482,34.0,2918.0,2890.0,2903.0,56.433333333333394,2920.3444444444444
2018-01-04,2917,-0.2393980848153232,2915.8571428571427,2867.766666666667,0.36763985024989654,False,2018,1,1482,14.0,2924.0,2903.0,2911.0,49.23333333333312,2919.9222222222224
2018-01-05,2918,0.03428179636613127,2917.5714285714284,2868.4333333333334,0.35750162091689386,False,2018,1,1482,12.0,2917.0,2906.0,2898.0,49.566666666666606,2919.488888888889
2018-01-06,2922,0.1370801919122755,2918.285714285714,2869.9666666666667,0.32589007891648564,False,2018,1,1482,5.0,2918.0,2917.0,2876.0,52.0333333333333,2919.1
2018-01-07,2922,0.0,2919.0,2872.133333333333,0.29701673153825636,False,2018,1,1482,5.0,2922.0,2917.0,2857.0,49.86666666666679,2918.5333333333333
2018-01-08,2925,0.10266940451746365,2920.8571428571427,2874.5333333333333,0.29423830474276275,False,2018,1,1482,13.0,2922.0,2912.0,2853.0,50.4666666666667,2917.866666666667
2018-01-09,2917,-0.273504273504277,2920.714285714286,2876.6666666666665,0.3010735168472232,False,2018,1,1482,-1.0,2925.0,2918.0,2853.0,40.333333333333485,2917.2
2018-01-10,2932,0.5142269454919468,2921.8571428571427,2879.733333333333,0.2941857243862394,False,2018,1,1482,8.0,2917.0,2924.0,2840.0,52.26666666666688,2916.6666666666665
2018-01-11,2938,0.20463847203273655,2924.8571428571427,2883.766666666667,0.23816302032428768,False,2018,1,1482,21.0,2932.0,2917.0,2817.0,54.23333333333312,2916.211111111111
2018-01-12,2944,0.2042205582028611,2928.5714285714284,2888.0333333333333,0.2360645213624328,False,2018,1,1482,26.0,2938.0,2918.0,2816.0,55.9666666666667,2915.7555555555555
2018-01-13,2957,0.44157608695651884,2933.5714285714284,2892.4333333333334,0.2401275864408087,False,2018,1,1482,35.0,2944.0,2922.0,2825.0,64.5666666666666,2915.4444444444443
2018-01-14,2957,0.0,2938.5714285714284,2896.633333333333,0.2414319392046908,False,2018,1,1482,35.0,2957.0,2922.0,2831.0,60.36666666666679,2915.0555555555557
2018-01-15,2973,0.5410889414947606,2945.4285714285716,2901.5666666666666,0.24212862355390954,False,2018,1,1482,48.0,2957.0,2925.0,2825.0,71.4333333333334,2915.1555555555556
2018-01-16,2976,0.10090817356205317,2953.8571428571427,2906.6,0.2403709261094354,False,2018,1,1482,59.0,2973.0,2917.0,2825.0,69.40000000000009,2915.366666666667
2018-01-17,2976,0.0,2960.1428571428573,2911.0,0.22300450457008106,False,2018,1,1482,44.0,2976.0,2932.0,2844.0,65.0,2915.4555555555557
2018-01-18,2964,-0.40322580645161255,2963.8571428571427,2915.0333333333333,0.24287238065857333,False,2018,1,1482,26.0,2976.0,2938.0,2843.0,48.9666666666667,2915.488888888889
2018-01-19,2975,0.3711201079622084,2968.285714285714,2919.366666666667,0.2461135841735845,False,2018,1,1482,31.0,2964.0,2944.0,2845.0,55.63333333333321,2915.711111111111
2018-01-20,2977,0.06722689075631116,2971.1428571428573,2923.766666666667,0.24501051877694882,False,2018,1,1482,20.0,2975.0,2957.0,2845.0,53.23333333333312,2915.9555555555557
2018-01-21,2977,0.0,2974.0,2927.733333333333,0.23951430369684187,False,2018,1,1482,20.0,2977.0,2957.0,2858.0,49.26666666666688,2916.3555555555554
2018-01-22,2984,0.23513604299629787,2975.5714285714284,2931.6666666666665,0.23872697855586,False,2018,1,1482,11.0,2977.0,2973.0,2866.0,52.333333333333485,2916.733333333333
2018-01-23,2982,-0.06702412868632157,2976.4285714285716,2935.5333333333333,0.2403407316149717,False,2018,1,1482,6.0,2984.0,2976.0,2866.0,46.4666666666667,2917.2555555555555
2018-01-24,3021,1.3078470824949617,2982.8571428571427,2940.7,0.32065098313777374,True,2018,1,1482,45.0,2982.0,2976.0,2866.0,80.30000000000018,2918.2444444444445
2018-01-25,3021,0.0,2991.0,2945.4,0.3166245380903258,False,2018,1,1482,57.0,3021.0,2964.0,2880.0,75.59999999999991,2919.266666666667
2018-01-26,3036,0.49652432969216065,2999.714285714286,2950.266666666667,0.32081548928228,False,2018,1,1482,61.0,3021.0,2975.0,2890.0,85.73333333333312,2920.4222222222224
2018-01-27,3036,0.0,3008.1428571428573,2954.7,0.3175351666020911,False,2018,1,1482,59.0,3036.0,2977.0,2903.0,81.30000000000018,2921.5777777777776
2018-01-28,3036,0.0,3016.5714285714284,2959.0333333333333,0.3186165547755873,False,2018,1,1482,59.0,3036.0,2977.0,2906.0,76.9666666666667,2922.7555555555555
2018-01-29,3006,-0.988142292490124,3019.714285714286,2962.0,0.37670168439003165,False,2018,1,1482,22.0,3036.0,2984.0,2917.0,44.0,2923.733333333333
2018-01-30,3016,0.3326679973386648,3024.5714285714284,2965.3,0.3785205345708291,False,2018,1,1482,34.0,3006.0,2982.0,2917.0,50.69999999999982,2924.7555555555555
2018-01-31,3009,-0.23209549071617763,3022.8571428571427,2968.5333333333333,0.38024561274789725,False,2018,1,1482,-12.0,3016.0,3021.0,2912.0,40.4666666666667,2925.6555555555556
2018-02-01,3045,1.1964107676968982,3026.285714285714,2972.766666666667,0.42876802719083057,True,2018,2,1482,24.0,3009.0,3021.0,2918.0,72.23333333333312,2927.1
2018-02-02,3034,-0.3612479474548458,3026.0,2976.4333333333334,0.4382979016756991,False,2018,2,1482,-2.0,3045.0,3036.0,2924.0,57.566666666666606,2928.488888888889
2018-02-03,3037,0.09887936717205559,3026.1428571428573,2980.4333333333334,0.43294252320769755,False,2018,2,1482,1.0,3034.0,3036.0,2917.0,56.566666666666606,2929.911111111111
2018-02-04,3037,0.0,3026.285714285714,2984.4,0.43326367833372864,False,2018,2,1482,1.0,3037.0,3036.0,2918.0,52.59999999999991,2931.2444444444445
2018-02-05,3027,-0.3292723081988802,3029.285714285714,2987.9,0.44144685090169733,False,2018,2,1482,21.0,3037.0,3006.0,2922.0,39.09999999999991,2932.211111111111
2018-02-06,3031,0.13214403700032573,3031.4285714285716,2991.5333333333333,0.4408806467598099,False,2018,2,1482,15.0,3027.0,3016.0,2922.0,39.4666666666667,2933.0777777777776
2018-02-07,3010,-0.6928406466512715,3031.5714285714284,2994.366666666667,0.46539311314874116,False,2018,2,1482,1.0,3031.0,3009.0,2925.0,15.633333333333212,2933.6444444444446
2018-02-08,2995,-0.4983388704318914,3024.4285714285716,2996.9666666666667,0.47330134606309965,False,2018,2,1482,-50.0,3010.0,3045.0,2917.0,-1.966666666666697,2933.9666666666667
2018-02-09,2994,-0.03338898163606219,3018.714285714286,2999.0333333333333,0.46685537944953837,False,2018,2,1482,-40.0,2995.0,3034.0,2932.0,-5.033333333333303,2934.4666666666667
2018-02-10,3001,0.2338009352037318,3013.5714285714284,3001.133333333333,0.46717386023338725,False,2018,2,1482,-36.0,2994.0,3037.0,2938.0,-0.13333333333321207,2935.0444444444443
2018-02-11,3001,0.0,3008.4285714285716,3003.0333333333333,0.46666537324388974,False,2018,2,1482,-36.0,3001.0,3037.0,2944.0,-2.033333333333303,2935.5333333333333
2018-02-12,3012,0.366544485171616,3006.285714285714,3004.866666666667,0.4647747391760581,False,2018,2,1482,-15.0,3001.0,3027.0,2957.0,7.133333333333212,2936.2444444444445
2018-02-13,3018,0.19920318725099584,3004.4285714285716,3006.9,0.46527387748314186,False,2018,2,1482,-13.0,3012.0,3031.0,2957.0,11.099999999999909,2936.8333333333335
2018-02-14,3033,0.497017892644136,3007.714285714286,3008.9,0.46379959224743283,False,2018,2,1482,23.0,3018.0,3010.0,2973.0,24.09999999999991,2937.733333333333
2018-02-15,3058,0.824266402901408,3016.714285714286,3011.633333333333,0.4839526688311549,False,2018,2,1482,63.0,3033.0,2995.0,2976.0,46.36666666666679,2938.9555555555557
2018-02-16,3078,0.6540222367560578,3028.714285714286,3015.0333333333333,0.4942963696487563,False,2018,2,1482,84.0,3058.0,2994.0,2976.0,62.9666666666667,2940.1666666666665
2018-02-17,3080,0.06497725795970855,3040.0,3018.9,0.4847149933841189,False,2018,2,1482,79.0,3078.0,3001.0,2964.0,61.09999999999991,2941.4
2018-02-18,3080,0.0,3051.285714285714,3022.4,0.48306037748390473,False,2018,2,1482,79.0,3080.0,3001.0,2975.0,57.59999999999991,2942.711111111111
2018-02-19,3076,-0.12987012987012436,3060.4285714285716,3025.7,0.4850940347592042,False,2018,2,1482,64.0,3080.0,3012.0,2977.0,50.30000000000018,2944.222222222222
2018-02-20,3072,-0.13003901170350884,3068.1428571428573,3028.866666666667,0.4866914377786626,False,2018,2,1482,54.0,3076.0,3018.0,2977.0,43.13333333333321,2945.633333333333
2018-02-21,3051,-0.68359375,3070.714285714286,3031.1,0.5067701042535292,False,2018,2,1482,18.0,3072.0,3033.0,2984.0,19.90000000000009,2946.811111111111
2018-02-22,3048,-0.0983284169124854,3069.285714285714,3033.3,0.5071053444216687,False,2018,2,1482,-10.0,3051.0,3058.0,2982.0,14.699999999999818,2947.9666666666667
2018-02-23,3045,-0.09842519685039353,3064.5714285714284,3034.1,0.4510379216440342,False,2018,2,1482,-33.0,3048.0,3078.0,3021.0,10.900000000000091,2949.1555555555556
2018-02-24,3051,0.19704433497536034,3060.4285714285716,3035.1,0.45205927242971866,False,2018,2,1482,-29.0,3045.0,3080.0,3021.0,15.900000000000091,2950.411111111111
2018-02-25,3051,0.0,3056.285714285714,3035.6,0.4435480188943752,False,2018,2,1482,-29.0,3051.0,3080.0,3036.0,15.400000000000091,2951.588888888889
2018-02-26,3056,0.16388069485415713,3053.4285714285716,3036.266666666667,0.44433505965488573,False,2018,2,1482,-20.0,3051.0,3076.0,3036.0,19.73333333333312,2952.866666666667
2018-02-27,3047,-0.29450261780105125,3049.8571428571427,3036.633333333333,0.44809446458976515,False,2018,2,1482,-25.0,3056.0,3072.0,3036.0,10.366666666666788,2954.222222222222
2018-02-28,3036,-0.3610108303249149,3047.714285714286,3037.633333333333,0.41303447652126357,False,2018,2,1482,-15.0,3047.0,3051.0,3006.0,-1.633333333333212,2955.5333333333333
2018-03-01,3019,-0.5599472990777343,3043.5714285714284,3037.733333333333,0.4228072980004752,False,2018,3,1482,-29.0,3036.0,3048.0,3016.0,-18.73333333333312,2956.766666666667
2018-03-02,3050,1.0268300761841598,3044.285714285714,3039.1,0.4594367178780314,False,2018,3,1482,5.0,3019.0,3045.0,3009.0,10.900000000000091,2958.2
2018-03-03,3045,-0.16393442622950616,3043.4285714285716,3039.1,0.4060196209780214,False,2018,3,1482,-6.0,3050.0,3051.0,3045.0,5.900000000000091,2959.5777777777776
2018-03-04,3045,0.0,3042.5714285714284,3039.4666666666667,0.4002275683013966,False,2018,3,1482,-6.0,3045.0,3051.0,3034.0,5.533333333333303,2961.1555555555556
2018-03-05,3036,-0.2955665024630516,3039.714285714286,3039.4333333333334,0.40376693891304943,False,2018,3,1482,-20.0,3045.0,3056.0,3037.0,-3.433333333333394,2962.5444444444443
2018-03-06,3059,0.7575757575757569,3041.4285714285716,3040.1666666666665,0.426819266383536,False,2018,3,1482,12.0,3036.0,3047.0,3037.0,18.833333333333485,2964.3333333333335
2018-03-07,3046,-0.4249754821837204,3042.8571428571427,3040.8,0.42990449963306787,False,2018,3,1482,10.0,3059.0,3036.0,3027.0,5.199999999999818,2966.222222222222
2018-03-08,3044,-0.06565988181220783,3046.4285714285716,3041.233333333333,0.4296698215739758,False,2018,3,1482,25.0,3046.0,3019.0,3031.0,2.766666666666879,2968.3
2018-03-09,3040,-0.13140604467805073,3045.0,3042.233333333333,0.4095237116255185,False,2018,3,1482,-10.0,3044.0,3050.0,3010.0,-2.233333333333121,2970.3777777777777
2018-03-10,3040,0.0,3044.285714285714,3043.733333333333,0.3971102844737492,False,2018,3,1482,-5.0,3040.0,3045.0,2995.0,-3.733333333333121,2972.4555555555557
2018-03-11,3040,0.0,3043.5714285714284,3045.266666666667,0.3969138519938815,False,2018,3,1482,-5.0,3040.0,3045.0,2994.0,-5.266666666666879,2974.677777777778
2018-03-12,3032,-0.2631578947368429,3043.0,3046.3,0.3994098000126389,False,2018,3,1482,-4.0,3040.0,3036.0,3001.0,-14.300000000000182,2977.0666666666666
2018-03-13,3038,0.19788918205805306,3040.0,3047.5333333333333,0.4004440442691269,False,2018,3,1482,-21.0,3032.0,3059.0,3001.0,-9.533333333333303,2979.5333333333333
2018-03-14,3041,0.09874917709018494,3039.285714285714,3048.5,0.39591052051593706,False,2018,3,1482,-5.0,3038.0,3046.0,3012.0,-7.5,2981.9333333333334
2018-03-15,3032,-0.2959552778691199,3037.5714285714284,3048.9666666666667,0.39903887095876395,False,2018,3,1482,-12.0,3041.0,3044.0,3018.0,-16.966666666666697,2984.1666666666665
2018-03-16,3023,-0.2968337730870685,3035.1428571428573,3048.633333333333,0.3923193576383598,False,2018,3,1482,-17.0,3032.0,3040.0,3033.0,-25.633333333333212,2986.366666666667
2018-03-17,3022,-0.03307972213033583,3032.5714285714284,3047.4333333333334,0.3592662582624301,False,2018,3,1482,-18.0,3023.0,3040.0,3058.0,-25.433333333333394,2988.5555555555557
2018-03-18,3022,0.0,3030.0,3045.5666666666666,0.3347815683890927,False,2018,3,1482,-18.0,3022.0,3040.0,3078.0,-23.566666666666606,2990.5333333333333
2018-03-19,3043,0.6949040370615389,3031.5714285714284,3044.3333333333335,0.3616117320987733,False,2018,3,1482,11.0,3022.0,3032.0,3080.0,-1.333333333333485,2992.7555555555555
2018-03-20,3026,-0.5586592178770999,3029.8571428571427,3042.5333333333333,0.373682819938757,False,2018,3,1482,-12.0,3043.0,3038.0,3080.0,-16.533333333333303,2994.766666666667
2018-03-21,3045,0.6278916060806328,3030.4285714285716,3041.5,0.39374752632524596,False,2018,3,1482,4.0,3026.0,3041.0,3076.0,3.5,2996.988888888889
2018-03-22,3049,0.13136288998358836,3032.8571428571427,3040.733333333333,0.39441806203554786,False,2018,3,1482,17.0,3045.0,3032.0,3072.0,8.266666666666879,2999.1111111111113
2018-03-23,3089,1.3119055428009174,3042.285714285714,3042.0,0.44448472878466416,True,2018,3,1482,66.0,3049.0,3023.0,3051.0,47.0,3001.588888888889
2018-03-24,3091,0.06474587245062224,3052.1428571428573,3043.4333333333334,0.44370309920756423,False,2018,3,1482,69.0,3089.0,3022.0,3048.0,47.566666666666606,3004.088888888889
2018-03-25,3091,0.0,3062.0,3044.9666666666667,0.44294894726043793,False,2018,3,1482,69.0,3091.0,3022.0,3045.0,46.0333333333333,3006.588888888889
2018-03-26,3093,0.06470397929472238,3069.1428571428573,3046.366666666667,0.44210185786905626,False,2018,3,1482,50.0,3091.0,3043.0,3051.0,46.63333333333321,3008.9555555555557
2018-03-27,3071,-0.711283543485286,3075.5714285714284,3047.0333333333333,0.46324986153590003,False,2018,3,1482,45.0,3093.0,3026.0,3051.0,23.966666666666697,3010.9666666666667
2018-03-28,3052,-0.6186909801367602,3076.5714285714284,3046.9,0.47686584130118076,False,2018,3,1482,7.0,3071.0,3045.0,3056.0,5.099999999999909,3012.6222222222223
2018-03-29,3042,-0.3276539973787629,3075.5714285714284,3046.733333333333,0.47760183177774734,False,2018,3,1482,-7.0,3052.0,3049.0,3047.0,-4.733333333333121,3014.133333333333
2018-03-30,3041,-0.032873109796183186,3068.714285714286,3046.9,0.472886798835273,False,2018,3,1482,-48.0,3042.0,3089.0,3036.0,-5.900000000000091,3015.511111111111
2018-03-31,3041,0.0,3061.5714285714284,3047.633333333333,0.4606477424508531,False,2018,3,1482,-50.0,3041.0,3091.0,3019.0,-6.633333333333212,3016.8888888888887
2018-04-01,3041,0.0,3054.4285714285716,3047.3333333333335,0.4200154703928334,False,2018,4,1482,-50.0,3041.0,3091.0,3050.0,-6.333333333333485,3018.322222222222
2018-04-02,3096,1.8086155869779574,3054.8571428571427,3049.0333333333333,0.5338862205220145,True,2018,4,1482,3.0,3041.0,3093.0,3045.0,46.9666666666667,3020.3
2018-04-03,3064,-1.033591731266148,3053.8571428571427,3049.6666666666665,0.5698159972773825,False,2018,4,1482,-7.0,3096.0,3071.0,3045.0,14.333333333333485,3021.8555555555554
2018-04-04,3072,0.26109660574411553,3056.714285714286,3050.866666666667,0.5681693241277395,False,2018,4,1482,20.0,3064.0,3052.0,3036.0,21.133333333333212,3023.5777777777776
2018-04-05,3035,-1.204427083333337,3055.714285714286,3050.0666666666666,0.5951063283087497,True,2018,4,1482,-7.0,3072.0,3042.0,3059.0,-15.066666666666606,3024.8777777777777
2018-04-06,3070,1.1532125205930832,3059.8571428571427,3050.866666666667,0.6273684460087292,True,2018,4,1482,29.0,3035.0,3041.0,3046.0,19.133333333333212,3026.5222222222224
2018-04-07,3069,-0.032573289902282365,3063.8571428571427,3051.7,0.6272270754942544,False,2018,4,1482,28.0,3070.0,3041.0,3044.0,17.300000000000182,3028.1555555555556
2018-04-08,3069,0.0,3067.8571428571427,3052.6666666666665,0.626525525488659,False,2018,4,1482,28.0,3069.0,3041.0,3040.0,16.333333333333485,3029.7555555555555
2018-04-09,3076,0.2280873248615256,3065.0,3053.866666666667,0.6274876262075855,False,2018,4,1482,-20.0,3069.0,3096.0,3040.0,22.133333333333212,3031.5222222222224
2018-04-10,3086,0.32509752925877766,3068.1428571428573,3055.4,0.6295563117203999,False,2018,4,1482,22.0,3076.0,3064.0,3040.0,30.59999999999991,3033.233333333333
2018-04-11,3135,1.5878159429682404,3077.1428571428573,3058.8333333333335,0.6857957841998098,True,2018,4,1482,63.0,3086.0,3072.0,3032.0,76.16666666666652,3035.4222222222224
2018-04-12,3101,-1.0845295055821325,3086.5714285714284,3060.9333333333334,0.7195055671787413,False,2018,4,1482,66.0,3135.0,3035.0,3038.0,40.066666666666606,3037.1666666666665
2018-04-13,3111,0.32247662044502245,3092.4285714285716,3063.266666666667,0.7209617823280914,False,2018,4,1482,41.0,3101.0,3070.0,3041.0,47.73333333333312,3038.8777777777777
2018-04-14,3112,0.032144005143042165,3098.5714285714284,3065.9333333333334,0.7175678614575914,False,2018,4,1482,43.0,3111.0,3069.0,3032.0,46.066666666666606,3040.6
2018-04-15,3112,0.0,3104.714285714286,3068.9,0.714097610635999,False,2018,4,1482,43.0,3112.0,3069.0,3023.0,43.09999999999991,3042.1444444444446
2018-04-16,3130,0.5784061696658016,3112.4285714285716,3072.5,0.7189018175069843,False,2018,4,1482,54.0,3112.0,3076.0,3022.0,57.5,3043.8555555555554
2018-04-17,3139,0.2875399361022435,3120.0,3076.4,0.7191689418015015,False,2018,4,1482,53.0,3130.0,3086.0,3022.0,62.59999999999991,3045.6666666666665
2018-04-18,3154,0.47785919082510286,3122.714285714286,3080.1,0.7143572691712506,False,2018,4,1482,19.0,3139.0,3135.0,3043.0,73.90000000000009,3047.777777777778
2018-04-19,3160,0.19023462270133518,3131.1428571428573,3084.5666666666666,0.702743715287534,False,2018,4,1482,59.0,3154.0,3101.0,3026.0,75.4333333333334,3049.8333333333335
2018-04-20,3144,-0.5063291139240533,3135.8571428571427,3087.866666666667,0.7064757095889169,False,2018,4,1482,33.0,3160.0,3111.0,3045.0,56.13333333333321,3051.688888888889
2018-04-21,3143,-0.031806615776086566,3140.285714285714,3091.0,0.7069264535140956,False,2018,4,1482,31.0,3144.0,3112.0,3049.0,52.0,3053.5333333333333
2018-04-22,3143,0.0,3144.714285714286,3092.8,0.6691774929116592,False,2018,4,1482,31.0,3143.0,3112.0,3089.0,50.19999999999982,3055.3
2018-04-23,3128,-0.4772510340439018,3144.4285714285716,3094.0333333333333,0.6763216655279672,False,2018,4,1482,-2.0,3143.0,3130.0,3091.0,33.9666666666667,3056.9222222222224
2018-04-24,3139,0.35166240409207905,3144.4285714285716,3095.633333333333,0.678614477517991,False,2018,4,1482,0.0,3128.0,3139.0,3091.0,43.36666666666679,3058.233333333333
2018-04-25,3139,0.0,3142.285714285714,3097.1666666666665,0.6786807823001557,False,2018,4,1482,-15.0,3139.0,3154.0,3093.0,41.833333333333485,3059.5444444444443
2018-04-26,3125,-0.4460019114367664,3137.285714285714,3098.9666666666667,0.6700739867420725,False,2018,4,1482,-35.0,3139.0,3160.0,3071.0,26.033333333333303,3060.5333333333333
2018-04-27,3121,-0.12799999999999478,3134.0,3101.266666666667,0.6588232246927627,False,2018,4,1482,-23.0,3125.0,3144.0,3052.0,19.73333333333312,3061.4777777777776
2018-04-28,3121,0.0,3130.8571428571427,3103.9,0.6545921193986143,False,2018,4,1482,-22.0,3121.0,3143.0,3042.0,17.09999999999991,3062.4222222222224
2018-04-29,3121,0.0,3127.714285714286,3106.5666666666666,0.6544110512588001,False,2018,4,1482,-22.0,3121.0,3143.0,3041.0,14.433333333333394,3063.7
2018-04-30,3104,-0.5446972124319105,3124.285714285714,3108.6666666666665,0.6644351912823785,False,2018,4,1482,-24.0,3121.0,3128.0,3041.0,-4.666666666666515,3064.677777777778
2018-05-01,3091,-0.41881443298968923,3117.4285714285716,3110.3333333333335,0.6703411955750503,False,2018,5,1482,-48.0,3104.0,3139.0,3041.0,-19.333333333333485,3065.588888888889
2018-05-02,3093,0.06470397929472238,3110.8571428571427,3110.233333333333,0.5831037304025269,False,2018,5,1482,-46.0,3091.0,3139.0,3096.0,-17.23333333333312,3066.1222222222223
2018-05-03,3105,0.38797284190106307,3108.0,3111.6,0.5533489746422113,False,2018,5,1482,-20.0,3093.0,3125.0,3064.0,-6.599999999999909,3066.911111111111
2018-05-04,3112,0.22544283413847843,3106.714285714286,3112.9333333333334,0.552908728650587,False,2018,5,1482,-9.0,3105.0,3121.0,3072.0,-0.933333333333394,3067.7444444444445
2018-05-05,3111,-0.03213367609254947,3105.285714285714,3115.4666666666667,0.5005351103640703,False,2018,5,1482,-10.0,3112.0,3121.0,3035.0,-4.466666666666697,3068.5666666666666
2018-05-06,3111,0.0,3103.8571428571427,3116.8333333333335,0.4580433732855248,False,2018,5,1482,-10.0,3111.0,3121.0,3070.0,-5.833333333333485,3069.5
2018-05-07,3126,0.48216007714561027,3107.0,3118.733333333333,0.4646213559811954,False,2018,5,1482,22.0,3111.0,3104.0,3069.0,7.266666666666879,3070.5555555555557
2018-05-08,3123,-0.09596928982725794,3111.5714285714284,3120.5333333333333,0.46539554748031836,False,2018,5,1482,32.0,3126.0,3091.0,3069.0,2.466666666666697,3071.811111111111
2018-05-09,3130,0.22414345180916673,3116.8571428571427,3122.3333333333335,0.4653467512004118,False,2018,5,1482,37.0,3123.0,3093.0,3076.0,7.666666666666515,3073.311111111111
2018-05-10,3136,0.191693290734829,3121.285714285714,3124.0,0.46335008262881594,False,2018,5,1482,31.0,3130.0,3105.0,3086.0,12.0,3074.8888888888887
2018-05-11,3153,0.5420918367347038,3127.1428571428573,3124.6,0.37492996649892435,False,2018,5,1482,41.0,3136.0,3112.0,3135.0,28.40000000000009,3076.5777777777776
2018-05-12,3152,-0.03171582619727609,3133.0,3126.3,0.3119922197664453,False,2018,5,1482,41.0,3153.0,3111.0,3101.0,25.699999999999818,3078.2555555555555
2018-05-13,3152,0.0,3138.8571428571427,3127.6666666666665,0.3079834334727461,False,2018,5,1482,41.0,3152.0,3111.0,3111.0,24.333333333333485,3079.811111111111
2018-05-14,3149,-0.09517766497462166,3142.1428571428573,3128.9,0.3090295083222722,False,2018,5,1482,23.0,3152.0,3126.0,3112.0,20.09999999999991,3081.266666666667
2018-05-15,3117,-1.0161956176564013,3141.285714285714,3129.0666666666666,0.36430071062095565,False,2018,5,1482,-6.0,3149.0,3123.0,3112.0,-12.066666666666606,3082.2
2018-05-16,3100,-0.5453962143086355,3137.0,3128.0666666666666,0.36117685241923253,False,2018,5,1482,-30.0,3117.0,3130.0,3130.0,-28.066666666666606,3082.6666666666665
2018-05-17,3098,-0.0645161290322549,3131.5714285714284,3126.7,0.356138718632924,False,2018,5,1482,-38.0,3100.0,3136.0,3139.0,-28.699999999999818,3082.8888888888887
2018-05-18,3108,0.32278889606196515,3125.1428571428573,3125.1666666666665,0.34937639205871235,False,2018,5,1482,-45.0,3098.0,3153.0,3154.0,-17.166666666666515,3083.2
2018-05-19,3109,0.03217503217503026,3119.0,3123.4666666666667,0.3468366653708373,False,2018,5,1482,-43.0,3108.0,3152.0,3160.0,-14.466666666666697,3083.5222222222224
2018-05-20,3109,0.0,3112.8571428571427,3122.3,0.3362048671485851,False,2018,5,1482,-43.0,3109.0,3152.0,3144.0,-13.300000000000182,3083.8888888888887
2018-05-21,3112,0.09649404953360197,3107.5714285714284,3121.266666666667,0.33708493876575324,False,2018,5,1482,-37.0,3109.0,3149.0,3143.0,-9.266666666666879,3084.3333333333335
2018-05-22,3111,-0.03213367609254947,3106.714285714286,3120.2,0.33702920533350766,False,2018,5,1482,-6.0,3112.0,3117.0,3143.0,-9.199999999999818,3085.0
2018-05-23,3119,0.2571520411443373,3109.4285714285716,3119.9,0.330294497505731,False,2018,5,1482,19.0,3111.0,3100.0,3128.0,-0.900000000000091,3085.788888888889
2018-05-24,3148,0.929785187560106,3116.5714285714284,3120.2,0.36690345039878436,False,2018,5,1482,50.0,3119.0,3098.0,3139.0,27.800000000000182,3086.9333333333334
2018-05-25,3118,-0.9529860228716602,3118.0,3119.5,0.40689180268255715,False,2018,5,1482,10.0,3148.0,3108.0,3139.0,-1.5,3087.677777777778
2018-05-26,3119,0.03207184092366422,3119.4285714285716,3119.3,0.3989808066470155,False,2018,5,1482,10.0,3118.0,3109.0,3125.0,-0.3000000000001819,3088.4333333333334
2018-05-27,3119,0.0,3120.8571428571427,3119.233333333333,0.398310975094882,False,2018,5,1482,10.0,3119.0,3109.0,3121.0,-0.23333333333312112,3089.133333333333
2018-05-28,3097,-0.7053542802180179,3118.714285714286,3118.4333333333334,0.4185322073904004,False,2018,5,1482,-15.0,3119.0,3112.0,3121.0,-21.433333333333394,3089.688888888889
2018-05-29,3118,0.6780755569906427,3119.714285714286,3118.3333333333335,0.43778868304936697,False,2018,5,1482,7.0,3097.0,3111.0,3121.0,-0.3333333333334849,3090.6
2018-05-30,3104,-0.4490057729313657,3117.5714285714284,3118.3333333333335,0.43403284741067916,False,2018,5,1482,-15.0,3118.0,3119.0,3104.0,-14.333333333333485,3091.5444444444443
2018-05-31,3087,-0.5476804123711321,3108.8571428571427,3118.2,0.43893996952732683,False,2018,5,1482,-61.0,3104.0,3148.0,3091.0,-31.199999999999818,3091.9555555555557
2018-06-01,3055,-1.0366051182377767,3099.8571428571427,3116.9333333333334,0.47741623525729504,False,2018,6,1482,-63.0,3087.0,3118.0,3093.0,-61.933333333333394,3092.0666666666666
2018-06-02,3055,0.0,3090.714285714286,3115.266666666667,0.4706272554746799,False,2018,6,1482,-64.0,3055.0,3119.0,3105.0,-60.26666666666688,3092.177777777778
2018-06-03,3055,0.0,3081.5714285714284,3113.366666666667,0.46781896276545326,False,2018,6,1482,-64.0,3055.0,3119.0,3112.0,-58.36666666666679,3092.3888888888887
2018-06-04,3060,0.16366612111293755,3076.285714285714,3111.6666666666665,0.46959141904408774,False,2018,6,1482,-37.0,3055.0,3097.0,3111.0,-51.666666666666515,3092.4
2018-06-05,3068,0.2614379084967311,3069.1428571428573,3110.233333333333,0.47304156402868613,False,2018,6,1482,-50.0,3060.0,3118.0,3111.0,-42.23333333333312,3092.6444444444446
2018-06-06,3085,0.5541069100391205,3066.4285714285716,3108.866666666667,0.47598113868428826,False,2018,6,1482,-19.0,3068.0,3104.0,3126.0,-23.866666666666788,3093.1
2018-06-07,3119,1.1021069692058294,3071.0,3108.733333333333,0.5196340216834675,False,2018,6,1482,32.0,3085.0,3087.0,3123.0,10.266666666666879,3093.9777777777776
2018-06-08,3122,0.09618467457519486,3080.5714285714284,3108.4666666666667,0.5182288261021896,False,2018,6,1482,67.0,3119.0,3055.0,3130.0,13.533333333333303,3094.8888888888887
2018-06-09,3122,0.0,3090.1428571428573,3108.0,0.5168715182350061,False,2018,6,1482,67.0,3122.0,3055.0,3136.0,14.0,3095.8
2018-06-10,3122,0.0,3099.714285714286,3106.9666666666667,0.5061382582589921,False,2018,6,1482,67.0,3122.0,3055.0,3153.0,15.033333333333303,3096.8
2018-06-11,3122,0.0,3108.5714285714284,3105.9666666666667,0.5061713260770069,False,2018,6,1482,62.0,3122.0,3060.0,3152.0,16.033333333333303,3097.733333333333
2018-06-12,3116,-0.1921844971172315,3115.4285714285716,3104.766666666667,0.5069857533993614,False,2018,6,1482,48.0,3122.0,3068.0,3152.0,11.233333333333121,3098.5666666666666
2018-06-13,3114,-0.06418485237483784,3119.5714285714284,3103.6,0.5068947685996408,False,2018,6,1482,29.0,3116.0,3085.0,3149.0,10.400000000000091,3099.4777777777776
2018-06-14,3139,0.8028259473346289,3122.4285714285716,3104.3333333333335,0.49423928652997784,False,2018,6,1482,20.0,3114.0,3119.0,3117.0,34.666666666666515,3100.766666666667
2018-06-15,3101,-1.210576616756931,3119.4285714285716,3104.366666666667,0.5340139157360035,True,2018,6,1482,-21.0,3139.0,3122.0,3100.0,-3.366666666666788,3101.6444444444446
2018-06-16,3101,0.0,3116.4285714285716,3104.4666666666667,0.5338648021149525,False,2018,6,1482,-21.0,3101.0,3122.0,3098.0,-3.466666666666697,3102.5222222222224
2018-06-17,3101,0.0,3113.4285714285716,3104.233333333333,0.530472935355238,False,2018,6,1482,-21.0,3101.0,3122.0,3108.0,-3.233333333333121,3103.1666666666665
2018-06-18,3099,-0.06449532408900893,3110.1428571428573,3103.9,0.5305256843615499,False,2018,6,1482,-23.0,3101.0,3122.0,3109.0,-4.900000000000091,3103.9777777777776
2018-06-19,3088,-0.3549532107131381,3106.1428571428573,3103.2,0.5342543326307849,False,2018,6,1482,-28.0,3099.0,3116.0,3109.0,-15.199999999999818,3104.4555555555557
2018-06-20,3077,-0.35621761658031215,3100.8571428571427,3102.0333333333333,0.5372005585208377,False,2018,6,1482,-37.0,3088.0,3114.0,3112.0,-25.033333333333303,3104.766666666667
2018-06-21,3062,-0.4874878128046767,3089.8571428571427,3100.4,0.5434751319425708,False,2018,6,1482,-77.0,3077.0,3139.0,3111.0,-38.40000000000009,3104.4666666666667
2018-06-22,3062,0.0,3084.285714285714,3098.5,0.5404590949438695,False,2018,6,1482,-39.0,3062.0,3101.0,3119.0,-36.5,3104.1444444444446
2018-06-23,3061,-0.03265839320705233,3078.5714285714284,3095.6,0.5072198352612056,False,2018,6,1482,-40.0,3062.0,3101.0,3148.0,-34.59999999999991,3103.811111111111
2018-06-24,3061,0.0,3072.8571428571427,3093.7,0.48058979089289944,False,2018,6,1482,-40.0,3061.0,3101.0,3118.0,-32.69999999999982,3103.4555555555557
2018-06-25,3065,0.1306762495916436,3068.0,3091.9,0.48157993630936535,False,2018,6,1482,-34.0,3061.0,3099.0,3119.0,-26.90000000000009,3103.3888888888887
2018-06-26,3055,-0.32626427406199365,3063.285714285714,3089.766666666667,0.4839248034640878,False,2018,6,1482,-33.0,3065.0,3088.0,3119.0,-34.76666666666688,3103.4222222222224
2018-06-27,3069,0.4582651391161985,3062.1428571428573,3088.8333333333335,0.4776669069451567,False,2018,6,1482,-8.0,3055.0,3077.0,3097.0,-19.833333333333485,3103.722222222222
2018-06-28,3049,-0.6516780710329129,3060.285714285714,3086.5333333333333,0.47143196167393414,False,2018,6,1482,-13.0,3069.0,3062.0,3118.0,-37.5333333333333,3103.811111111111
2018-06-29,3043,-0.19678583142014316,3057.5714285714284,3084.5,0.4667297963287144,False,2018,6,1482,-19.0,3049.0,3062.0,3104.0,-41.5,3103.8333333333335
2018-06-30,3043,0.0,3055.0,3083.0333333333333,0.4578285289683875,False,2018,6,1482,-18.0,3043.0,3061.0,3087.0,-40.0333333333333,3103.8555555555554
2018-07-01,3043,0.0,3052.4285714285716,3082.633333333333,0.41793071568222767,False,2018,7,1482,-18.0,3043.0,3061.0,3055.0,-39.63333333333321,3103.266666666667
2018-07-02,3029,-0.46007229707525354,3047.285714285714,3081.766666666667,0.4258311802554276,False,2018,7,1482,-36.0,3043.0,3065.0,3055.0,-52.76666666666688,3102.8777777777777
2018-07-03,3050,0.6932981181908326,3046.5714285714284,3081.6,0.4457290517999599,False,2018,7,1482,-5.0,3029.0,3055.0,3055.0,-31.59999999999991,3102.633333333333
2018-07-04,3062,0.39344262295082366,3045.5714285714284,3081.6666666666665,0.45066524307775363,False,2018,7,1482,-7.0,3050.0,3069.0,3060.0,-19.666666666666515,3102.9333333333334
2018-07-05,3064,0.06531678641410466,3047.714285714286,3081.5333333333333,0.4482052086747103,False,2018,7,1482,15.0,3062.0,3049.0,3068.0,-17.533333333333303,3102.866666666667
2018-07-06,3056,-0.26109660574412663,3049.5714285714284,3080.5666666666666,0.4378327178951566,False,2018,7,1482,13.0,3064.0,3043.0,3085.0,-24.566666666666606,3102.722222222222
2018-07-07,3056,0.0,3051.4285714285716,3078.4666666666667,0.38222388363189164,False,2018,7,1482,13.0,3056.0,3043.0,3119.0,-22.466666666666697,3102.5777777777776
2018-07-08,3056,0.0,3053.285714285714,3076.266666666667,0.3812074174428922,False,2018,7,1482,13.0,3056.0,3043.0,3122.0,-20.26666666666688,3102.3555555555554
2018-07-09,3062,0.19633507853402676,3058.0,3074.266666666667,0.38413347778589807,False,2018,7,1482,33.0,3056.0,3029.0,3122.0,-12.266666666666879,3102.088888888889
2018-07-10,3053,-0.29392553886349315,3058.4285714285716,3071.9666666666667,0.38618902054495574,False,2018,7,1482,3.0,3062.0,3050.0,3122.0,-18.966666666666697,3101.177777777778
2018-07-11,3030,-0.7533573534228677,3053.8571428571427,3068.9,0.4052512904835659,False,2018,7,1482,-32.0,3053.0,3062.0,3122.0,-38.90000000000009,3100.3888888888887
2018-07-12,3015,-0.4950495049504955,3046.8571428571427,3065.5333333333333,0.41138241166098655,False,2018,7,1482,-49.0,3030.0,3064.0,3116.0,-50.5333333333333,3099.322222222222
2018-07-13,3010,-0.16583747927031434,3040.285714285714,3062.0666666666666,0.41141957874775237,False,2018,7,1482,-46.0,3015.0,3056.0,3114.0,-52.066666666666606,3098.188888888889
2018-07-14,3011,0.033222591362136455,3033.8571428571427,3057.8,0.37474717353121617,False,2018,7,1482,-45.0,3010.0,3056.0,3139.0,-46.80000000000018,3097.0666666666666
2018-07-15,3011,0.0,3027.4285714285716,3054.8,0.31581276085085364,False,2018,7,1482,-45.0,3011.0,3056.0,3101.0,-43.80000000000018,3095.7444444444445
2018-07-16,3009,-0.06642311524410749,3019.8571428571427,3051.733333333333,0.3153370725675761,False,2018,7,1482,-53.0,3011.0,3062.0,3101.0,-42.73333333333312,3094.3
2018-07-17,2974,-1.1631771352608844,3008.5714285714284,3047.5,0.3694946573580027,True,2018,7,1482,-79.0,3009.0,3053.0,3101.0,-73.5,3092.3
2018-07-18,2976,0.06724949562877391,3000.8571428571427,3043.4,0.3711851854227721,False,2018,7,1482,-54.0,2974.0,3030.0,3099.0,-67.40000000000009,3090.2555555555555
2018-07-19,2988,0.40322580645162365,2997.0,3040.0666666666666,0.3813120588908549,False,2018,7,1482,-27.0,2976.0,3015.0,3088.0,-52.066666666666606,3088.5222222222224
2018-07-20,2990,0.0669344042838027,2994.1428571428573,3037.1666666666665,0.3796735096487279,False,2018,7,1482,-20.0,2988.0,3010.0,3077.0,-47.166666666666515,3086.822222222222
2018-07-21,2990,0.0,2991.1428571428573,3034.766666666667,0.37265723904598624,False,2018,7,1482,-21.0,2990.0,3011.0,3062.0,-44.76666666666688,3085.1222222222223
2018-07-22,2990,0.0,2988.1428571428573,3032.366666666667,0.37265723904598624,False,2018,7,1482,-21.0,2990.0,3011.0,3062.0,-42.36666666666679,3083.588888888889
2018-07-23,2986,-0.13377926421405117,2984.8571428571427,3029.866666666667,0.37268457434274704,False,2018,7,1482,-23.0,2990.0,3009.0,3061.0,-43.86666666666679,3081.8888888888887
2018-07-24,2984,-0.06697923643670389,2986.285714285714,3027.3,0.3723770044811426,False,2018,7,1482,10.0,2986.0,2974.0,3061.0,-43.30000000000018,3080.1666666666665
2018-07-25,2992,0.2680965147453085,2988.5714285714284,3024.866666666667,0.37593974817148706,False,2018,7,1482,16.0,2984.0,2976.0,3065.0,-32.86666666666679,3078.688888888889
2018-07-26,2978,-0.4679144385026701,2987.1428571428573,3022.3,0.3800116302109578,False,2018,7,1482,-10.0,2992.0,2988.0,3055.0,-44.30000000000018,3077.1
2018-07-27,2978,0.0,2985.4285714285716,3019.266666666667,0.36641478531802246,False,2018,7,1482,-12.0,2978.0,2990.0,3069.0,-41.26666666666688,3075.511111111111
2018-07-28,2977,-0.0335795836131636,2983.5714285714284,3016.866666666667,0.3513720409006847,False,2018,7,1482,-13.0,2978.0,2990.0,3049.0,-39.86666666666679,3073.911111111111
2018-07-29,2977,0.0,2981.714285714286,3014.6666666666665,0.3509344632762488,False,2018,7,1482,-13.0,2977.0,2990.0,3043.0,-37.666666666666515,3072.5
2018-07-30,2974,-0.10077258985555781,2980.0,3012.366666666667,0.35069909296771845,False,2018,7,1482,-12.0,2977.0,2986.0,3043.0,-38.36666666666679,3071.2
2018-07-31,2971,-0.10087424344317197,2978.1428571428573,3009.9666666666667,0.35043047339108674,False,2018,7,1482,-13.0,2974.0,2984.0,3043.0,-38.9666666666667,3069.8444444444444
2018-08-01,2946,-0.8414675193537557,2971.5714285714284,3007.2,0.371037246051585,False,2018,8,1482,-46.0,2971.0,2992.0,3029.0,-61.19999999999982,3068.0777777777776
2018-08-02,2945,-0.033944331296675845,2966.8571428571427,3003.7,0.3404651205089487,False,2018,8,1482,-33.0,2946.0,2978.0,3050.0,-58.69999999999982,3066.222222222222
2018-08-03,2948,0.10186757215620013,2962.5714285714284,2999.9,0.3293983244927812,False,2018,8,1482,-30.0,2945.0,2978.0,3062.0,-51.90000000000009,3064.411111111111
2018-08-04,2948,0.0,2958.4285714285716,2996.0333333333333,0.3283051477412758,False,2018,8,1482,-29.0,2948.0,2977.0,3064.0,-48.0333333333333,3062.6
2018-08-05,2948,0.0,2954.285714285714,2992.4333333333334,0.32811701234799967,False,2018,8,1482,-29.0,2948.0,2977.0,3056.0,-44.433333333333394,3060.6222222222223
2018-08-06,2949,0.03392130257802162,2950.714285714286,2988.866666666667,0.32860053113051235,False,2018,8,1482,-25.0,2948.0,2974.0,3056.0,-39.86666666666679,3058.688888888889
2018-08-07,2949,0.0,2947.5714285714284,2985.3,0.32860053113051235,False,2018,8,1482,-22.0,2949.0,2971.0,3056.0,-36.30000000000018,3056.677777777778
2018-08-08,2949,0.0,2948.0,2981.5333333333333,0.3240435251696567,False,2018,8,1482,3.0,2949.0,2946.0,3062.0,-32.5333333333333,3054.6
2018-08-09,2949,0.0,2948.5714285714284,2978.0666666666666,0.32319449070749057,False,2018,8,1482,4.0,2949.0,2945.0,3053.0,-29.066666666666606,3052.3333333333335
2018-08-10,2978,0.9833841980332325,2952.8571428571427,2976.3333333333335,0.3585138560374117,False,2018,8,1482,30.0,2949.0,2948.0,3030.0,1.666666666666515,3050.4
2018-08-11,2979,0.0335795836131636,2957.285714285714,2975.133333333333,0.34911229976371666,False,2018,8,1482,31.0,2978.0,2948.0,3015.0,3.866666666666788,3048.4777777777776
2018-08-12,2979,0.0,2961.714285714286,2974.1,0.3483540479334498,False,2018,8,1482,31.0,2979.0,2948.0,3010.0,4.900000000000091,3046.588888888889
2018-08-13,2982,0.10070493454179541,2966.4285714285716,2973.133333333333,0.34901975656240974,False,2018,8,1482,33.0,2979.0,2949.0,3011.0,8.866666666666788,3045.088888888889
2018-08-14,2980,-0.06706908115359234,2970.8571428571427,2972.1,0.3490247382234787,False,2018,8,1482,31.0,2982.0,2949.0,3011.0,7.900000000000091,3043.7555555555555
2018-08-15,2973,-0.23489932885906173,2974.285714285714,2970.9,0.350916357900668,False,2018,8,1482,24.0,2980.0,2949.0,3009.0,2.099999999999909,3042.366666666667
2018-08-16,2942,-1.0427177934746013,2973.285714285714,2969.8333333333335,0.3380696893423605,False,2018,8,1482,-7.0,2973.0,2949.0,2974.0,-27.833333333333485,3040.5222222222224
2018-08-17,2940,-0.06798096532970588,2967.8571428571427,2968.633333333333,0.33755357205201475,False,2018,8,1482,-38.0,2942.0,2978.0,2976.0,-28.633333333333212,3038.6444444444446
2018-08-18,2935,-0.170068027210879,2961.5714285714284,2966.866666666667,0.32767903570571427,False,2018,8,1482,-44.0,2940.0,2979.0,2988.0,-31.866666666666788,3036.711111111111
2018-08-19,2935,0.0,2955.285714285714,2965.0333333333333,0.3270183624372246,False,2018,8,1482,-44.0,2935.0,2979.0,2990.0,-30.033333333333303,3034.7444444444445
2018-08-20,2946,0.37478705281090985,2950.1428571428573,2963.5666666666666,0.3364653288385006,False,2018,8,1482,-36.0,2935.0,2982.0,2990.0,-17.566666666666606,3032.911111111111
2018-08-21,2958,0.40733197556008793,2947.0,2962.5,0.3465718420333117,False,2018,8,1482,-22.0,2946.0,2980.0,2990.0,-4.5,3031.1222222222223
2018-08-22,2970,0.40567951318457585,2946.5714285714284,2961.9666666666667,0.35517314423197804,False,2018,8,1482,-3.0,2958.0,2973.0,2986.0,8.033333333333303,3029.1444444444446
2018-08-23,2964,-0.20202020202020332,2949.714285714286,2961.3,0.3566770652165039,False,2018,8,1482,22.0,2970.0,2942.0,2984.0,2.699999999999818,3027.4333333333334
2018-08-24,2980,0.5398110661268607,2955.4285714285716,2960.9,0.3675755878279641,False,2018,8,1482,40.0,2964.0,2940.0,2992.0,19.09999999999991,3025.8888888888887
2018-08-25,2989,0.30201342281879207,2963.1428571428573,2961.266666666667,0.3615279350672855,False,2018,8,1482,54.0,2980.0,2935.0,2978.0,27.73333333333312,3024.4444444444443
2018-08-26,2989,0.0,2970.8571428571427,2961.633333333333,0.3615279350672855,False,2018,8,1482,54.0,2989.0,2935.0,2978.0,27.366666666666788,3023.2444444444445
2018-08-27,3005,0.5352960856473743,2979.285714285714,2962.5666666666666,0.3737182663448498,False,2018,8,1482,59.0,2989.0,2946.0,2977.0,42.433333333333394,3021.988888888889
2018-08-28,3007,0.0665557404326167,2986.285714285714,2963.5666666666666,0.3737200054088278,False,2018,8,1482,49.0,3005.0,2958.0,2977.0,43.433333333333394,3020.911111111111
2018-08-29,3010,0.09976720984370413,2992.0,2964.766666666667,0.3730171520024704,False,2018,8,1482,40.0,3007.0,2970.0,2974.0,45.23333333333312,3020.0555555555557
2018-08-30,3023,0.4318936877076407,3000.4285714285716,2966.5,0.37867944357286,False,2018,8,1482,59.0,3010.0,2964.0,2971.0,56.5,3019.7
2018-08-31,3031,0.26463777704266445,3007.714285714286,2969.3333333333335,0.339888891448932,False,2018,8,1482,51.0,3023.0,2980.0,2946.0,61.666666666666515,3019.4333333333334
2018-09-01,3014,-0.5608709996700711,3011.285714285714,2971.633333333333,0.35983399315293746,False,2018,9,1482,25.0,3031.0,2989.0,2945.0,42.36666666666679,3018.9777777777776
2018-09-02,3014,0.0,3014.8571428571427,2973.8333333333335,0.360080123558583,False,2018,9,1482,25.0,3014.0,2989.0,2948.0,40.166666666666515,3018.4666666666667
2018-09-03,3024,0.33178500331785266,3017.5714285714284,2976.366666666667,0.36279931973753843,False,2018,9,1482,19.0,3014.0,3005.0,2948.0,47.63333333333321,3017.9777777777776
2018-09-04,3025,0.03306878306879035,3020.1428571428573,2978.9333333333334,0.36258070329002934,False,2018,9,1482,18.0,3024.0,3007.0,2948.0,46.066666666666606,3017.311111111111
2018-09-05,3034,0.2975206611570247,3023.5714285714284,2981.766666666667,0.36444876499542245,False,2018,9,1482,24.0,3025.0,3010.0,2949.0,52.23333333333312,3016.366666666667
2018-09-06,3066,1.054713249835193,3029.714285714286,2985.6666666666665,0.4036877792187445,False,2018,9,1482,43.0,3034.0,3023.0,2949.0,80.33333333333348,3015.7444444444445
2018-09-07,3042,-0.7827788649706457,3031.285714285714,2988.766666666667,0.43639089893552074,False,2018,9,1482,11.0,3066.0,3031.0,2949.0,53.23333333333312,3014.8555555555554
2018-09-08,3051,0.2958579881656709,3036.5714285714284,2992.1666666666665,0.43729066503944963,False,2018,9,1482,37.0,3042.0,3014.0,2949.0,58.833333333333485,3014.0666666666666
2018-09-09,3051,0.0,3041.8571428571427,2994.6,0.40560969007122555,False,2018,9,1482,37.0,3051.0,3014.0,2978.0,56.40000000000009,3013.277777777778
2018-09-10,3066,0.4916420845624492,3047.8571428571427,2997.5,0.4123078322607328,False,2018,9,1482,42.0,3051.0,3024.0,2979.0,68.5,3012.722222222222
2018-09-11,3072,0.1956947162426559,3054.5714285714284,3000.6,0.41227123069069227,False,2018,9,1482,47.0,3066.0,3025.0,2979.0,71.40000000000009,3012.2555555555555
2018-09-12,3047,-0.813802083333337,3056.4285714285716,3002.766666666667,0.44498485736328947,False,2018,9,1482,13.0,3072.0,3034.0,2982.0,44.23333333333312,3011.233333333333
2018-09-13,3050,0.09845749917951618,3054.1428571428573,3005.1,0.44421552010203885,False,2018,9,1482,-16.0,3047.0,3066.0,2980.0,44.90000000000009,3010.6666666666665
2018-09-14,3061,0.360655737704918,3056.8571428571427,3008.0333333333333,0.4430384585253097,False,2018,9,1482,19.0,3050.0,3042.0,2973.0,52.9666666666667,3010.222222222222
2018-09-15,3043,-0.5880431231623628,3055.714285714286,3011.4,0.4091423426891766,False,2018,9,1482,-8.0,3061.0,3051.0,2942.0,31.59999999999991,3009.5777777777776
2018-09-16,3043,0.0,3054.5714285714284,3014.8333333333335,0.4082905696814032,False,2018,9,1482,-8.0,3043.0,3051.0,2940.0,28.166666666666515,3008.9555555555557
2018-09-17,3076,1.0844561288202437,3056.0,3019.5333333333333,0.4409557330286791,False,2018,9,1482,10.0,3043.0,3066.0,2935.0,56.4666666666667,3008.822222222222
2018-09-18,3086,0.32509752925877766,3058.0,3024.5666666666666,0.44094709268990373,False,2018,9,1482,14.0,3076.0,3072.0,2935.0,61.433333333333394,3008.9222222222224
2018-09-19,3092,0.19442644199612058,3064.4285714285716,3029.4333333333334,0.43926112220687497,False,2018,9,1482,45.0,3086.0,3047.0,2946.0,62.566666666666606,3009.2555555555555
2018-09-20,3060,-1.0349288486416586,3065.8571428571427,3032.8333333333335,0.4877649236001242,False,2018,9,1482,10.0,3092.0,3050.0,2958.0,27.166666666666515,3009.233333333333
2018-09-21,3058,-0.06535947712418277,3065.4285714285716,3035.766666666667,0.48563601324150835,False,2018,9,1482,-3.0,3060.0,3061.0,2970.0,22.23333333333312,3009.2
2018-09-22,3057,-0.03270111183780733,3067.4285714285716,3038.866666666667,0.48299951147804165,False,2018,9,1482,14.0,3058.0,3043.0,2964.0,18.133333333333212,3009.1555555555556
2018-09-23,3057,0.0,3069.4285714285716,3041.4333333333334,0.4762176391496432,False,2018,9,1482,14.0,3057.0,3043.0,2980.0,15.566666666666606,3009.0666666666666
2018-09-24,3084,0.8832188420019538,3070.5714285714284,3044.6,0.4966839754197947,False,2018,9,1482,8.0,3057.0,3076.0,2989.0,39.40000000000009,3009.3888888888887
2018-09-25,3083,-0.03242542153047978,3070.1428571428573,3047.733333333333,0.4969567740119308,False,2018,9,1482,-3.0,3084.0,3086.0,2989.0,35.26666666666688,3009.5444444444443
2018-09-26,3060,-0.7460265974699953,3065.5714285714284,3049.5666666666666,0.5134400374926493,False,2018,9,1482,-32.0,3083.0,3092.0,3005.0,10.433333333333394,3009.6666666666665
2018-09-27,3033,-0.8823529411764675,3061.714285714286,3050.4333333333334,0.541590674332485,False,2018,9,1482,-27.0,3060.0,3060.0,3007.0,-17.433333333333394,3009.5555555555557
2018-09-28,3050,0.5605011539729698,3060.5714285714284,3051.766666666667,0.5500993876983045,False,2018,9,1482,-8.0,3033.0,3058.0,3010.0,-1.7666666666668789,3009.633333333333
2018-09-29,3051,0.03278688524590567,3059.714285714286,3052.7,0.5452365869040144,False,2018,9,1482,-6.0,3050.0,3057.0,3023.0,-1.699999999999818,3009.722222222222
2018-09-30,3051,0.0,3058.8571428571427,3053.366666666667,0.543483865501682,False,2018,9,1482,-6.0,3051.0,3057.0,3031.0,-2.366666666666788,3009.9666666666667
2018-10-01,3057,0.1966568338249708,3055.0,3054.8,0.5328988628495841,False,2018,10,1482,-27.0,3051.0,3084.0,3014.0,2.199999999999818,3010.0444444444443
2018-10-02,3059,0.06542361792607476,3051.5714285714284,3056.3,0.5328269633671423,False,2018,10,1482,-24.0,3057.0,3083.0,3014.0,2.699999999999818,3010.011111111111
2018-10-03,3100,1.3403072899640378,3057.285714285714,3058.8333333333335,0.5808209350373091,True,2018,10,1482,40.0,3059.0,3060.0,3024.0,41.166666666666515,3010.411111111111
2018-10-04,3100,0.0,3066.8571428571427,3061.3333333333335,0.5809530802197582,False,2018,10,1482,67.0,3100.0,3033.0,3025.0,38.666666666666515,3010.9
2018-10-05,3105,0.1612903225806539,3074.714285714286,3063.7,0.579752067100142,False,2018,10,1482,55.0,3100.0,3050.0,3034.0,41.30000000000018,3011.4444444444443
2018-10-06,3165,1.9323671497584627,3091.0,3067.0,0.6487378207406983,True,2018,10,1482,114.0,3105.0,3051.0,3066.0,98.0,3012.6555555555556
2018-10-07,3165,0.0,3107.285714285714,3071.1,0.6270536546318554,False,2018,10,1482,114.0,3165.0,3051.0,3042.0,93.90000000000009,3013.8
2018-10-08,3122,-1.3586097946287512,3116.5714285714284,3073.4666666666667,0.6826290247679236,True,2018,10,1482,65.0,3165.0,3057.0,3051.0,48.5333333333333,3014.5666666666666
2018-10-09,3127,0.16015374759770218,3126.285714285714,3076.0,0.6826164840420059,False,2018,10,1482,68.0,3122.0,3059.0,3051.0,51.0,3015.6444444444446
2018-10-10,3138,0.35177486408697334,3131.714285714286,3078.4,0.6802118012223111,False,2018,10,1482,38.0,3127.0,3100.0,3066.0,59.59999999999991,3017.011111111111
2018-10-11,3200,1.9757807520713877,3146.0,3082.6666666666665,0.7632560398648071,True,2018,10,1482,100.0,3138.0,3100.0,3072.0,117.33333333333348,3019.1222222222223
2018-10-12,3182,-0.5624999999999991,3157.0,3087.1666666666665,0.7537587198735645,False,2018,10,1482,77.0,3200.0,3105.0,3047.0,94.83333333333348,3021.0222222222224
2018-10-13,3184,0.06285355122563896,3159.714285714286,3091.633333333333,0.7538663726071677,False,2018,10,1482,19.0,3182.0,3165.0,3050.0,92.36666666666679,3022.9444444444443
2018-10-14,3184,0.0,3162.4285714285716,3095.733333333333,0.7532032601448208,False,2018,10,1482,19.0,3184.0,3165.0,3061.0,88.26666666666688,3024.8888888888887
2018-10-15,3207,0.7223618090452355,3174.5714285714284,3101.2,0.7478558240346811,False,2018,10,1482,85.0,3184.0,3122.0,3043.0,105.80000000000018,3027.4777777777776
2018-10-16,3187,-0.6236357966947326,3183.1428571428573,3106.0,0.7615118151870872,False,2018,10,1482,60.0,3207.0,3127.0,3043.0,81.0,3029.822222222222
2018-10-17,3187,0.0,3190.1428571428573,3109.7,0.7414442107672841,False,2018,10,1482,49.0,3187.0,3138.0,3076.0,77.30000000000018,3032.0333333333333
2018-10-18,3209,0.6903043614684634,3191.4285714285716,3113.8,0.747882942363947,False,2018,10,1482,9.0,3187.0,3200.0,3086.0,95.19999999999982,3034.4666666666667
2018-10-19,3191,-0.5609224057338769,3192.714285714286,3117.1,0.7583866416003606,False,2018,10,1482,9.0,3209.0,3182.0,3092.0,73.90000000000009,3036.7
2018-10-20,3191,0.0,3193.714285714286,3121.4666666666667,0.7275202968872645,False,2018,10,1482,7.0,3191.0,3184.0,3060.0,69.5333333333333,3038.9333333333334
2018-10-21,3191,0.0,3194.714285714286,3125.9,0.7269744180784821,False,2018,10,1482,7.0,3191.0,3184.0,3058.0,65.09999999999991,3041.211111111111
2018-10-22,3189,-0.06267627702915002,3192.1428571428573,3130.3,0.7272469904541662,False,2018,10,1482,-18.0,3191.0,3207.0,3057.0,58.69999999999982,3043.488888888889
2018-10-23,3207,0.5644402634054524,3195.0,3135.3,0.7306981700216726,False,2018,10,1482,20.0,3189.0,3187.0,3057.0,71.69999999999982,3045.8777777777777
2018-10-24,3191,-0.4989086373557883,3195.5714285714284,3138.866666666667,0.7272447436569307,False,2018,10,1482,4.0,3207.0,3187.0,3084.0,52.13333333333321,3048.2444444444445
2018-10-25,3185,-0.18802883108743895,3192.1428571428573,3142.266666666667,0.7288950477997006,False,2018,10,1482,-24.0,3191.0,3209.0,3083.0,42.73333333333312,3050.5444444444443
2018-10-26,3195,0.31397174254317317,3192.714285714286,3146.766666666667,0.7113940984100268,False,2018,10,1482,4.0,3185.0,3191.0,3060.0,48.23333333333312,3052.9666666666667
2018-10-27,3193,-0.062597809076681,3193.0,3152.1,0.6857977897007029,False,2018,10,1482,2.0,3195.0,3191.0,3033.0,40.90000000000009,3055.366666666667
2018-10-28,3193,0.0,3193.285714285714,3156.866666666667,0.6825257965017842,False,2018,10,1482,2.0,3193.0,3191.0,3050.0,36.13333333333321,3057.8
2018-10-29,3189,-0.12527403695583583,3193.285714285714,3161.4666666666667,0.6841106602666521,False,2018,10,1482,0.0,3193.0,3189.0,3051.0,27.533333333333303,3060.222222222222
2018-10-30,3183,-0.18814675446848783,3189.8571428571427,3165.866666666667,0.6863900857996251,False,2018,10,1482,-24.0,3189.0,3207.0,3051.0,17.133333333333212,3062.8555555555554
2018-10-31,3174,-0.2827521206409056,3187.4285714285716,3169.766666666667,0.6906782664839634,False,2018,10,1482,-17.0,3183.0,3191.0,3057.0,4.233333333333121,3065.4
2018-11-01,3187,0.4095778197857669,3187.714285714286,3174.0333333333333,0.6924663207299566,False,2018,11,1482,2.0,3174.0,3185.0,3059.0,12.966666666666697,3068.0555555555557
2018-11-02,3175,-0.3765296517100669,3184.8571428571427,3176.5333333333333,0.6599448429390469,False,2018,11,1482,-20.0,3187.0,3195.0,3100.0,-1.533333333333303,3070.5777777777776
2018-11-03,3176,0.03149606299213126,3182.4285714285716,3179.0666666666666,0.6598352520971503,False,2018,11,1482,-17.0,3175.0,3193.0,3100.0,-3.066666666666606,3073.1111111111113
2018-11-04,3176,0.0,3180.0,3181.4333333333334,0.6598312596533307,False,2018,11,1482,-17.0,3176.0,3193.0,3105.0,-5.433333333333394,3075.633333333333
2018-11-05,3173,-0.09445843828714828,3177.714285714286,3181.7,0.5594941490350994,False,2018,11,1482,-16.0,3176.0,3189.0,3165.0,-8.699999999999818,3078.1222222222223
2018-11-06,3165,-0.2521273242987676,3175.1428571428573,3181.7,0.5615382225579074,False,2018,11,1482,-18.0,3173.0,3183.0,3165.0,-16.699999999999818,3080.5222222222224
2018-11-07,3158,-0.2211690363349117,3172.8571428571427,3182.9,0.5017536739649495,False,2018,11,1482,-16.0,3165.0,3174.0,3122.0,-24.90000000000009,3082.8444444444444
2018-11-08,3139,-0.6016466117796049,3166.0,3183.3,0.5145473582297776,False,2018,11,1482,-48.0,3158.0,3187.0,3127.0,-44.30000000000018,3084.633333333333
2018-11-09,3101,-1.210576616756931,3155.4285714285716,3182.0666666666666,0.5565368752168417,True,2018,11,1482,-74.0,3139.0,3175.0,3138.0,-81.0666666666666,3085.988888888889
2018-11-10,3102,0.032247662044504466,3144.8571428571427,3178.8,0.40708491935286817,False,2018,11,1482,-74.0,3101.0,3176.0,3200.0,-76.80000000000018,3087.3555555555554
2018-11-11,3102,0.0,3134.285714285714,3176.133333333333,0.39803607663169194,False,2018,11,1482,-74.0,3102.0,3176.0,3182.0,-74.13333333333321,3088.688888888889
2018-11-12,3101,-0.03223726627982204,3124.0,3173.366666666667,0.3972034529880817,False,2018,11,1482,-72.0,3102.0,3173.0,3184.0,-72.36666666666679,3090.0333333333333
2018-11-13,3078,-0.7416962270235361,3111.5714285714284,3169.8333333333335,0.4143007232224731,False,2018,11,1482,-87.0,3101.0,3165.0,3184.0,-91.83333333333348,3091.2
2018-11-14,3073,-0.16244314489928247,3099.4285714285716,3165.366666666667,0.3831834170174304,False,2018,11,1482,-85.0,3078.0,3158.0,3207.0,-92.36666666666679,3092.6555555555556
2018-11-15,3079,0.1952489424015713,3090.8571428571427,3161.766666666667,0.3767640261466504,False,2018,11,1482,-60.0,3073.0,3139.0,3187.0,-82.76666666666688,3094.2
2018-11-16,3099,0.6495615459564785,3090.5714285714284,3158.8333333333335,0.40140963180967093,False,2018,11,1482,-2.0,3079.0,3101.0,3187.0,-59.833333333333485,3096.0222222222224
